StudentID,FeeAmount,PaidAmount,Status
101900,109210,100471,Partial
100629,133555,105935,Paid
105173,40036,87232,Paid
102192,97083,61293,Paid
109893,77123,111658,Paid
104957,122934,120877,Partial
104758,87667,103070,Paid
102562,51172,70045,Partial
102137,127822,42385,Paid
109252,136165,12707,Pending
104222,147223,33908,Partial
109805,112855,121136,Paid
107018,138289,118305,Paid
107306,57884,124357,Pending
101611,97143,77354,Pending
100963,100640,111543,Partial
107658,139055,139142,Partial
102980,96127,34268,Partial
104314,143566,90551,Paid
102691,127087,143980,Partial
101938,141752,104656,Partial
105319,98947,65536,Partial
103481,71699,68512,Paid
102005,116466,127267,Paid
100437,52652,98063,Partial
107795,122927,12232,Partial
104497,78132,144706,Partial
104680,75876,139178,Partial
100739,55095,124469,Pending
107008,133859,130968,Pending
107161,37980,76803,Partial
106377,140546,49996,Paid
101912,146887,27719,Pending
103706,65829,125588,Partial
102925,47245,58530,Partial
102255,69536,135989,Pending
105482,58331,125907,Paid
100856,118838,69628,Paid
109748,74377,26196,Pending
109896,115289,72547,Partial
105908,64628,69880,Paid
103030,134933,141984,Pending
105770,112466,136228,Paid
109075,90313,56429,Paid
101701,110958,29574,Paid
102717,72405,136888,Pending
106193,107615,42256,Pending
103419,105657,124278,Paid
101222,49791,10429,Paid
100002,143660,79432,Partial
102651,127982,138164,Pending
108436,114505,34370,Pending
100569,77499,74381,Paid
102022,116754,96212,Pending
104431,110132,34336,Paid
105247,135546,36457,Paid
104989,96804,28896,Partial
108744,95254,129936,Paid
108221,34287,134497,Paid
101886,32535,72891,Partial
100311,134903,19022,Paid
105487,141515,94572,Partial
109251,69113,109702,Partial
104481,112916,126141,Pending
109066,67235,111803,Paid
100986,32047,18476,Paid
102812,49979,101606,Paid
102584,46406,55089,Pending
106780,119713,17190,Paid
102458,137355,76143,Paid
108036,94409,79820,Partial
107625,119710,49821,Paid
108955,147624,146600,Partial
102203,144652,14712,Partial
107072,45510,117679,Partial
108151,146666,45787,Paid
109060,67504,111923,Partial
106563,40099,74712,Paid
106141,63386,27630,Pending
107262,143738,76054,Pending
109610,71206,51592,Pending
104538,54422,82029,Paid
105660,64269,41253,Pending
108939,78693,71619,Pending
102199,102531,73609,Paid
109190,105557,132457,Partial
103233,36730,86944,Pending
109263,40503,34780,Partial
100808,56250,113687,Pending
109423,55918,63764,Paid
100499,113617,48888,Pending
101524,60890,140147,Paid
104081,37009,109557,Paid
103007,53051,11539,Pending
105350,96883,54782,Pending
109883,119030,64310,Pending
109539,39787,104605,Paid
107466,92454,46475,Partial
109117,57122,22005,Pending
103225,68256,100331,Paid
102184,69565,22725,Paid
100091,148843,148451,Pending
101652,34543,93567,Paid
107534,34092,114823,Paid
106858,56407,10505,Partial
100475,95186,23174,Pending
105278,148085,28337,Paid
109475,40530,121913,Paid
102741,95307,145805,Paid
105242,119813,82704,Pending
108675,114916,29632,Paid
100083,119100,17097,Partial
102077,67033,76183,Paid
104115,70624,31562,Paid
102666,60710,82320,Pending
102054,119243,130149,Pending
103468,38842,90722,Paid
103993,73529,134948,Partial
105816,145647,69948,Paid
104523,112108,24128,Partial
100688,80655,41420,Pending
106326,49574,136703,Paid
109939,67953,26135,Pending
106780,149589,109114,Paid
106842,64618,111693,Pending
103996,46599,30139,Paid
100496,65575,139333,Paid
104311,77167,113679,Pending
106662,70938,144521,Paid
109303,48346,68414,Partial
102089,107122,39123,Pending
104120,130207,114590,Pending
107859,119061,12429,Pending
108355,124397,138813,Pending
103863,64681,30176,Pending
105158,42276,121589,Pending
101493,140902,57681,Paid
106628,146044,25517,Partial
105950,107466,44640,Paid
100029,92090,104292,Pending
108719,78471,135461,Partial
103334,145330,67155,Pending
101022,111130,35018,Pending
102865,146193,96110,Partial
102620,37346,135889,Paid
100824,55733,106098,Partial
107090,65971,134284,Partial
105407,116085,71225,Partial
108068,132014,90366,Pending
104103,89843,23759,Paid
105917,63467,89474,Pending
107898,81224,137854,Paid
109554,52927,122020,Partial
104949,85053,23720,Partial
104070,97666,137163,Partial
108459,81340,60685,Partial
106065,62758,100026,Paid
103990,149362,88604,Partial
107700,111712,110139,Partial
109098,88579,85032,Paid
101465,43039,42496,Paid
103005,98191,35840,Pending
108704,33419,82940,Paid
101932,44086,68274,Partial
105860,44314,146979,Paid
109497,117132,50754,Pending
105717,108210,145964,Partial
101670,130718,95052,Pending
109887,138528,90954,Partial
106866,52905,79236,Pending
104805,112805,93920,Paid
109647,125008,11127,Pending
105952,44530,148088,Paid
108304,122841,26583,Pending
102336,39821,142366,Pending
103973,65443,128674,Pending
109189,145957,139181,Paid
100475,93323,65787,Pending
105468,148084,51361,Paid
103765,133437,69034,Partial
109242,137828,59216,Paid
102754,59526,53240,Paid
101950,57471,99717,Pending
101669,128653,52960,Partial
103601,120745,116756,Partial
109838,86438,134834,Partial
103227,131765,109998,Paid
102417,73291,109468,Partial
106123,49495,58376,Paid
109806,44342,79943,Partial
101027,69006,38731,Pending
102675,92312,98350,Pending
107499,96444,63312,Pending
105551,55596,31022,Paid
104720,136482,104190,Pending
106963,86814,88361,Pending
105011,147327,37121,Pending
108398,84118,94462,Partial
106057,53091,129974,Partial
103595,72051,109106,Pending
101248,104935,93912,Paid
106364,47352,74466,Paid
107064,42812,98483,Pending
109860,102106,47848,Partial
104441,59081,40519,Pending
101393,145724,48777,Paid
108665,54323,64555,Paid
102603,148723,64981,Pending
101243,99282,108604,Pending
104921,133602,93956,Paid
108356,48921,81617,Partial
103365,38006,32157,Paid
102273,126949,75280,Partial
102561,94225,148852,Paid
100961,42238,55613,Partial
102454,133052,98625,Pending
108632,40115,21788,Partial
105894,102922,68532,Paid
105145,42519,99054,Paid
105462,35604,133899,Pending
107416,89032,79876,Pending
101562,84454,24857,Partial
109057,57518,114622,Paid
104622,149489,88461,Paid
102721,70568,69572,Partial
101647,33563,130739,Pending
109546,41096,110201,Pending
100327,98358,124655,Paid
109082,45826,118252,Partial
103967,61208,114638,Pending
103198,102210,75796,Partial
103866,99383,53209,Partial
105145,87247,13568,Partial
107616,106393,85844,Partial
107107,50603,22826,Paid
106442,61201,20596,Pending
109862,93454,34895,Pending
102338,122228,25065,Pending
104055,55768,123568,Partial
102141,41494,49195,Paid
103344,138236,21514,Partial
104037,121312,124384,Pending
103199,77044,136617,Partial
103571,53180,120921,Paid
108019,76692,82208,Partial
104506,116589,56065,Partial
107822,135520,98018,Pending
102047,141107,105116,Pending
109990,78144,14018,Pending
109972,66891,66281,Partial
102819,74303,83948,Paid
101258,87289,106984,Partial
102858,97380,72355,Pending
108516,31391,24053,Paid
104783,131014,30024,Pending
108765,43371,93396,Paid
101523,93186,52173,Pending
109359,35528,102339,Paid
104315,138476,101552,Paid
103542,130897,34550,Pending
107271,85904,132494,Pending
104876,136352,35848,Paid
104203,97178,124616,Paid
105870,90338,97514,Pending
100253,74731,25085,Paid
107255,75248,100322,Pending
101734,37615,39153,Partial
108110,41562,36262,Paid
103942,90558,33826,Partial
103142,51825,52238,Paid
107799,75322,102298,Pending
105857,79289,134620,Partial
106708,86779,88857,Partial
105027,30628,24100,Pending
108388,93642,92484,Partial
106533,132809,97899,Pending
107991,147011,118687,Partial
103300,93395,12666,Pending
109749,118161,35646,Pending
108301,49041,99990,Pending
107749,124648,25041,Pending
105792,105270,127660,Paid
108458,67352,12422,Pending
102802,127683,78787,Paid
107631,101979,137869,Pending
102645,131304,36157,Pending
108042,77459,56521,Paid
107444,128556,140907,Paid
106415,132297,107347,Pending
106265,141468,36127,Partial
103268,125406,31895,Pending
104789,144269,10217,Pending
100282,87063,61305,Paid
109054,89927,59925,Pending
107158,112639,24826,Pending
105297,38010,123371,Partial
102717,66385,61433,Pending
106377,42952,141680,Partial
108437,42572,72510,Pending
103952,58801,29361,Pending
107662,73446,143755,Paid
107557,145940,75050,Paid
105480,94021,50105,Pending
109411,69676,17681,Pending
107723,101147,71048,Partial
107166,37963,131650,Paid
104420,63067,142701,Pending
102369,72466,144496,Pending
104378,144808,25571,Pending
105790,42161,114114,Pending
106195,49866,50644,Pending
100912,68238,146740,Partial
101723,59631,100146,Partial
104811,85939,74698,Pending
101476,41421,136613,Partial
105666,30330,105874,Pending
100691,35325,128288,Paid
109118,146339,22617,Paid
102713,112529,140873,Pending
105999,34399,141070,Partial
105345,100291,18562,Pending
105571,141825,42571,Paid
108935,103282,21904,Pending
103420,46978,73377,Pending
104554,133498,35437,Paid
104173,84148,115098,Paid
108542,55321,41203,Paid
101937,32442,44431,Partial
102430,32408,29763,Partial
100455,123416,143583,Paid
106365,54023,138038,Pending
105503,70735,113678,Paid
100697,89427,59464,Pending
100967,107087,55680,Pending
109351,147275,12900,Paid
104754,119163,61732,Pending
102661,112954,39441,Partial
103960,64750,112039,Pending
103894,91661,27455,Partial
100866,73196,123989,Partial
100220,73850,48828,Paid
105474,114776,118105,Paid
105125,107580,51586,Paid
103985,36054,88980,Paid
107087,73496,104190,Paid
107133,69726,57078,Pending
100974,83305,33577,Pending
100470,147397,49015,Paid
103838,87978,123268,Pending
105693,33085,35791,Pending
103950,122815,32349,Paid
107813,58948,10374,Paid
102366,47266,57944,Pending
103728,52352,96734,Partial
109450,135417,87717,Pending
103651,142339,84381,Paid
101598,91415,124483,Pending
105136,73108,42796,Paid
104426,135031,52482,Pending
105275,98049,122188,Pending
108438,38266,147279,Pending
106951,83520,83885,Paid
104592,58846,90602,Partial
101043,149441,49775,Pending
106161,99534,52785,Partial
103671,81029,78528,Pending
106619,45941,130035,Paid
108699,89219,51342,Partial
107913,129569,146403,Pending
104580,134314,42591,Partial
102896,127718,58495,Paid
109071,145231,35424,Partial
109640,116966,54423,Partial
103876,100968,149628,Paid
108065,130250,22005,Pending
102190,124928,79804,Paid
101317,46145,83757,Paid
105991,79113,44300,Paid
108693,35872,108282,Pending
105919,65202,133454,Pending
108500,42653,68810,Pending
108091,39984,114872,Partial
103839,48886,57061,Paid
104728,84356,146159,Partial
109429,116689,94558,Pending
107195,47465,121928,Partial
101000,63335,113160,Partial
109103,31907,97261,Pending
106064,124327,85733,Partial
104384,68912,57689,Paid
109224,104723,52314,Paid
100028,51440,100067,Partial
100488,61161,37732,Partial
104551,125775,76835,Paid
109395,86325,144007,Partial
105480,48559,108649,Partial
105905,105270,55744,Partial
100624,132020,147808,Paid
107056,88210,64114,Pending
102262,128178,128397,Partial
102931,74343,110754,Partial
106991,118965,65624,Paid
103917,100869,24736,Partial
101917,66774,58302,Pending
109065,136602,43155,Partial
108702,32125,55836,Pending
108949,51011,109784,Pending
102438,70784,79703,Partial
101877,103547,114753,Pending
103843,123129,16628,Partial
106722,76041,98414,Paid
107352,97942,131243,Paid
108498,140565,34875,Partial
103600,76920,14868,Paid
102391,83221,52302,Partial
103881,85989,135131,Paid
101973,58665,57349,Pending
101316,141898,24220,Pending
108228,92179,140136,Paid
109258,95257,133979,Pending
105434,136803,91350,Pending
109134,112904,33304,Pending
109833,118840,25929,Paid
103159,49482,117656,Pending
109379,87865,89098,Partial
107034,73079,57650,Pending
101620,50889,141046,Pending
105807,126882,27607,Paid
103518,54574,147390,Partial
103739,84782,124630,Paid
109298,112615,113311,Partial
104791,62059,113854,Paid
107445,102076,35803,Paid
107280,103666,67492,Pending
104945,97457,10464,Paid
109914,32796,53000,Partial
100837,90169,20239,Partial
101024,133950,81431,Paid
107614,73867,38182,Pending
109591,77250,84390,Paid
105493,51992,27280,Pending
100424,125675,125079,Partial
101445,90541,26527,Partial
105501,76674,63050,Paid
101879,57559,56369,Paid
106206,94934,115472,Pending
108584,147592,21903,Pending
104811,115628,69319,Partial
105264,61488,149825,Paid
106190,100754,143408,Pending
105369,101858,36551,Partial
108333,57900,38442,Paid
105860,33397,19302,Pending
104115,107212,39887,Pending
107863,88648,62169,Paid
107149,79289,25096,Paid
100956,31855,91752,Paid
100898,118140,114511,Pending
105197,112987,14867,Paid
101969,54711,111047,Paid
107397,98631,34089,Pending
105402,148624,22544,Paid
100324,54278,124951,Pending
107386,59881,149124,Partial
108531,96507,57908,Pending
101568,37952,84349,Pending
102366,49276,118968,Partial
100179,47586,36396,Paid
108108,74129,64642,Partial
105694,80280,127864,Pending
106222,144286,76964,Paid
109086,62973,111400,Partial
106170,101119,61676,Paid
102828,123320,117833,Pending
109578,64891,81587,Pending
107665,138054,94512,Pending
106961,63947,65213,Partial
103996,38668,108879,Pending
100418,83397,60965,Pending
107910,62463,103436,Pending
107472,145720,78806,Partial
108513,107636,48090,Paid
101443,81991,20450,Pending
104723,71773,20059,Pending
106754,83143,107291,Partial
103607,114898,40579,Pending
106410,141201,103733,Paid
108931,131886,39841,Pending
105144,100723,136320,Partial
104434,68353,84025,Pending
104391,135495,33859,Partial
109511,140856,102085,Partial
100943,112312,114440,Paid
102042,74582,19005,Pending
107121,87580,74925,Partial
103426,35033,75348,Paid
108627,69472,28172,Paid
106540,48209,111075,Paid
102072,90612,68962,Paid
102481,106291,142325,Pending
102247,82443,125567,Paid
104265,59043,145130,Partial
103678,79367,14205,Paid
107131,141638,48311,Partial
109581,113136,28474,Partial
102928,47713,130475,Paid
102338,121456,10244,Partial
102555,100853,103931,Paid
104529,78256,35921,Pending
105258,127719,83921,Paid
100635,78225,72059,Partial
104125,101034,33970,Paid
100299,96389,23675,Partial
109478,131439,72971,Partial
105656,35837,55040,Paid
109082,147060,84671,Partial
101431,61831,12284,Partial
106107,127866,39781,Partial
105107,38944,116423,Pending
100807,85575,77815,Pending
102588,38651,125400,Partial
108768,91808,15946,Partial
101797,86362,29417,Partial
105677,55982,40961,Paid
108792,138067,24009,Pending
108001,110096,25428,Partial
105790,94226,111964,Paid
107897,42815,33271,Partial
105980,74195,102871,Partial
108489,45571,58716,Partial
101775,132925,73619,Pending
107859,62603,23958,Pending
104291,135137,73733,Pending
102558,106420,53029,Pending
103189,146194,118142,Partial
102804,39219,40048,Pending
109690,67457,117518,Pending
109926,115653,55715,Partial
107401,130535,90403,Pending
108762,99303,14710,Pending
109416,129998,58875,Pending
103127,54706,127012,Partial
103614,43074,131149,Paid
104756,99574,62724,Partial
102763,45537,110546,Pending
104976,61363,123586,Partial
108940,39100,14607,Paid
103297,65677,37263,Partial
100589,55638,87419,Partial
101954,35268,100239,Pending
102523,109034,89194,Paid
105207,64836,110411,Paid
105148,137794,145625,Pending
102980,112357,52690,Paid
104901,56890,108540,Paid
104323,125036,144725,Pending
107602,98049,77329,Partial
106317,125638,56926,Paid
101154,109947,31501,Partial
104579,111029,20320,Paid
106134,49818,74016,Paid
104769,81772,81283,Partial
105132,43025,131606,Paid
108271,125610,14646,Pending
109876,93749,128287,Paid
109093,46098,135320,Paid
107319,32061,139160,Pending
106636,64092,17406,Pending
104683,95180,117661,Pending
107851,52538,38201,Paid
105929,73373,18035,Paid
107999,54211,15197,Partial
109579,33907,129211,Pending
104653,106418,75721,Pending
102257,141143,59761,Partial
104788,70239,126456,Paid
105233,58767,138532,Pending
103454,81414,125640,Partial
100668,89953,85934,Pending
105178,79958,108330,Partial
109413,143580,52181,Paid
106618,117121,88897,Pending
108496,133403,129999,Pending
104240,125532,114635,Pending
107935,80603,38508,Pending
107863,47888,44104,Paid
101945,73311,149480,Paid
109275,108578,56917,Paid
107880,71229,18333,Pending
103422,87003,133925,Pending
108359,37476,141932,Paid
108509,76761,16893,Pending
103002,81808,20932,Pending
103903,118947,136506,Pending
107572,78100,134074,Partial
102122,148563,141043,Partial
100450,115958,77999,Paid
105125,70384,85705,Pending
103122,108006,14940,Pending
106623,33959,140385,Paid
101033,109071,48117,Pending
109027,122994,89507,Partial
103503,59576,96945,Partial
106913,120938,35207,Pending
104368,33862,105258,Partial
101344,134711,44570,Pending
101532,116278,53584,Paid
106683,147842,54550,Partial
103682,59371,103395,Pending
106104,75845,59746,Paid
108944,115888,54396,Pending
100878,121217,130173,Pending
101561,89907,132101,Partial
109276,86434,83788,Pending
100566,117912,102362,Paid
105175,86041,130196,Partial
105026,40513,93758,Partial
109722,72845,112146,Partial
104975,143114,62031,Pending
105449,100691,75868,Pending
103475,146182,108443,Paid
106819,79695,28784,Partial
105365,104330,22321,Paid
104943,79922,70621,Paid
104282,114798,148964,Pending
105158,125134,34676,Partial
107867,119493,63033,Partial
107224,96673,118797,Partial
100229,73194,36239,Pending
102919,62384,121533,Partial
101253,34684,136418,Paid
103825,109858,95834,Partial
104852,118988,34303,Paid
104147,125952,125691,Pending
101249,60009,140630,Partial
104139,110746,25301,Pending
104069,46593,16412,Paid
100753,85736,86256,Pending
107270,72577,86887,Partial
103383,112361,52906,Pending
109066,73525,31492,Partial
105684,84280,119952,Pending
109281,89716,18528,Paid
103161,132115,136351,Pending
105560,82649,119541,Paid
105955,35079,111732,Paid
107222,99214,42680,Pending
101089,89617,99278,Paid
103769,104626,88713,Paid
107271,47067,30422,Pending
100194,68992,20682,Pending
105133,66962,10124,Pending
104910,89898,94379,Partial
105544,41400,30406,Pending
100497,49903,31707,Pending
104226,99808,23952,Partial
107560,104846,118512,Partial
103181,145373,134956,Partial
103892,105721,12675,Paid
107582,95520,16114,Pending
102161,125659,29720,Paid
106968,89618,85195,Partial
104088,113544,114913,Paid
102246,36538,60543,Partial
104855,33135,44931,Partial
101895,133509,131150,Pending
108078,84859,58695,Pending
108129,40684,60037,Paid
107121,40811,132790,Pending
107739,114008,24563,Partial
106917,138491,146007,Pending
107515,140245,76097,Pending
102208,41599,92286,Pending
109141,32260,128324,Pending
107535,34592,123189,Pending
103744,80809,136996,Partial
103495,143963,133364,Paid
101762,106204,77311,Paid
105339,130431,68213,Partial
100081,74865,96477,Partial
103356,79701,60861,Pending
102499,115273,46983,Paid
107001,134599,36076,Paid
104992,31062,80447,Pending
105612,63284,44570,Pending
104502,104462,107353,Paid
106530,63518,10483,Pending
102526,43587,126195,Partial
104104,100517,101711,Pending
101845,106884,147233,Paid
102751,149695,20003,Paid
101030,142898,26824,Paid
108545,92288,58482,Pending
107610,33228,140176,Paid
101251,140439,96390,Paid
109545,146283,63059,Partial
107076,90374,99239,Paid
108919,50559,67995,Pending
108787,104065,25744,Partial
105807,82718,62324,Paid
109090,127313,10958,Partial
103712,37879,112931,Paid
107782,78115,48380,Partial
106857,42216,114866,Pending
103347,81150,112249,Partial
101304,146217,46598,Pending
103238,82581,147969,Pending
105352,84099,149750,Paid
108102,69222,92975,Partial
105197,142719,24924,Partial
104121,92064,20856,Partial
107024,30733,140625,Paid
103415,149995,90431,Pending
104287,108737,132463,Pending
100042,106164,71074,Pending
102777,78570,52972,Pending
101655,142204,81794,Partial
100963,31363,68428,Partial
102528,103104,130114,Partial
109004,78197,68925,Paid
107543,70949,71024,Partial
102480,128589,39543,Partial
104769,52316,65249,Paid
109126,40920,101651,Pending
108129,111039,99557,Paid
107486,86522,108313,Pending
107459,145900,111228,Pending
104854,102700,71688,Partial
100400,55024,46730,Paid
105650,116042,145006,Paid
109176,67793,45659,Paid
105080,63023,84697,Paid
105083,49990,108669,Partial
108598,105672,144349,Paid
105565,139093,84085,Paid
103515,147266,90427,Partial
101215,87570,106394,Pending
107947,147412,88170,Partial
104815,124301,11171,Partial
101215,117769,89193,Pending
100182,48722,27865,Partial
101854,78508,48880,Partial
109184,70268,131987,Pending
109558,110885,11711,Paid
108400,76720,17536,Paid
100727,120900,146236,Paid
108977,97611,13136,Pending
106477,103508,52703,Partial
100329,147472,149283,Partial
102487,89667,68038,Paid
105218,44000,119425,Paid
106610,95230,123874,Pending
105910,109920,41308,Partial
102523,142185,104979,Paid
108763,107976,41847,Paid
104823,73911,118798,Partial
104405,59917,28147,Pending
103148,127576,91090,Partial
109875,129144,57019,Paid
103146,145357,91489,Partial
102644,123959,48448,Paid
109242,111728,149669,Pending
109625,91989,86554,Paid
103744,110745,97074,Paid
106749,55407,77753,Paid
105595,101423,146275,Pending
105436,142837,78635,Paid
100932,36286,43594,Partial
107531,97364,125026,Partial
104891,38982,144000,Partial
102727,86341,98571,Partial
102796,44578,81450,Paid
102498,51257,29880,Partial
103456,82925,122379,Paid
103501,56484,110422,Pending
103773,53902,14834,Pending
101472,47060,136660,Paid
103322,133811,23539,Pending
100905,33494,128590,Partial
104908,114306,49748,Pending
102860,85467,43006,Paid
107293,132692,119349,Partial
100682,145265,19492,Partial
104333,142675,101795,Paid
100038,79094,10408,Partial
109005,75211,117260,Partial
107481,59267,31452,Paid
109881,96698,101834,Partial
109124,68273,131244,Pending
107804,82691,138287,Pending
104685,31357,141929,Paid
109451,132337,68917,Partial
102878,126155,45126,Partial
102629,115510,127519,Paid
104424,134698,63566,Paid
103242,138232,92552,Partial
107291,58018,89293,Pending
101677,125524,56946,Paid
103051,137490,146418,Paid
106228,67845,124418,Pending
100770,66851,32617,Paid
104796,131533,148247,Partial
102544,40722,78560,Pending
107874,127979,19654,Paid
108327,73704,66993,Paid
105449,53081,88073,Partial
104389,105084,67558,Paid
100392,65086,107525,Paid
107095,70739,146231,Pending
101930,106483,22875,Paid
109458,86631,54653,Paid
104678,49895,92584,Paid
106606,56020,55517,Paid
105488,65302,81772,Paid
100776,143305,75271,Pending
100960,146622,111985,Pending
107659,119388,52545,Paid
101229,142403,35846,Partial
102070,129604,28450,Pending
105880,54424,83824,Partial
101559,69522,121216,Paid
103590,103834,148538,Pending
101481,48889,90259,Pending
107470,73390,102442,Partial
102748,52075,91759,Partial
103568,137774,139737,Paid
108445,145021,115322,Partial
103688,139504,57907,Partial
106463,98398,33864,Pending
103364,137633,77343,Pending
102588,46013,148813,Pending
103882,45664,117719,Paid
105463,65796,133894,Pending
103952,57582,94490,Partial
100466,118865,77615,Partial
104864,134895,131155,Pending
100947,92744,25030,Partial
107106,98591,38100,Pending
102647,109240,35000,Partial
103763,52306,16032,Paid
104196,93367,81333,Pending
104653,59819,142552,Partial
109774,132939,133954,Pending
107714,116737,109016,Pending
106355,71076,42261,Paid
102273,50344,72715,Paid
107570,34650,130552,Partial
109806,41797,142236,Pending
105756,125981,29027,Paid
108897,141283,27463,Pending
106463,96126,111586,Paid
103700,123719,40454,Partial
102560,112755,92800,Partial
109384,50251,20313,Paid
108170,58677,14416,Paid
105741,102367,144315,Paid
107611,136076,75881,Partial
100330,93442,54986,Paid
109539,60146,64402,Paid
105557,134876,92345,Paid
107029,113330,135955,Paid
107568,113453,10338,Paid
102126,32627,106320,Partial
104733,31154,140928,Partial
105730,98419,23786,Partial
107707,44493,145965,Pending
102273,30684,61943,Paid
105420,50611,139882,Partial
102137,122165,55446,Paid
100267,66042,36250,Partial
109403,145063,133069,Paid
102367,143830,110233,Partial
107425,77106,135431,Paid
109593,137941,104905,Partial
107031,90310,124742,Pending
108514,92157,100646,Partial
107304,108117,27107,Paid
107653,131625,78793,Pending
105705,142281,109909,Partial
106285,32020,106656,Paid
104554,89069,18755,Partial
106936,74388,42639,Partial
104632,132144,118648,Pending
107405,109002,55327,Paid
105087,146421,148461,Paid
108595,50968,91915,Pending
103415,132042,48394,Partial
100764,60224,112973,Paid
100498,68669,41486,Paid
102353,123272,33889,Pending
108458,113756,55888,Paid
102908,124862,18003,Partial
109038,137599,30313,Pending
109712,41662,33733,Partial
100096,67597,110518,Partial
102376,95510,14061,Pending
109010,121354,73019,Paid
103277,80489,24162,Paid
107155,50111,67160,Pending
108930,101660,16253,Paid
107073,131624,18500,Paid
109974,145821,53450,Partial
107943,79230,129450,Partial
104668,147888,135829,Partial
100132,57501,129931,Pending
103857,34091,73803,Pending
103876,146339,113578,Paid
104093,84940,17114,Partial
108711,98788,61573,Partial
106695,105708,51752,Partial
103578,68056,49321,Paid
102520,92122,72502,Paid
106664,75376,106569,Partial
102610,121611,82520,Partial
100232,48001,15711,Paid
101952,108758,108945,Pending
108782,34392,22911,Pending
101462,74282,34620,Pending
101543,47171,75934,Paid
103869,144352,36519,Pending
109272,53327,57965,Pending
103442,113527,107714,Pending
103482,92500,24767,Paid
100902,33030,143103,Pending
103808,142706,61219,Paid
101973,54386,136509,Pending
101537,141590,125984,Paid
104902,37469,110413,Pending
108910,71016,99190,Pending
105523,39507,29495,Partial
101328,124973,78412,Paid
108768,116727,25129,Partial
107944,34646,96436,Pending
109863,61124,121501,Partial
104793,139269,137879,Pending
109676,35401,101728,Partial
101724,48342,144159,Paid
108852,109762,116307,Pending
107600,48421,119171,Paid
107424,43522,90747,Partial
102984,127455,71239,Paid
107129,138336,110530,Paid
103716,124012,28800,Paid
104191,146779,36492,Pending
108494,45001,49706,Partial
106137,125188,11530,Partial
104389,101634,130765,Partial
101983,131813,113952,Paid
102880,130964,60614,Partial
104415,104485,27738,Partial
107868,70430,146206,Paid
105878,114138,92701,Paid
102220,78034,102935,Pending
106820,148754,25428,Pending
105709,93310,67459,Paid
102656,147115,98246,Pending
108069,59662,32532,Paid
107575,124113,87342,Pending
109475,129589,41102,Pending
102139,53388,90090,Partial
101094,108679,144503,Pending
107861,63727,73458,Paid
102471,37916,56264,Partial
108543,49589,142103,Partial
107607,104319,46939,Pending
103564,98279,102889,Paid
105261,73231,110691,Pending
106163,89084,140305,Paid
107016,114533,13820,Paid
105108,115002,88075,Pending
101452,104772,68888,Partial
107123,59358,20352,Pending
101217,68466,95906,Pending
102896,123090,140334,Paid
100448,78068,136624,Partial
109071,42795,140873,Paid
102864,100103,120223,Pending
108638,42961,44261,Pending
103858,54937,62489,Pending
109977,34369,132817,Pending
105323,124780,36833,Partial
101851,31950,107091,Paid
108096,47951,68173,Paid
101736,111515,31810,Paid
101941,63166,52073,Pending
103579,80503,38265,Paid
101766,97632,79642,Partial
105399,58889,127771,Partial
109799,97525,96604,Paid
107737,111346,61996,Pending
106642,46554,94729,Partial
102430,133817,17205,Paid
107480,104009,147493,Paid
100011,78084,115229,Pending
105865,43396,99978,Partial
106586,34253,25232,Pending
102837,105813,100448,Partial
104426,64088,100295,Pending
104278,102933,86281,Partial
100677,33252,104697,Paid
108983,44919,28858,Partial
101517,118718,80936,Pending
107627,83414,132788,Partial
108851,34936,65533,Pending
102315,107336,21333,Paid
102326,139038,18175,Pending
105558,80975,34872,Partial
108935,39660,50725,Paid
108754,35087,132272,Pending
106510,82488,115767,Paid
107911,147425,142515,Partial
101110,142033,128187,Pending
101007,116116,67883,Pending
108473,85171,134903,Pending
105304,140968,118266,Paid
105851,106971,51928,Partial
102262,112583,135198,Partial
109449,40256,89805,Partial
109982,88820,116682,Partial
103872,121377,95589,Paid
106874,53413,68993,Paid
106843,121409,55081,Paid
108931,80219,77882,Pending
102348,84621,20412,Paid
104478,61246,53437,Partial
103737,120745,43281,Pending
108923,75151,90418,Pending
103461,41321,63369,Pending
102101,70331,137066,Paid
102401,132530,42948,Pending
108095,56924,128130,Paid
103599,90489,30213,Pending
102116,70426,145204,Paid
105205,98497,77096,Pending
108482,116361,53017,Paid
102349,104619,132811,Paid
106744,35922,77884,Pending
109594,103340,53231,Pending
106398,99714,13375,Paid
106307,116975,29612,Paid
108339,61569,131678,Partial
103706,41595,105327,Paid
101862,67747,135139,Pending
103216,135176,115299,Partial
103210,96513,26104,Partial
109932,93594,97214,Partial
108443,39824,18809,Paid
109887,125878,67801,Pending
102988,47338,53339,Partial
105084,60271,126810,Paid
106030,58721,23979,Partial
105363,129697,18663,Paid
104674,91766,87271,Partial
103470,46229,87770,Partial
103560,56875,95366,Paid
104327,40564,106748,Partial
102297,45489,149639,Paid
102540,70694,51852,Paid
102755,125882,122298,Partial
109311,72164,47604,Pending
101421,91138,74557,Partial
107272,60463,15596,Pending
104430,85248,42721,Pending
105584,146882,95852,Paid
100757,64499,26880,Partial
108304,49950,113205,Pending
105914,48619,26246,Pending
107004,105438,122967,Partial
106805,37812,138709,Pending
107228,77758,49598,Paid
107906,109057,85001,Partial
107691,55254,24231,Paid
105742,143906,113782,Pending
101420,47541,111711,Paid
103432,80911,148175,Partial
101329,93353,87098,Partial
104422,118068,67775,Paid
103662,72045,70253,Partial
102523,35562,53627,Paid
100159,127930,40936,Paid
100332,145798,30002,Partial
109774,114811,58444,Partial
104754,140765,72265,Partial
106064,91107,126505,Pending
100553,149765,138061,Paid
103096,130583,86887,Partial
109167,138389,92560,Partial
100411,46823,140722,Partial
101696,103247,111960,Paid
108727,80561,97516,Paid
105337,129196,56571,Paid
106691,114262,63905,Partial
104161,58508,92978,Pending
109841,122913,70468,Partial
102742,48841,54835,Pending
109961,94703,108606,Paid
108532,125217,13513,Partial
107826,82213,18212,Paid
101028,127656,131723,Partial
105962,144780,146188,Partial
100507,109292,128024,Partial
107545,48503,128712,Pending
105531,109465,88553,Paid
101261,138606,147014,Partial
104928,107916,58077,Partial
103006,40448,96733,Partial
106912,60611,129497,Pending
107109,37637,24786,Partial
100312,59363,78182,Pending
100466,130702,80119,Paid
103122,74365,116842,Paid
109097,32730,52523,Pending
105898,108715,55167,Paid
107567,141273,100070,Pending
108084,77876,73498,Paid
104215,76963,74096,Pending
106396,84059,130363,Paid
106416,138362,47055,Paid
106486,38072,106516,Partial
109910,74286,84448,Paid
105817,48933,97197,Pending
102477,88955,94543,Partial
100527,72907,142812,Partial
109336,118433,90080,Partial
104126,64118,108134,Partial
109186,112599,12642,Partial
101892,55615,148761,Paid
106094,131447,43645,Pending
105076,142234,128453,Paid
100134,148415,127341,Partial
103992,84062,92506,Pending
101757,60286,55776,Paid
101833,112332,62842,Paid
104515,112730,142335,Paid
108148,62145,43570,Paid
105897,39839,25457,Partial
100687,114925,12633,Paid
101616,35413,36841,Pending
101568,109514,126442,Partial
104754,81783,128254,Pending
109227,149498,42407,Pending
102503,92660,75236,Paid
103325,31925,114283,Pending
103985,88317,42642,Pending
101762,84541,126148,Partial
108242,123310,123245,Paid
108503,74853,115612,Partial
105715,149319,87131,Paid
106766,136860,59603,Partial
105009,74824,14356,Partial
100105,110873,51114,Pending
108409,51415,115722,Paid
102264,112824,115417,Paid
104601,110447,33223,Pending
107400,111744,141941,Pending
105017,120799,46558,Pending
108582,94167,89275,Pending
106003,58531,56642,Pending
101540,80576,118011,Partial
102574,122622,70201,Paid
109904,145053,48084,Paid
108749,47210,94230,Partial
107317,82373,104358,Pending
106209,84156,23290,Pending
100950,106223,130244,Pending
105833,116182,90494,Pending
100748,94460,25006,Pending
104139,92449,109254,Partial
104270,84680,17111,Pending
108103,52279,25543,Pending
109867,135663,145281,Pending
105957,115850,135681,Partial
101094,84428,39720,Pending
103655,132223,29640,Paid
101751,41252,17446,Partial
104147,140550,100890,Pending
101849,43628,112488,Paid
109810,85073,137159,Paid
102160,147614,40050,Pending
102282,148202,81646,Partial
102769,51193,81554,Paid
101647,60825,74290,Pending
108754,86785,80402,Partial
100444,68239,138916,Partial
104096,141213,77888,Paid
109302,67135,93168,Partial
103230,48326,90345,Pending
101895,104150,108228,Paid
101314,101638,37529,Paid
104533,53264,111490,Paid
106898,90373,104868,Paid
108454,31194,26075,Pending
103115,45223,25902,Paid
107616,38915,98119,Pending
102342,48954,92941,Paid
101607,82723,104561,Paid
101892,82964,149681,Pending
106228,115016,90416,Pending
108727,94203,42067,Pending
105003,106128,137469,Paid
100661,106678,139346,Paid
109512,106105,124321,Paid
100423,109710,79670,Partial
109714,104722,141562,Paid
108887,64106,123718,Paid
100517,64681,84305,Pending
102819,30231,81582,Partial
108257,107962,100131,Paid
106055,37838,98483,Pending
107142,42770,13104,Partial
100300,90749,139053,Pending
101152,128994,67278,Pending
103352,111907,104680,Paid
102804,129363,140328,Pending
100578,148482,66953,Pending
103342,81331,65407,Pending
106937,87840,102345,Paid
105362,34467,144333,Pending
101491,115359,146601,Paid
107566,75934,32991,Partial
109218,118322,76043,Paid
102801,40937,147133,Partial
100125,94306,127981,Pending
107684,42153,17564,Partial
100407,81900,19225,Partial
101097,86971,119492,Partial
106222,70425,20454,Partial
107468,119786,79847,Paid
100215,112392,34151,Pending
104248,43553,138571,Paid
101569,32391,104394,Paid
101674,65119,98664,Pending
103187,78141,48798,Pending
103710,120835,46735,Pending
107986,136026,92210,Partial
100645,131552,87564,Pending
101873,122691,86145,Paid
101842,68369,49924,Partial
102592,111809,144579,Partial
108593,111459,101914,Paid
106243,142046,49659,Pending
107739,53893,84713,Pending
109625,43793,82622,Paid
108709,143702,20170,Pending
103671,105544,109689,Pending
105012,57527,53075,Paid
103154,66359,102790,Partial
103610,98582,16907,Paid
107824,96702,73054,Pending
107624,140380,149224,Partial
108504,66742,58046,Partial
109346,92807,107517,Pending
101821,81167,85519,Partial
108017,139274,97031,Pending
105694,146153,101357,Paid
108973,118461,124111,Paid
101680,127817,45169,Pending
106985,145506,73719,Pending
103957,93850,103607,Partial
101984,41669,57984,Paid
106262,75689,30439,Pending
104949,71175,44057,Partial
109276,31179,133700,Paid
107541,42763,57797,Partial
103093,106963,129484,Pending
109749,127676,50917,Pending
100160,92612,102488,Paid
107322,56342,106091,Paid
101434,139630,74815,Paid
108795,118276,111554,Pending
104229,101693,60336,Partial
108095,103151,95251,Paid
109677,111184,15063,Pending
104430,92133,58972,Paid
100853,90736,55801,Pending
103855,40538,122076,Pending
106049,53295,75360,Paid
106320,35833,97158,Partial
105702,74843,142745,Pending
101515,76380,52524,Paid
103921,43031,76416,Paid
100252,50393,121653,Pending
109750,32079,25152,Pending
100901,145671,138691,Paid
103242,133379,108839,Paid
107294,48449,49779,Pending
102066,120898,96537,Paid
106060,79515,10600,Pending
103759,70865,132497,Paid
103085,140761,111475,Paid
101276,85256,99323,Pending
101327,102471,79511,Paid
102560,119478,53489,Pending
101770,138018,136542,Pending
102058,85257,11164,Paid
102136,106836,62019,Pending
109637,85914,44251,Paid
103294,60426,102235,Pending
101823,136524,105511,Partial
106615,63938,148012,Partial
109694,51903,10947,Paid
109864,90763,26619,Paid
104092,41995,41381,Partial
109094,30930,89276,Paid
104254,123874,58403,Paid
104250,55962,110221,Paid
109307,108360,113236,Partial
101547,60433,123136,Pending
107939,119145,62528,Paid
101827,132378,138135,Partial
105371,49289,122193,Partial
103817,97078,146642,Paid
107981,105588,24814,Pending
109323,37560,55443,Pending
107790,31436,22662,Paid
104440,131321,28663,Paid
106223,78037,45835,Paid
103290,104875,125174,Partial
101495,80209,68017,Paid
109058,80860,97828,Pending
101200,134089,67326,Paid
109627,137136,12182,Partial
101293,118959,20481,Paid
106381,48366,43196,Pending
100947,145541,58181,Partial
103706,47447,55656,Pending
107032,93062,56116,Pending
101362,45539,103637,Pending
104791,68410,23992,Pending
104473,78818,136794,Paid
100493,55599,30719,Pending
101406,147051,44272,Pending
109160,146191,143390,Partial
106255,46017,87581,Partial
109353,87705,139576,Paid
103668,63606,25875,Partial
101753,112727,116637,Partial
102029,68281,12812,Pending
108274,69162,75282,Paid
107934,128778,103712,Partial
101275,39047,98880,Partial
100335,41109,136503,Pending
103366,99594,97328,Pending
105552,38098,129358,Paid
106424,121858,41360,Pending
107481,58046,49427,Paid
108276,122735,140960,Partial
109404,34578,13034,Pending
101253,83374,117011,Pending
105074,149635,28766,Pending
101440,85861,46940,Partial
107414,135552,84176,Paid
102116,106565,88715,Paid
105753,64308,129708,Pending
108621,99440,128283,Partial
105580,68508,40916,Pending
107421,69019,42526,Paid
103816,51546,75166,Partial
109800,101781,39012,Pending
108289,110811,52118,Paid
104442,129342,92793,Pending
109637,101909,60252,Pending
108353,141173,35763,Pending
105162,54225,32209,Partial
109624,49598,91328,Pending
101626,83112,91220,Paid
102278,97879,93474,Partial
105426,80823,25803,Pending
104745,78995,53797,Pending
105006,64260,36829,Partial
102986,149897,102199,Pending
103599,119904,133544,Paid
103636,77177,65080,Partial
106570,126776,149680,Partial
107451,69070,78133,Partial
104493,96770,101032,Pending
106481,133807,68438,Pending
106634,62957,41070,Pending
102168,106505,145124,Partial
102012,50168,63704,Paid
107739,68406,45634,Partial
101774,30731,23544,Partial
109743,76037,108517,Paid
107875,89866,113780,Pending
104856,103923,46909,Partial
107388,132524,38301,Pending
108889,59496,130779,Paid
104180,71248,104891,Paid
105807,106293,62242,Pending
100404,57567,37756,Paid
109388,60450,57467,Paid
100271,108579,123587,Partial
106697,145191,42617,Pending
108641,122217,57614,Pending
107805,99065,21419,Pending
106811,35618,44415,Partial
101655,140476,41937,Partial
106328,58226,126941,Pending
104123,85711,128715,Partial
101927,122703,66807,Pending
104313,72605,46137,Paid
108941,132468,97752,Partial
104863,148084,106092,Partial
106646,116965,20837,Paid
106882,84762,35139,Partial
107447,149842,127197,Partial
107009,145778,89510,Partial
100855,101434,106872,Partial
108386,68085,149319,Paid
101607,63359,30319,Partial
103924,122187,102629,Pending
100309,90627,101924,Pending
103729,143985,11533,Partial
106321,57100,99867,Pending
109107,37099,118812,Pending
109535,33045,106589,Pending
105493,82420,29163,Partial
108904,62023,41638,Paid
105283,72693,76146,Pending
101768,89821,111219,Pending
106025,79523,107313,Partial
104086,120857,47315,Paid
108842,145300,21556,Paid
102061,135274,19337,Paid
107490,70466,131035,Partial
102434,62556,73889,Paid
105026,115819,12647,Partial
109229,131740,27354,Partial
107638,123817,110416,Paid
106735,144273,76031,Paid
109389,127738,98867,Partial
100679,97776,136107,Pending
106566,102916,62971,Partial
108369,118809,12708,Partial
106878,68972,66421,Paid
101633,99450,36356,Pending
102074,142181,55443,Partial
103949,51021,98465,Paid
108343,48797,29130,Paid
101808,31235,75728,Pending
109338,96325,31989,Partial
109454,99380,111196,Pending
104823,35856,92302,Pending
109995,37324,129564,Pending
107175,136337,133124,Paid
102619,86112,80403,Pending
101269,66318,81691,Partial
107839,45949,11734,Partial
101563,109551,127144,Paid
106155,80952,98218,Paid
108953,102150,93264,Pending
106901,51000,14627,Partial
107301,31923,48187,Pending
107320,71389,96793,Paid
109014,57704,103018,Partial
109003,85398,61720,Pending
109029,120244,123842,Partial
101005,77974,134075,Pending
103490,146863,88204,Partial
107645,47408,24390,Partial
104395,85368,132098,Paid
100141,139785,134908,Partial
107396,133301,29012,Partial
109992,89283,92823,Paid
107728,110313,103882,Pending
105287,106767,89654,Paid
104561,66510,34515,Paid
106241,43548,107458,Paid
103053,141275,26984,Paid
104923,36897,54750,Paid
102149,120423,131074,Paid
107870,142877,143177,Pending
108035,58357,91473,Partial
103652,53203,72287,Paid
101303,33193,37046,Partial
101431,127081,11510,Partial
102604,35232,59721,Pending
102108,61335,54649,Paid
100707,89697,124026,Partial
104129,109224,139746,Paid
102493,147891,33635,Pending
109221,83093,104222,Pending
106650,45341,39503,Pending
106813,82860,45848,Paid
106561,41288,78541,Pending
100269,46417,40609,Paid
104981,83544,36193,Pending
109574,149177,105333,Partial
107156,45472,119649,Pending
101114,137159,60121,Pending
102997,102049,23866,Paid
105413,71655,107310,Partial
109480,143238,117962,Paid
100984,50720,124085,Partial
108048,143897,46646,Pending
103238,147133,103614,Pending
108039,142891,114809,Pending
103135,117151,134037,Partial
108019,39500,19839,Pending
103879,83685,10049,Pending
105044,54940,101381,Paid
109521,119376,60505,Paid
109890,75036,133499,Pending
105968,66341,95964,Partial
103661,111305,141256,Pending
101249,41819,93714,Partial
103653,120541,86854,Paid
105230,105592,71463,Pending
104662,119297,28197,Pending
105585,99658,134254,Pending
109225,93447,113308,Paid
107009,77231,149043,Pending
105953,50105,58686,Partial
101286,114532,136633,Pending
108830,90119,118146,Partial
104063,61231,32344,Partial
104112,53193,13744,Paid
107849,44804,136333,Pending
106611,74743,55500,Paid
106324,116665,148216,Pending
102256,64685,23393,Partial
107874,85310,71915,Paid
109065,118646,77289,Partial
106828,36360,118040,Pending
103154,91022,136605,Partial
100745,113190,122507,Paid
102141,58919,139167,Paid
106866,125572,71371,Paid
105679,128486,49574,Partial
101003,50319,29945,Paid
103980,120437,10841,Partial
107452,41678,142573,Paid
102388,88984,56790,Pending
100384,105703,16878,Partial
108619,98580,85954,Partial
100530,70962,37919,Partial
105225,89439,97101,Pending
103219,54920,75450,Partial
102481,44731,85646,Paid
104126,64621,118504,Pending
107647,139492,23843,Paid
103575,127344,33256,Pending
100950,38294,67933,Partial
106177,58478,144461,Paid
108221,110391,126725,Paid
107897,65050,114289,Partial
103022,48247,25733,Paid
101896,92830,60618,Paid
100579,35501,89950,Pending
102049,71403,124242,Partial
107069,100489,136603,Partial
103355,75154,49568,Paid
100471,135303,30555,Partial
108842,39095,106154,Paid
103983,78883,62313,Pending
100786,59778,102262,Partial
107598,43150,149299,Paid
104454,89830,11266,Pending
101546,121249,122909,Partial
104264,104522,119501,Paid
103488,116594,123038,Paid
105467,140640,57956,Pending
104768,144120,24262,Paid
108955,116705,59172,Partial
103759,125600,90170,Pending
103961,37394,57348,Partial
105554,110531,27190,Partial
104459,104542,41987,Partial
104292,146537,129985,Pending
108290,136291,24508,Partial
104522,126177,147139,Partial
103705,125819,25746,Pending
103303,102616,84399,Partial
108175,76390,135990,Partial
100547,116241,144892,Paid
104419,37821,58297,Paid
103923,102938,71160,Pending
105136,38813,72957,Paid
102551,37545,131669,Paid
108206,133321,91716,Partial
107229,111305,108161,Pending
101290,85214,149036,Partial
108090,54572,119786,Pending
102175,94306,140353,Partial
102200,36382,46391,Pending
101853,118874,78277,Pending
100592,40385,30623,Pending
101799,84635,64952,Partial
106861,91649,99834,Pending
102214,96204,13528,Pending
104495,52833,82222,Pending
106081,119017,56008,Paid
101516,110181,41965,Pending
103217,54475,104935,Pending
109043,37079,74731,Pending
103310,43132,112131,Partial
103503,81203,90115,Partial
107349,104998,31551,Paid
102123,148928,141544,Paid
104959,45161,39184,Partial
105681,65008,74657,Paid
109083,69225,21108,Paid
107922,32173,96324,Partial
106459,134449,146867,Pending
100821,116268,17591,Pending
103752,134947,89901,Partial
102749,128777,135489,Pending
100666,45832,118758,Paid
103282,70383,46332,Paid
103573,42360,137014,Partial
107028,43714,81884,Partial
109321,140066,36647,Pending
106309,99313,105723,Partial
101909,63829,73010,Paid
105607,144275,23825,Pending
104642,45023,121622,Partial
108862,108819,16498,Pending
100566,147885,41888,Paid
102416,68975,45431,Paid
101325,64053,70565,Pending
107210,44035,135368,Partial
103575,104625,98448,Partial
107625,108022,94396,Paid
104312,69256,142513,Pending
109945,56220,138134,Partial
100082,137373,19577,Paid
106455,64192,143131,Partial
100078,82695,54807,Partial
107895,44148,32434,Pending
105419,49134,73288,Paid
106051,80719,111631,Pending
105085,87565,38549,Pending
106960,46338,133692,Paid
108412,130494,121431,Paid
101074,51429,102930,Partial
105759,77175,108459,Partial
107971,125355,125712,Paid
102049,125498,19480,Pending
107220,97122,75861,Paid
106475,82193,31939,Paid
107141,125005,71371,Partial
100109,40677,54038,Paid
107294,133243,11571,Pending
106855,116719,119483,Paid
103774,75818,53116,Pending
103588,115718,145934,Pending
104254,99958,68322,Paid
103275,41340,19663,Paid
103198,56866,111129,Partial
102911,76380,74592,Partial
101966,106237,113802,Partial
108913,107304,52375,Pending
102244,140965,65002,Partial
101855,83598,44287,Partial
106453,47525,94469,Pending
102768,133529,26645,Pending
102127,102673,111140,Paid
108312,144853,149122,Paid
106346,116773,137701,Partial
102772,30953,105097,Pending
102647,49344,25357,Paid
101443,58733,68172,Pending
107885,125451,133874,Pending
108752,102662,147729,Pending
101180,59390,43056,Paid
103615,44167,63952,Partial
100299,122917,82628,Pending
102168,33771,24654,Paid
102435,34744,88501,Partial
103309,58709,11969,Paid
103906,77314,48610,Partial
103117,133687,115988,Paid
109107,52672,69625,Partial
109176,79542,99634,Partial
107357,99694,133800,Pending
107798,78628,11587,Pending
106483,145251,147197,Partial
106115,138690,15248,Paid
106124,41809,148632,Partial
104097,53343,106481,Paid
109081,81681,111991,Pending
101742,38610,88788,Paid
107767,131108,131788,Partial
103523,38150,75903,Paid
100017,82701,81435,Partial
103349,49160,63849,Paid
100615,48938,149943,Paid
100966,57796,98387,Paid
108843,103215,127335,Pending
109180,114255,126811,Paid
108041,148911,114105,Paid
103836,31129,61119,Paid
102200,88307,30090,Pending
104256,48698,145863,Pending
101408,135728,116254,Partial
106777,89576,121343,Partial
101641,32488,125167,Partial
109054,40977,58386,Paid
101387,61580,98553,Paid
107996,108359,48242,Partial
109375,48583,80944,Pending
104795,108390,123584,Paid
107014,64618,70132,Partial
105488,32076,45584,Pending
103437,48563,14513,Partial
102928,94358,69388,Paid
109874,107122,104060,Paid
107241,61918,90295,Partial
104742,70281,135979,Pending
101390,62710,80900,Partial
105017,129040,52808,Partial
104240,90321,11861,Partial
103299,72957,134949,Partial
105792,39991,56688,Partial
107628,113025,31289,Paid
105567,47079,127908,Pending
104524,70630,29219,Paid
107859,125305,58719,Pending
103464,64918,107994,Pending
104663,83638,67899,Paid
100947,52113,92205,Pending
102455,100965,125493,Partial
105323,109273,139616,Partial
104983,65045,83542,Partial
104095,77298,92132,Partial
100069,70220,25664,Pending
108771,67486,53688,Partial
106445,147612,82088,Partial
106320,144943,149202,Partial
103146,135764,109709,Pending
101816,97089,115812,Paid
109913,130233,18766,Pending
100108,100475,43727,Partial
106925,34162,69489,Pending
100568,39709,115397,Paid
109409,149770,63938,Pending
106331,67481,79887,Partial
104619,85915,72823,Paid
100277,56490,18676,Partial
100160,93785,94421,Paid
109722,102635,97395,Pending
102126,47257,98125,Pending
100915,134746,47604,Partial
105715,59262,75860,Partial
101713,145506,70491,Pending
108312,62884,116925,Partial
107905,92903,87156,Paid
105249,123389,108147,Pending
108285,59173,113954,Partial
107900,121935,36955,Pending
107251,117268,71758,Paid
109095,140121,45001,Paid
107023,67492,124806,Pending
101219,122958,24595,Paid
109365,32870,48649,Paid
102914,98790,125065,Paid
104784,32225,33785,Pending
106316,44560,28973,Pending
100751,54174,133935,Paid
103417,47272,47144,Partial
105255,110892,75446,Pending
100538,128825,17997,Pending
100241,70449,89076,Partial
101349,115902,80250,Paid
106396,113796,143878,Paid
109182,99637,80822,Paid
101748,103014,92099,Partial
103617,77582,56572,Paid
107649,77748,68356,Pending
102366,81288,10598,Pending
103696,50049,57398,Paid
108368,75877,103823,Partial
104749,50152,79798,Partial
102937,89561,52525,Pending
101763,65033,76970,Paid
109647,34257,28873,Partial
105445,83945,69344,Partial
100852,79287,43663,Pending
101552,84050,148370,Paid
104785,114618,68516,Pending
105767,45567,130789,Partial
109803,53432,145519,Paid
109412,99952,78608,Paid
101936,144217,61187,Pending
101647,115829,70142,Partial
104261,74154,69457,Partial
101715,79212,147254,Partial
105071,127490,66379,Pending
101350,60951,95690,Partial
104066,38181,28944,Pending
100339,132706,127449,Partial
100484,77130,79308,Partial
106499,75678,61606,Pending
104216,113047,82960,Partial
104091,32759,112925,Paid
106198,64141,88807,Paid
106653,118559,149359,Paid
101334,50090,110270,Paid
102045,103139,84644,Partial
101701,68342,102643,Partial
101151,50665,106688,Paid
107479,115756,145344,Paid
100549,103559,140366,Pending
103693,148759,45302,Pending
105661,43545,54491,Paid
103935,59837,51224,Partial
108041,54339,69026,Partial
103043,114002,61639,Pending
103592,126233,120167,Partial
108186,106617,130393,Pending
104818,61478,134752,Paid
104172,100295,149709,Paid
100486,35738,130043,Paid
106197,146871,11204,Pending
107578,54269,17615,Pending
100348,52815,50025,Pending
103164,117743,113386,Pending
104259,127109,84428,Partial
103133,131027,131972,Pending
109890,62915,88163,Paid
106502,127038,50701,Paid
102835,73497,20178,Pending
100246,71128,13300,Partial
105528,148737,98747,Partial
106898,37882,39381,Pending
102903,93408,35822,Pending
102230,44347,149504,Paid
109843,149198,95405,Pending
101362,71959,26087,Partial
105931,47289,34468,Paid
109611,124470,96721,Pending
100241,141299,45882,Partial
103359,65455,15830,Partial
109150,54517,87521,Pending
102997,69722,95779,Pending
100194,96936,95326,Pending
108150,131792,103194,Pending
106382,60772,110900,Pending
102572,62621,84270,Partial
104854,55842,81089,Pending
103186,126944,22920,Pending
101024,103771,81277,Pending
108462,32380,39243,Pending
108023,49335,17492,Paid
102464,90082,64110,Partial
102624,106774,110904,Pending
105012,138529,32703,Paid
103254,113536,72078,Partial
102354,110701,48619,Paid
100606,50715,85304,Paid
108346,126338,62305,Pending
103855,78376,107481,Pending
103951,43655,146336,Paid
101185,66357,117849,Paid
105930,127559,97957,Paid
100844,122525,127280,Pending
104238,86033,90080,Partial
100053,114103,94518,Paid
107391,33111,104231,Partial
109628,80913,33578,Paid
109750,65156,75378,Pending
108981,56786,39613,Paid
103018,32848,73466,Paid
100451,137458,123140,Partial
104574,100553,110230,Pending
100858,97008,43973,Paid
103446,43492,128799,Partial
107314,51801,147495,Partial
108138,33475,40374,Paid
100341,123034,128462,Partial
106909,92728,121239,Partial
104267,92091,49614,Partial
102604,112305,137401,Partial
100781,69269,113242,Pending
109320,33055,144956,Partial
109472,38764,140169,Partial
107842,146696,26945,Pending
106103,145062,73882,Partial
103755,76084,64915,Paid
101582,79848,17781,Partial
109179,50686,58028,Partial
109438,145692,61370,Pending
104260,90817,13107,Pending
104732,75402,34840,Pending
106875,43114,104158,Partial
107280,124933,34872,Partial
100634,146405,44713,Pending
100499,78985,43989,Paid
108568,145231,128948,Partial
108154,57371,109261,Partial
101258,138818,72498,Partial
101283,144809,34096,Pending
102331,110697,89295,Partial
107315,125539,131967,Paid
106420,102591,103892,Paid
107398,42313,88325,Pending
101507,50495,119096,Pending
103442,54724,96811,Pending
100150,87403,109389,Partial
108296,98265,139345,Paid
101724,89915,137811,Partial
100081,79725,27997,Paid
100832,48168,68835,Pending
109947,118261,130481,Paid
109642,66750,18044,Partial
109202,77177,143259,Partial
104825,101695,61095,Paid
108443,102550,95957,Partial
102085,62628,101722,Partial
100909,138343,95309,Pending
109457,127673,130489,Pending
101124,130238,149150,Partial
100800,103684,57936,Pending
105294,121967,19940,Paid
109507,100541,33907,Partial
104036,67857,64313,Pending
109735,118067,80617,Pending
109792,46669,112940,Pending
107472,99477,148629,Paid
103743,67712,28620,Partial
107802,78357,69321,Paid
104596,59557,55965,Paid
100131,86714,87891,Paid
104166,55782,146651,Pending
109570,57575,24060,Paid
103148,145643,49809,Paid
105563,65578,50771,Partial
106298,94465,57061,Paid
109245,100579,118357,Partial
104483,98251,121648,Partial
100319,83846,129866,Partial
107115,100766,92214,Paid
108690,116157,33592,Partial
104677,85655,141076,Partial
101666,139647,74051,Pending
105332,77086,24521,Pending
108775,42226,38484,Pending
100766,102759,87173,Partial
106251,89505,36437,Pending
108530,61806,62330,Pending
104464,147697,109499,Pending
100232,128727,66380,Paid
103956,72239,55614,Paid
100391,136025,89787,Pending
100142,130955,116303,Pending
105829,38693,66063,Paid
100681,121248,44707,Partial
101195,66886,37883,Pending
104444,140125,92893,Pending
103246,95161,24469,Partial
109733,84329,131880,Partial
104050,109474,50352,Partial
106906,56574,61081,Pending
100018,47751,141555,Paid
107183,105360,12090,Partial
108825,52442,11974,Partial
108873,134518,103647,Paid
107093,124248,75509,Partial
104210,134166,56177,Paid
104970,144350,94816,Paid
105682,107345,57626,Pending
103579,119207,51365,Pending
102363,116184,122562,Paid
103517,111243,27252,Paid
104973,93223,31039,Paid
104274,145675,11429,Pending
105932,113647,40247,Pending
109174,80244,106484,Partial
108992,133157,146184,Pending
105324,93220,97013,Partial
109109,36626,70431,Pending
105788,95925,85109,Pending
101828,140940,133217,Paid
101993,147843,149313,Partial
108119,117550,61880,Partial
103259,114077,85638,Pending
103580,56117,146748,Paid
109099,95358,114565,Paid
109795,42941,31074,Paid
102316,61054,146148,Pending
100395,58757,22647,Paid
102796,120555,12415,Paid
109580,45726,33442,Partial
104605,75208,61580,Paid
105501,107916,74254,Paid
109831,88939,114775,Partial
101922,68323,123131,Pending
109577,65031,143358,Pending
102060,96813,88993,Paid
109047,138477,101347,Partial
103579,122302,111107,Pending
108965,105554,72328,Pending
106526,65127,87734,Pending
109173,131162,133012,Paid
107389,46403,21764,Pending
108804,31731,103262,Pending
105763,132145,103803,Partial
105643,137371,14597,Partial
104094,101109,36570,Paid
105623,58507,100350,Pending
108389,53380,143426,Partial
106997,111230,74059,Partial
102628,144349,30571,Pending
108676,144661,37584,Paid
100083,129056,55382,Partial
104984,145797,135101,Pending
104741,88702,38058,Partial
100571,48701,131456,Pending
103640,131648,65809,Paid
102514,147130,23263,Paid
101603,76348,30937,Pending
100023,64190,27076,Partial
104978,100142,38819,Paid
106285,48013,134026,Paid
103239,88205,86449,Paid
102673,111150,41283,Pending
106438,75415,33271,Pending
103507,61371,37092,Pending
108695,32586,75793,Paid
102857,66364,20095,Paid
101798,131543,25767,Partial
108141,30175,13928,Paid
108449,72066,13885,Paid
101948,133432,10950,Paid
109385,34063,54947,Partial
103286,42616,130010,Partial
108265,128267,131533,Paid
100490,129775,51748,Paid
108604,93633,77418,Pending
106511,111525,114930,Partial
102676,121658,66220,Partial
109020,30628,50235,Paid
104165,58814,66547,Pending
109049,62040,89846,Paid
109014,100141,22632,Partial
107732,146675,80509,Partial
108448,121839,110538,Paid
107317,140319,20522,Paid
107952,77961,32617,Paid
100402,81089,145223,Paid
104231,52301,93810,Paid
106695,74898,21390,Partial
106466,78942,47559,Pending
101003,109334,71683,Partial
107725,100503,60353,Pending
109411,72438,89827,Pending
103500,144977,82335,Partial
107472,49183,19606,Pending
100622,132797,127424,Partial
106616,131244,22457,Partial
101989,140764,95986,Pending
106157,65334,10784,Pending
105987,146887,127868,Partial
107411,111661,104651,Paid
107172,42877,100692,Pending
100363,139692,132560,Partial
104133,147823,148005,Paid
103537,109525,58013,Pending
106971,50139,81255,Pending
100577,112671,48662,Paid
108968,43746,136755,Paid
101709,121193,131509,Pending
109111,103414,143788,Pending
108023,131483,102093,Pending
108133,57405,143270,Paid
108718,95244,38926,Pending
101002,53343,27862,Pending
101039,49639,36202,Partial
104959,94822,101302,Partial
101132,117300,64087,Pending
105594,108630,89993,Partial
106557,129300,145023,Paid
107134,117454,75685,Pending
106533,57182,147334,Pending
108364,52798,53387,Paid
100165,137427,14195,Paid
109660,119227,120571,Pending
106182,85146,102617,Paid
107983,124408,122933,Paid
103956,123755,37753,Partial
106895,59452,22114,Paid
104565,128406,80435,Pending
108627,84396,134018,Paid
103809,124800,75911,Pending
104864,124471,36202,Partial
103957,99602,102656,Pending
103710,98281,133685,Pending
107316,37271,103825,Pending
100483,104415,78407,Partial
105455,83397,133510,Pending
103288,92308,112857,Partial
105104,62887,129510,Partial
108639,56408,10232,Paid
104795,126329,16274,Pending
106791,39985,72968,Partial
103862,53482,120895,Pending
107301,147687,86385,Pending
104954,58236,124484,Partial
109906,119861,66624,Paid
109068,134482,49955,Paid
107286,73288,23299,Paid
106984,62217,127211,Partial
106216,130852,19348,Paid
107470,86401,62586,Paid
107975,56621,62856,Paid
104274,122796,29342,Paid
105488,45817,32321,Partial
107972,86839,16545,Partial
100288,61208,148914,Partial
107077,130573,69119,Partial
107701,120834,75102,Paid
100895,32178,20679,Paid
103212,124726,66472,Partial
100858,47950,65507,Partial
105786,104201,62034,Pending
102867,66793,116202,Paid
102995,137155,134109,Pending
108370,42063,41151,Partial
106240,51350,94384,Pending
103515,64529,136658,Pending
106956,100273,31222,Partial
101289,35943,101180,Pending
108028,33454,116139,Paid
107610,46636,88468,Pending
109191,58423,145734,Pending
101184,41586,43474,Pending
101344,104050,50510,Partial
109268,144728,44962,Paid
101726,134722,113254,Partial
106051,135816,25242,Partial
102896,64062,59952,Paid
106021,126721,55919,Paid
106297,68620,52818,Partial
103456,116927,55522,Paid
106379,148183,81224,Pending
102891,55872,34595,Paid
102976,114571,66686,Partial
101473,108260,109037,Pending
104610,43751,108793,Paid
103514,131831,58277,Partial
103436,117336,54678,Partial
101563,36447,82489,Paid
109461,93109,145356,Pending
109835,97122,12285,Partial
105467,31614,49565,Pending
106954,106276,20476,Paid
107096,42370,17632,Paid
105985,143735,22854,Paid
102427,35980,124905,Paid
105987,77822,88065,Paid
103285,94914,121490,Partial
102768,70881,87017,Partial
103205,35680,85393,Paid
103174,76824,79516,Partial
101200,41062,113823,Partial
101614,30933,135077,Partial
108653,112042,91247,Pending
103711,130499,59139,Paid
107155,111074,66444,Partial
104744,43650,130049,Partial
105960,48280,147182,Paid
100525,129709,149032,Pending
100160,40612,130842,Paid
100160,143940,113618,Pending
106890,32581,142182,Pending
104382,91912,49191,Paid
107121,59693,51643,Partial
108657,102636,136038,Partial
108557,65209,20553,Paid
109629,42836,60546,Pending
104693,66333,131042,Pending
100435,73092,136915,Partial
106440,138819,57936,Paid
107720,109755,106537,Partial
108901,101935,105699,Partial
102105,115145,69127,Pending
104446,109366,76382,Partial
106827,123714,49523,Paid
104836,57984,67928,Pending
102103,55203,34911,Paid
107436,75362,75504,Partial
107414,119907,49338,Pending
104365,55458,123698,Paid
101959,38842,84257,Paid
102176,81917,36533,Paid
107306,80916,92841,Partial
100846,130847,99139,Paid
108553,34841,47265,Pending
109433,147076,138433,Paid
104048,92418,93951,Partial
105155,79066,105613,Paid
106603,111991,43842,Pending
106362,99691,76804,Pending
109448,31048,75537,Pending
100096,86551,37512,Partial
101101,105183,141530,Pending
100281,104103,141712,Paid
104290,148124,20305,Pending
104007,37639,50151,Paid
106767,83977,75781,Paid
100906,91250,119933,Partial
102837,38139,50486,Pending
109609,63119,47487,Paid
105606,136833,56328,Partial
103457,127055,92027,Paid
109320,115030,24144,Partial
105353,82774,96077,Partial
105169,85649,94498,Partial
103825,137323,66701,Pending
106874,109307,13261,Pending
100230,42537,75727,Partial
102532,129101,133853,Paid
108906,127014,149747,Paid
106776,113961,37826,Paid
104465,79944,135110,Pending
108970,51549,114803,Partial
102197,48665,136209,Paid
107883,38967,128739,Paid
101448,60626,45850,Pending
106047,133916,135299,Partial
100163,83256,104008,Partial
102066,97073,19425,Partial
104397,143595,38803,Pending
109860,112735,126709,Pending
100627,113616,12518,Paid
108790,62848,117630,Partial
106135,103167,54893,Paid
102757,94061,55102,Pending
102301,123453,61794,Paid
106157,44313,146427,Partial
105038,115493,47580,Pending
109745,105677,59399,Paid
100150,124376,58058,Pending
103623,130227,58887,Partial
101158,46551,88183,Pending
103893,54933,80462,Paid
109606,106445,69354,Partial
106193,125432,42850,Pending
102488,137964,124688,Paid
106662,117161,43748,Paid
108697,123248,47892,Partial
107617,68563,148173,Partial
106530,131974,55432,Paid
103056,137332,122641,Pending
109999,36677,143271,Pending
107398,136903,33672,Paid
102924,49542,60675,Paid
105431,98809,43801,Paid
100533,123554,71350,Paid
102352,41360,69094,Paid
106468,135515,32602,Pending
109293,48759,80723,Pending
100721,39768,45224,Paid
101131,123283,65432,Pending
104679,83749,149686,Partial
106076,135137,119027,Pending
107562,78677,126258,Partial
108779,66139,59680,Paid
107646,135726,30351,Partial
109261,59910,101840,Partial
109207,118387,87670,Pending
106755,140278,96537,Paid
102413,49821,103148,Partial
103613,141436,67220,Partial
102078,73464,125195,Partial
105472,88806,40038,Paid
100875,100997,73653,Partial
100627,62929,94935,Partial
102074,148870,28357,Paid
103798,136164,140904,Partial
103175,107439,115296,Partial
107900,64763,131957,Pending
105744,33218,18108,Partial
106268,80995,128134,Paid
106768,137746,85510,Partial
100246,110783,18465,Paid
103004,146296,118950,Paid
104448,124586,143770,Partial
106152,124001,97843,Pending
105048,75512,148443,Pending
104419,97509,132725,Partial
101151,109039,58794,Partial
108879,125331,59369,Pending
100678,35508,82336,Pending
101906,136467,144723,Pending
106255,33522,56390,Partial
107331,56501,123010,Partial
101681,49835,79580,Paid
100962,131315,53761,Partial
103973,134156,37693,Paid
100660,138017,78250,Partial
106666,71384,149963,Paid
107777,35601,115892,Partial
102054,91449,80976,Partial
101061,87361,133526,Paid
109067,38499,141879,Partial
103674,139773,57274,Partial
101819,36678,102273,Pending
109830,67328,70686,Paid
105530,42141,73944,Pending
100836,37111,76174,Partial
105815,60846,60606,Pending
105087,43121,103977,Partial
108335,67721,49221,Paid
103054,60802,128561,Pending
109491,129399,81222,Paid
104738,113155,31633,Pending
105257,43771,30058,Pending
109681,49045,17568,Partial
105857,73715,120214,Pending
105237,48310,24092,Pending
105985,96728,84433,Partial
106680,32386,146176,Pending
105658,99426,74506,Partial
105693,132079,104880,Paid
104984,86759,50262,Paid
102183,53067,114280,Partial
105237,114084,50911,Partial
107131,103867,67183,Paid
106838,81762,92968,Pending
107420,123549,123940,Paid
107403,92455,43642,Pending
104379,127056,102866,Paid
105119,65419,106438,Paid
102620,86322,90772,Paid
100179,83929,113711,Pending
102414,127245,61192,Pending
104180,81722,139104,Partial
104735,141114,25197,Partial
109075,35267,105066,Paid
107047,127650,102966,Partial
100315,49496,69959,Paid
104826,91560,52587,Pending
109535,53155,104647,Paid
101627,124242,104825,Partial
103924,70471,39217,Paid
105729,142947,53527,Paid
103564,41491,132804,Pending
107171,112507,48176,Partial
104499,83567,55116,Paid
100010,31001,87644,Partial
102862,96289,69317,Partial
103793,86582,119926,Paid
102132,45263,127837,Partial
104059,120673,13336,Pending
106851,108950,26120,Pending
101793,42585,140243,Paid
101895,86295,110014,Partial
105389,107945,31350,Paid
106654,80443,41423,Pending
105524,86473,136059,Partial
105092,147553,123583,Pending
102573,46755,37638,Pending
101943,55997,26993,Pending
101470,83985,126986,Paid
108597,140985,32248,Pending
105184,46013,111080,Partial
108034,113880,76629,Pending
106626,55820,88204,Paid
101480,47260,148460,Partial
101431,113727,20260,Paid
103203,119432,94113,Pending
103020,38061,113541,Pending
109169,126876,58135,Paid
102180,79939,71455,Partial
104427,91792,17581,Paid
100343,89678,77350,Pending
103219,35355,128892,Pending
101233,94421,134750,Partial
102238,65371,11445,Pending
104505,116711,133814,Pending
106057,115015,87787,Paid
105774,30786,119204,Pending
106666,64319,120048,Paid
107360,114667,75653,Partial
103950,102837,143870,Partial
107839,85704,50645,Partial
106973,61327,16783,Pending
100200,63880,49917,Pending
102385,88700,17405,Pending
109067,55708,134708,Partial
108096,118648,116366,Partial
107228,147221,125439,Pending
100422,147954,75931,Pending
105463,100436,44075,Paid
109030,42252,61591,Partial
104215,133673,62015,Pending
105837,93275,121975,Partial
109212,94985,18686,Partial
104320,55993,30682,Pending
104888,73711,18253,Paid
102505,109221,113773,Pending
100211,122721,103489,Pending
101876,37954,128788,Paid
102270,76785,103688,Pending
109038,88229,44924,Partial
100719,53017,11141,Partial
101116,45712,67191,Pending
101692,111338,65299,Pending
108042,143303,59303,Pending
100012,63283,109194,Partial
109277,95681,120050,Pending
104613,120717,101824,Partial
107101,130798,18829,Paid
105170,105479,22791,Paid
108213,69090,142377,Paid
100189,69431,117468,Pending
106271,108152,48525,Pending
100894,58526,17888,Paid
105345,118973,28106,Pending
107651,61309,40606,Pending
103670,140472,24532,Paid
102911,101932,28175,Pending
100789,136040,42575,Partial
109268,41595,19550,Paid
107297,91024,32242,Paid
108810,94654,125603,Pending
107632,135201,143687,Partial
107021,138884,101029,Partial
107651,73817,149157,Partial
104229,147492,81401,Partial
103710,106562,28200,Partial
108370,76014,63610,Partial
108711,120729,89691,Partial
100818,99974,15334,Pending
102922,117957,98652,Partial
109677,103783,31558,Partial
101014,120562,135136,Paid
103076,104891,75536,Partial
105808,54529,62686,Paid
100786,110316,66627,Paid
106724,113618,44181,Pending
101517,106025,144672,Pending
108758,115205,96110,Paid
104335,147601,18228,Partial
108939,38208,122844,Paid
101158,149427,66650,Pending
106718,95661,137710,Pending
102339,75991,40957,Partial
101111,135342,87367,Paid
105818,137395,94511,Partial
102440,131130,93193,Pending
102027,103456,17517,Paid
108648,99810,133240,Paid
106785,95662,109204,Pending
100444,63517,39236,Partial
106220,104109,65751,Paid
103011,128405,114883,Partial
106441,72709,80438,Pending
107783,43841,35221,Paid
102677,142649,138083,Partial
105832,59609,46341,Pending
109387,55151,59319,Partial
109609,52664,44023,Partial
100877,137385,16515,Partial
103059,35463,109019,Pending
101184,53180,49668,Paid
106262,81096,77603,Pending
107945,56338,81043,Pending
101007,85800,117426,Pending
108749,139065,45217,Paid
105196,86532,102550,Paid
104606,124592,101936,Partial
103325,58456,105453,Pending
107917,118563,13080,Partial
108735,38158,39200,Paid
102309,76310,46549,Partial
101823,132389,71622,Paid
107615,133378,141062,Partial
102944,37505,89020,Paid
109466,149401,47681,Paid
109320,113608,81100,Paid
109005,113990,91658,Pending
104089,112705,139597,Pending
102589,101528,88890,Paid
102801,142356,86971,Paid
102845,54975,13004,Pending
108531,112237,30000,Partial
106507,69957,99480,Partial
104243,51437,35251,Pending
103647,144735,80836,Paid
109276,138727,77029,Paid
101187,125044,148453,Paid
103813,96164,77604,Paid
101489,58207,110738,Paid
105915,129662,40758,Paid
104723,134263,27237,Pending
105237,82703,120109,Partial
106905,60186,99393,Partial
101768,46387,105330,Paid
109968,97952,59721,Pending
102846,120809,108668,Paid
100376,135121,51493,Partial
103752,121034,129731,Paid
107207,31186,133282,Partial
100600,114146,73428,Paid
107674,122792,114195,Paid
103285,88999,71087,Partial
101401,86902,134340,Paid
107266,75569,27147,Paid
108364,112299,41925,Pending
103791,134446,18740,Pending
108072,84513,51533,Pending
100489,124160,57487,Partial
102120,31340,119615,Pending
105447,117588,38939,Paid
102241,58355,118670,Pending
105563,31245,140717,Partial
102684,117268,99189,Pending
100178,146946,117416,Partial
105522,108016,111449,Pending
105670,122919,99951,Pending
107149,106626,142394,Pending
109986,114450,59747,Paid
105323,56831,60941,Pending
105527,123894,51475,Paid
100989,55270,106546,Partial
108233,135276,83668,Paid
108329,130295,85121,Partial
103622,86202,45856,Pending
103388,51262,139437,Paid
101416,104610,146389,Paid
107982,49570,123715,Pending
109421,125491,40353,Paid
103321,135461,117158,Partial
109525,56538,50540,Pending
104620,81837,120041,Pending
108022,100351,136432,Pending
100556,84310,59346,Partial
108359,94955,26103,Pending
109568,128679,10743,Pending
103815,56279,128370,Partial
104780,85458,37835,Paid
106667,94872,18313,Paid
108407,96366,108329,Pending
101772,61236,59156,Pending
104141,117366,24226,Paid
105462,65885,118667,Pending
101981,55047,130519,Paid
107661,141746,137738,Pending
104248,48157,144381,Partial
105290,147930,139780,Pending
105481,128336,79139,Paid
105247,136317,131300,Partial
104118,50673,106594,Pending
100899,69065,93813,Pending
105487,140673,106489,Paid
100316,55826,92617,Pending
107200,146633,144156,Paid
104694,86428,49774,Paid
100494,57513,106263,Partial
109046,117187,21398,Pending
101683,73433,80104,Paid
103307,93394,144689,Partial
101106,128871,100360,Pending
106593,51839,28474,Partial
101591,119224,31825,Paid
100029,72145,113918,Partial
102197,99300,142322,Partial
107142,126353,28259,Pending
108768,67608,12761,Paid
102585,139792,88138,Paid
104456,42607,104791,Paid
108717,41020,50768,Pending
100530,119887,16278,Pending
108648,38701,122133,Pending
102949,127302,88563,Paid
106410,119107,28389,Pending
106141,76109,81249,Paid
108938,78173,38508,Paid
100468,55328,93318,Pending
106088,39277,129265,Pending
101415,56530,88881,Partial
108313,147393,144528,Pending
106339,115399,106162,Paid
102424,40383,11995,Partial
108547,143466,128894,Pending
107251,80702,92511,Pending
103061,59089,54568,Paid
108228,80468,47488,Pending
101682,106310,89818,Paid
101349,77647,22854,Partial
100961,72942,108303,Paid
108955,30514,28380,Paid
102086,31965,29602,Paid
101747,70624,41639,Pending
103995,66703,82371,Pending
104187,90267,144141,Pending
103636,149568,70694,Paid
108167,117325,84426,Partial
108578,51354,135133,Pending
100523,49799,21997,Partial
106517,130312,86204,Partial
105729,35740,112761,Paid
109578,37484,35380,Partial
108561,62719,21307,Pending
104985,139210,63650,Partial
100576,62067,32282,Pending
109321,134048,63584,Partial
104579,107668,10864,Partial
100491,81765,133785,Pending
103372,135669,138483,Paid
105921,109149,114982,Paid
104883,115984,105887,Paid
107618,138219,126085,Pending
109169,102767,15373,Paid
101388,55611,100213,Paid
109752,70693,53042,Partial
102204,67854,89087,Pending
108931,74780,31781,Paid
102356,99572,147089,Paid
108838,47787,91131,Pending
108174,128622,87555,Partial
101232,123925,81203,Pending
108588,37253,72430,Partial
103166,92050,118531,Partial
107804,88682,67985,Partial
107900,47845,107077,Pending
107274,135215,113974,Partial
106244,73769,32385,Partial
102693,109348,103724,Pending
105630,106067,101266,Partial
103022,84107,85018,Paid
104822,63196,15185,Pending
106461,36398,39285,Partial
104385,62208,73111,Partial
108684,35999,51023,Pending
101828,95317,149904,Partial
104503,126740,66599,Paid
108612,78157,21164,Partial
105512,128307,107515,Partial
103030,77831,145514,Paid
109719,43691,10117,Paid
109126,93941,18407,Partial
100614,137475,50481,Partial
101770,78278,65844,Partial
108043,144227,36829,Pending
105829,119087,114921,Pending
100983,90657,45875,Paid
109551,98016,21961,Pending
106282,148484,134958,Paid
108176,94884,40563,Pending
100147,90963,93515,Pending
109768,116905,95043,Partial
102508,135426,100215,Paid
107147,31386,53131,Pending
100543,79155,19827,Pending
101238,95818,60980,Partial
105153,94533,83729,Pending
101156,36610,11640,Paid
105399,53322,16707,Paid
100528,140730,113968,Paid
107203,50378,46773,Pending
100252,47099,119913,Pending
109456,137285,131611,Pending
109032,57048,124273,Paid
109244,37238,16090,Partial
106155,107767,55204,Pending
102566,49424,59802,Partial
101198,58985,141164,Pending
101584,127781,78222,Paid
102261,120911,143280,Paid
106884,66174,14907,Partial
105678,108224,109162,Paid
106431,100565,52366,Pending
109696,54583,84859,Paid
105446,145617,108624,Pending
101088,141383,117549,Pending
108974,123329,146227,Partial
102814,90275,129387,Pending
109207,48657,51274,Paid
101677,111597,124874,Paid
100080,135405,56701,Paid
101024,46972,16547,Paid
100271,142207,106232,Paid
105316,77035,35621,Paid
105546,127480,105248,Partial
108754,57910,40357,Paid
106797,121076,142454,Pending
103444,35558,133963,Pending
107237,130177,72578,Partial
101548,61711,14216,Partial
104355,85377,98461,Partial
108549,63503,25176,Pending
107079,79594,106933,Pending
101484,49393,41767,Paid
103372,111989,38808,Paid
109806,89468,115063,Paid
101018,143541,17306,Paid
108150,124403,37361,Partial
109786,55038,123329,Partial
106201,69567,43975,Partial
107005,108888,116252,Paid
102687,104049,135272,Pending
104161,128366,80398,Partial
104552,93413,11793,Pending
103425,91132,89445,Pending
106449,83747,53274,Partial
108632,91116,51324,Paid
101144,136198,23611,Pending
103051,57354,107230,Pending
101262,69020,129184,Partial
109784,119464,80592,Pending
104978,144116,74244,Partial
105108,81153,13145,Pending
104653,121867,116034,Paid
109396,112398,69475,Pending
109895,81386,15555,Partial
109436,38311,20093,Pending
102650,133140,102641,Paid
107117,44018,19492,Partial
100831,73690,105579,Partial
101924,145693,51538,Paid
104516,100696,36201,Paid
101900,106559,79438,Pending
106871,121094,132429,Paid
106183,36425,92889,Partial
102163,68071,92632,Pending
103991,101391,148890,Partial
103036,64336,92616,Pending
108063,83934,50534,Paid
107966,104433,124872,Paid
109386,49714,89085,Pending
109005,78208,66760,Paid
103354,38755,113953,Partial
104665,64853,82408,Partial
103986,116952,33708,Pending
107056,101745,72649,Partial
101596,33052,33402,Partial
107791,77525,29833,Partial
107005,38921,30817,Paid
107975,33200,45785,Paid
104857,120606,13228,Partial
106878,93284,139456,Pending
107928,72319,88757,Paid
100885,109965,122868,Paid
109571,44786,18153,Paid
103303,53746,98916,Partial
108463,53827,24727,Pending
106358,39266,100452,Partial
108897,84661,71860,Pending
109450,111811,55125,Pending
105148,41046,142608,Pending
105589,87689,137608,Paid
104357,132953,75890,Partial
100735,98465,29064,Partial
107408,112254,59407,Paid
107353,149794,89068,Paid
109920,49546,63263,Partial
104155,129264,135181,Paid
102449,77255,120502,Pending
104789,138566,113897,Pending
104173,119035,89944,Paid
103318,59548,115835,Paid
101689,89300,148372,Partial
109163,38422,45567,Pending
104489,81819,48835,Pending
107711,67156,114159,Pending
107393,52084,138086,Pending
106086,98349,112717,Paid
100176,36795,148709,Pending
102011,107332,76073,Pending
105822,116770,133766,Pending
101006,45285,63064,Partial
109381,56228,97980,Partial
103289,70689,56429,Paid
105156,59077,149781,Pending
106293,116400,144597,Paid
105990,61803,133587,Partial
106764,38438,19809,Pending
104567,55870,41321,Paid
102465,138026,90064,Partial
104928,96426,52159,Pending
109321,66233,133271,Partial
100165,139078,43326,Paid
102360,31879,82551,Partial
106810,116209,93278,Paid
107022,137114,42008,Pending
103048,83581,24651,Pending
106305,71022,107514,Partial
104444,56299,80423,Pending
103593,69995,67581,Pending
108528,120007,54159,Partial
103701,55774,111249,Paid
105819,95434,120515,Paid
103423,110667,94497,Paid
107596,116057,39590,Partial
109062,77076,70223,Partial
100809,74172,127331,Partial
106944,98082,130325,Paid
109188,85503,88654,Pending
105047,43328,59914,Partial
105699,44230,79300,Pending
106454,77309,135588,Partial
109894,107330,15447,Paid
105452,52919,20440,Paid
109687,144687,128387,Pending
100314,82278,10572,Paid
103478,121169,65241,Paid
106961,98680,21279,Pending
104485,139599,15134,Paid
106040,149649,101097,Paid
106338,141155,100702,Paid
103055,55972,131740,Pending
108664,58638,87262,Partial
108797,90250,58302,Paid
105398,77707,44657,Paid
108061,35462,16635,Partial
102288,69957,49193,Pending
108831,67664,32119,Paid
107338,57861,134340,Partial
101223,94858,146515,Partial
100785,74741,14230,Partial
108537,48850,18073,Paid
105264,94361,78714,Pending
109820,31511,137993,Paid
104981,70950,46858,Paid
106881,131493,41751,Pending
105814,55530,64013,Partial
105372,51721,57201,Partial
106810,116970,84170,Paid
107814,132481,69158,Pending
101513,145668,127690,Pending
105150,67342,37678,Partial
108437,76298,30835,Pending
105577,61194,70145,Pending
106607,141947,146369,Partial
100902,43215,112833,Partial
100109,33559,67011,Pending
103858,74983,117292,Paid
105302,61274,143891,Pending
107412,34672,80321,Paid
102238,93366,86624,Pending
108993,109999,139714,Pending
109050,132387,20225,Paid
106562,117309,101922,Partial
108715,131457,51547,Pending
101494,74615,38977,Partial
100070,73052,142575,Partial
101790,95620,86588,Paid
100161,68941,135795,Paid
103639,102853,49338,Pending
107466,103979,26885,Partial
108017,93974,69571,Paid
106095,32037,35613,Paid
100182,111323,27039,Pending
106495,149685,124828,Paid
100471,69368,103776,Paid
105878,31701,19710,Partial
108517,129470,57507,Paid
107848,30165,118876,Pending
107401,63522,89790,Pending
103919,101426,19276,Pending
104947,49153,116367,Partial
100556,136846,18557,Pending
101401,60826,79440,Paid
105973,70737,124233,Partial
101402,36174,19744,Pending
106536,75559,78884,Paid
107446,130693,73464,Partial
108063,58611,73618,Pending
106795,126862,74439,Paid
103509,108163,80384,Partial
101286,112587,31217,Partial
103985,105067,75087,Pending
109684,90159,79946,Partial
100885,115614,87047,Pending
103110,43141,104385,Pending
107260,50185,57050,Partial
106766,72318,77157,Pending
100073,121586,106293,Paid
108244,82256,40997,Paid
102075,109951,29529,Partial
107814,133901,147240,Pending
108545,105488,134688,Paid
100327,70610,80761,Partial
104369,129924,133449,Paid
102090,121255,45456,Partial
100225,81072,43374,Pending
103553,135376,134968,Paid
109251,145854,75011,Paid
107652,144176,38951,Pending
102102,147580,65541,Partial
107597,92983,116831,Partial
106053,56018,85164,Paid
105390,70540,67420,Partial
103253,38654,70366,Paid
104928,137878,54780,Pending
101900,33857,104394,Paid
100128,52617,94624,Paid
104990,91669,63360,Partial
107363,55859,60751,Paid
103687,144846,87160,Paid
103725,136747,140732,Partial
100642,93263,132694,Pending
105683,73315,121501,Pending
100672,130983,125077,Pending
107417,147946,114139,Paid
100369,100220,109295,Paid
107523,108790,33132,Paid
104833,53721,113991,Pending
101861,115437,106531,Paid
105352,94872,148177,Partial
109273,47059,96369,Pending
106862,33207,24707,Pending
109084,66813,136019,Pending
106155,112993,77141,Partial
109804,42977,40363,Paid
106308,133556,105903,Pending
102530,128769,87152,Paid
102150,82384,42549,Pending
102847,87732,82634,Partial
103943,125384,132631,Pending
106112,93461,26771,Partial
104970,85717,114660,Partial
103686,114585,130820,Paid
100099,144508,93616,Pending
101802,37751,134084,Pending
100384,149742,130960,Pending
103256,35170,57699,Partial
106625,61894,41094,Pending
101945,110139,85441,Paid
104087,78787,12043,Partial
107528,62791,34450,Paid
103450,94743,89585,Paid
101850,70216,138369,Partial
108794,69601,27567,Paid
102190,105768,20478,Pending
106340,101784,70618,Pending
109819,142501,139821,Partial
101465,131045,49152,Partial
102140,140790,148882,Paid
102312,119991,126582,Partial
101031,75716,104603,Partial
103746,40652,53937,Partial
106624,107627,117368,Partial
106630,49929,114275,Partial
106146,147929,20784,Pending
101558,130283,119038,Paid
106087,83569,146403,Pending
102222,47792,101698,Paid
102133,93280,60515,Paid
107374,125240,22627,Pending
108933,129622,31970,Paid
101560,109492,29554,Paid
107197,116927,61543,Paid
109980,56493,27843,Partial
105944,34156,108419,Partial
107673,126118,117492,Pending
101001,46365,10506,Pending
101027,133415,120949,Paid
107866,79806,22648,Pending
101422,70197,19134,Pending
101362,95697,86288,Partial
109855,86638,80227,Partial
101836,40143,143779,Partial
108082,148109,138511,Partial
107168,111925,117557,Partial
101477,149200,75602,Partial
100296,138446,89833,Pending
106018,100878,111407,Pending
109069,109459,62521,Paid
109538,51794,73226,Partial
106998,81006,95601,Pending
104329,82677,113120,Partial
104615,83916,138245,Pending
101952,62993,81597,Paid
109686,126454,124517,Pending
101152,59266,88387,Partial
103520,50189,43591,Paid
107939,133237,85992,Paid
102307,54296,64880,Pending
109533,108075,26799,Paid
105304,104567,81199,Pending
104581,149735,119887,Pending
103340,73805,76417,Paid
109820,40698,147462,Paid
106949,89743,87704,Partial
105061,114870,144765,Paid
100477,122409,92798,Paid
104917,147729,28650,Paid
107185,52071,130260,Pending
108996,54456,123989,Pending
104060,132081,37990,Paid
103599,87857,22913,Pending
105624,51775,43097,Paid
105806,77177,122945,Pending
104924,33741,46805,Pending
102039,50176,69663,Partial
107371,95318,101467,Paid
103535,92998,57063,Paid
109323,116741,88287,Partial
105332,148431,28506,Partial
105098,141421,92852,Partial
103033,138190,124794,Pending
108499,81338,21144,Pending
100073,74147,119594,Paid
101743,84338,63572,Paid
101744,33284,72710,Partial
102465,97375,95080,Partial
103255,67726,145500,Pending
101721,82672,74939,Partial
104043,98157,64804,Partial
102370,56702,105472,Pending
101372,103167,90168,Paid
106939,76713,43691,Partial
105126,31130,105496,Pending
104915,128721,99212,Paid
103679,95707,42938,Partial
101734,115187,59780,Partial
109111,133572,109649,Paid
108596,120644,83279,Pending
108288,48843,29635,Paid
104910,139622,121452,Pending
108016,121565,59957,Partial
103210,34520,84111,Partial
100130,134442,148962,Paid
100786,34920,104478,Paid
106499,87019,106829,Partial
101267,114238,87271,Partial
101247,37643,34165,Paid
104298,106181,16058,Partial
106947,123211,57564,Paid
102394,82773,67934,Pending
100979,119808,22122,Pending
103697,78066,62396,Pending
105682,121850,67116,Paid
109152,103800,139581,Pending
108919,36986,73704,Partial
105582,55914,149981,Pending
105595,80095,108227,Paid
100095,130100,76353,Paid
101964,92573,50535,Pending
109076,65900,93362,Paid
103976,105142,26463,Pending
109143,58634,59170,Paid
102105,134479,96327,Partial
103083,93334,105104,Paid
103375,67777,57625,Partial
102674,133116,86319,Partial
102048,93541,14953,Partial
102937,91389,32167,Pending
108269,86898,20315,Pending
101816,108845,94395,Partial
108418,91075,115995,Paid
106282,149328,143260,Pending
108057,148408,113178,Partial
104033,93101,108352,Paid
105448,41772,54865,Pending
101492,124393,57009,Pending
104693,80900,110279,Partial
102424,77488,113724,Pending
105819,92905,79803,Paid
102443,137779,138450,Pending
101790,77521,118097,Partial
107468,98093,67889,Partial
105557,44358,82752,Partial
109393,53252,85100,Pending
100855,124081,51125,Partial
100390,83326,145718,Pending
108773,34649,56957,Pending
103494,89913,30579,Partial
109766,69694,31275,Paid
108617,136360,13622,Pending
102272,91099,95342,Pending
105361,66131,144982,Pending
105360,58361,67566,Partial
100158,117933,64200,Partial
102468,69961,14875,Partial
109167,143681,142064,Partial
102802,142429,104621,Pending
109223,110522,109992,Paid
106007,116813,62045,Paid
107618,47694,64926,Partial
102694,72518,143580,Pending
104565,133480,12427,Partial
101427,32534,114603,Pending
103306,96222,26124,Paid
105852,103226,65512,Paid
105899,144094,69776,Paid
102312,50953,86032,Paid
101733,50069,116936,Pending
103939,77201,143650,Pending
101876,105206,32458,Partial
100048,95899,28893,Pending
105726,55679,103750,Paid
107216,145957,79346,Partial
105358,106486,55814,Partial
101167,65752,42121,Paid
101843,105060,43636,Paid
105257,113748,138710,Pending
101536,48150,12348,Partial
100934,101966,49634,Paid
107548,120617,148454,Pending
104579,97846,116654,Pending
101827,75604,111643,Pending
105440,96369,147278,Partial
104645,75172,70397,Partial
105937,134135,23953,Paid
101185,110373,121093,Paid
104736,103394,123310,Partial
103241,78608,134399,Paid
101711,141831,40216,Partial
101397,112745,41477,Paid
100708,90248,134626,Partial
102665,86613,58796,Pending
108268,43948,21904,Paid
105498,132934,64351,Pending
101736,75529,72663,Paid
102030,119907,140082,Pending
102121,60535,64962,Partial
106994,41650,18235,Paid
105420,33261,87176,Pending
109813,33720,96657,Paid
108996,74560,109102,Paid
105630,136539,14804,Paid
100026,71873,25448,Pending
100901,38171,34164,Partial
103659,73622,37716,Partial
103155,135208,136176,Pending
100837,132176,123417,Pending
103136,117251,31251,Paid
104580,142285,146413,Partial
102067,100612,99716,Paid
102931,47705,46064,Partial
107382,90074,37594,Partial
104435,89884,100917,Pending
104282,62445,79883,Paid
105598,83307,142229,Partial
107993,120863,75637,Partial
100153,59117,47387,Pending
106036,97225,147452,Partial
104185,33163,64588,Pending
102625,76475,82798,Paid
105970,45422,134633,Partial
102257,76330,111805,Partial
100122,86212,100717,Pending
106097,107199,54242,Partial
105860,117296,54353,Pending
102086,72706,63356,Pending
101717,104656,115939,Paid
106430,59203,38961,Partial
100052,108000,81408,Partial
109972,96053,33944,Paid
109942,97865,131850,Pending
104957,33486,90999,Pending
108161,48563,56724,Paid
106158,33795,58299,Pending
109946,82670,132707,Partial
103472,65220,13519,Paid
109481,88500,87186,Paid
108097,146918,96950,Paid
100333,30317,121538,Partial
100481,101492,111302,Partial
101544,126204,87021,Paid
103473,36760,113474,Partial
109675,112696,94654,Paid
104141,147896,110714,Pending
104550,34236,131257,Paid
107518,42330,25449,Partial
100218,112306,138476,Paid
109393,143754,102870,Paid
107127,36981,48877,Paid
106391,107065,27589,Paid
107503,73166,24237,Paid
102166,48226,54731,Partial
109875,91581,106028,Paid
101115,131246,149364,Pending
102834,136034,58339,Paid
105349,33803,54604,Partial
107587,134782,11647,Paid
101407,38390,102507,Pending
105608,53843,61978,Paid
106124,114600,86506,Paid
107677,42768,42105,Pending
109145,80470,14165,Pending
108856,77348,75124,Pending
109632,141591,91093,Paid
101200,57479,10163,Paid
100882,38265,43229,Pending
103770,56882,58887,Pending
102959,34926,139006,Partial
108077,64287,148182,Pending
104323,146020,94903,Pending
106402,113941,61760,Paid
107269,133003,79403,Partial
106705,83249,91910,Partial
103213,117909,109646,Paid
104162,120794,138675,Paid
104227,47050,91412,Partial
103063,123679,114348,Paid
102524,49685,62552,Paid
104950,41997,106248,Partial
106123,38660,28436,Partial
104687,93825,92157,Pending
104227,129999,44453,Partial
103214,115348,46595,Partial
104333,120450,42671,Pending
104622,46386,51869,Pending
102049,65935,32210,Paid
101627,84427,13970,Pending
103883,133524,141614,Pending
108419,54778,22596,Pending
107861,143709,137173,Partial
100326,113631,21821,Paid
109267,33928,100998,Paid
107729,91662,64914,Partial
100724,133760,71774,Pending
104871,83274,24205,Partial
105018,60429,25461,Paid
103354,71237,118192,Paid
108105,86520,15160,Pending
100151,58646,21941,Pending
106220,53082,121230,Pending
108169,36249,85291,Partial
105711,108232,25954,Partial
109337,93252,14278,Pending
109336,143014,115348,Paid
106121,92974,101890,Partial
101042,132551,57073,Pending
109762,32936,140816,Paid
109226,43357,80685,Paid
102241,33817,128354,Partial
105402,71302,119355,Paid
102821,139279,18465,Paid
101259,97610,83418,Partial
107236,142274,30970,Paid
106651,65379,25415,Pending
100577,98533,147598,Partial
105776,117296,29958,Pending
101079,108989,64219,Partial
102981,95904,100542,Pending
109785,146917,83445,Pending
109047,101829,140052,Pending
103527,32186,119803,Pending
100300,35437,131487,Partial
109202,39700,139582,Partial
105405,38630,75354,Paid
103473,98510,69695,Partial
105058,125330,53670,Partial
108133,86016,89790,Partial
101004,80287,46991,Partial
104925,99152,107278,Paid
101811,145072,47020,Partial
108448,55169,52254,Paid
102588,48515,124031,Paid
104939,93384,51021,Pending
103524,124990,136221,Paid
102439,53885,15397,Partial
105112,140228,83816,Partial
103974,145413,116062,Paid
108190,51489,83871,Pending
106924,62530,131363,Pending
105475,143153,114617,Partial
107179,139617,142939,Partial
103673,147070,50307,Pending
107908,120117,87037,Partial
104838,39129,84538,Paid
102204,125075,11978,Partial
108562,136071,109029,Pending
109831,129647,129631,Paid
109632,36531,58891,Pending
103254,49582,122103,Pending
106907,85520,26698,Paid
108538,38266,77754,Paid
103402,55005,11007,Pending
100622,129299,86926,Pending
104351,72309,95409,Paid
108430,149035,112505,Partial
109510,40630,97175,Paid
109148,70045,42045,Partial
106716,97137,95584,Partial
109085,138143,95714,Paid
105593,113811,78383,Pending
105317,95207,19954,Partial
108303,31132,77623,Paid
100086,75249,122304,Pending
108223,107330,92267,Pending
107794,146590,129399,Paid
103744,140026,111593,Partial
100262,85296,130056,Paid
106181,85880,92990,Pending
102721,51507,58606,Paid
105739,32840,144345,Paid
106091,93422,145895,Partial
104618,56363,73811,Pending
106569,122140,65187,Pending
102498,77820,118273,Paid
102736,118776,23994,Partial
105309,144245,110536,Partial
102930,79806,37512,Partial
108260,41609,56563,Pending
105993,98207,135024,Paid
107878,69509,44490,Partial
105656,110552,22536,Paid
105711,149235,149936,Paid
102886,131687,49220,Paid
100969,53687,52090,Paid
107091,57225,98384,Partial
104221,38666,135749,Paid
107217,148521,12086,Paid
108638,41533,141758,Paid
108367,42562,56093,Pending
103451,140996,34991,Paid
108467,30380,78542,Partial
109474,129481,55884,Pending
100604,133776,120695,Partial
107566,72391,132250,Partial
107502,125851,28293,Paid
103152,124544,113275,Paid
106573,42057,146512,Partial
108006,109856,106115,Partial
102686,141650,122365,Partial
102575,111262,35439,Pending
106217,35131,84288,Partial
108649,120002,73138,Partial
107529,71346,34834,Paid
100551,96489,50582,Paid
107336,114561,85778,Paid
105803,72845,40655,Partial
103424,115723,19274,Paid
102519,143579,26585,Paid
103522,43537,148008,Pending
100498,111521,77403,Paid
100690,100267,90784,Paid
102510,123428,102147,Paid
104519,121910,53747,Paid
105275,149708,108205,Paid
105592,46719,36343,Pending
101421,79902,129212,Pending
103759,77075,126571,Paid
104412,86748,25969,Pending
105483,127439,129314,Partial
104601,61121,119281,Paid
106932,80235,11575,Pending
106557,130215,42295,Partial
104678,72812,144337,Partial
101483,105051,109597,Partial
109405,73071,36714,Paid
105928,65454,100544,Partial
106186,88040,58340,Paid
102399,78274,85551,Pending
108383,141599,83312,Partial
101385,102343,94701,Paid
109262,120054,84144,Partial
109033,52814,127232,Pending
102019,105463,131498,Partial
105311,143522,28496,Partial
100396,127164,66051,Pending
109864,108022,121517,Paid
108712,122044,72647,Pending
106543,106348,108859,Paid
105700,55107,137428,Paid
105638,107462,45250,Pending
100573,145418,63347,Paid
104436,114373,128554,Pending
101049,35497,140004,Paid
100317,112752,127069,Paid
109173,105857,57819,Paid
106266,110047,12862,Partial
100377,39146,107838,Pending
103456,38838,138384,Partial
100073,83322,92747,Paid
109418,107498,124566,Paid
108272,95496,146594,Pending
106301,36126,122995,Paid
109080,86554,73006,Partial
109104,61294,54267,Partial
105103,78106,66857,Pending
108710,99294,95910,Partial
104303,36145,84689,Paid
101804,133636,28791,Paid
101749,128041,60000,Partial
108783,105559,126593,Pending
108729,116749,100195,Pending
106752,60096,63984,Paid
101837,74254,137108,Pending
105678,111899,146388,Partial
106557,142486,17665,Paid
105799,107846,42414,Paid
107332,85346,22276,Paid
108825,129724,33832,Pending
103188,138514,20932,Paid
100659,131761,99751,Pending
102720,137829,55745,Paid
109164,102394,83945,Pending
102696,143890,94215,Pending
107189,82287,44661,Paid
100958,33179,146061,Partial
100195,106694,22892,Partial
102672,124916,61852,Paid
103395,47146,47807,Paid
103930,108874,123237,Partial
109025,39794,14052,Partial
107680,135442,145189,Paid
100489,138491,91032,Paid
104411,124790,88504,Pending
103210,130040,22963,Partial
108084,70373,130760,Paid
107217,142332,131028,Pending
109568,115524,28590,Pending
102450,128645,114717,Paid
108899,112608,126569,Pending
103672,130687,71152,Pending
107937,128382,140729,Partial
104599,69876,80987,Paid
107129,88067,52432,Paid
101142,146367,17407,Paid
100320,130791,82006,Partial
108310,124890,114466,Partial
107172,137412,50460,Partial
104311,117941,93044,Partial
106708,42604,20804,Pending
108987,72890,124561,Paid
102482,112120,14602,Paid
101980,145186,16560,Partial
109098,92478,14424,Pending
104339,64807,26622,Paid
100616,64327,61051,Partial
100612,116676,110461,Paid
107215,83935,136644,Partial
106820,108584,136135,Pending
104427,81458,42997,Partial
104514,137477,145458,Partial
106348,70140,99162,Paid
108594,92605,120413,Pending
108436,125034,21470,Paid
100514,98474,50078,Partial
107871,114227,71063,Paid
101262,73070,94872,Paid
105836,97165,44339,Paid
105025,66250,11669,Pending
106770,78851,51327,Paid
107967,110997,59957,Paid
104645,49669,69950,Pending
106549,101797,35954,Paid
105236,70490,134924,Pending
104753,53862,39182,Paid
106643,98231,68253,Paid
106759,36482,41580,Pending
109120,37639,10793,Paid
108428,89919,124482,Pending
103374,124265,56925,Paid
100042,37305,71609,Pending
105693,103968,122231,Pending
107200,42122,123445,Paid
103390,66039,57679,Pending
107632,94128,38764,Pending
107870,121255,64620,Paid
103284,65367,41303,Paid
102868,95297,82375,Pending
107843,69681,85570,Partial
100308,147339,146842,Partial
102930,30792,136857,Partial
105985,123993,123440,Paid
103160,148066,94118,Paid
108227,140458,83315,Partial
106636,38769,147427,Pending
101581,51497,103054,Paid
101784,136992,58282,Paid
102688,102491,131249,Paid
101068,52169,66122,Pending
109247,129991,62746,Pending
102434,38878,52994,Partial
107097,31357,58142,Pending
103603,131271,108781,Pending
103610,49655,128985,Partial
103040,124237,17789,Partial
105548,48348,77148,Partial
102562,45209,81403,Pending
104720,36251,32703,Pending
104210,146550,29642,Pending
107072,134334,62366,Paid
103826,86010,73798,Paid
108590,111641,133573,Pending
107777,106548,15227,Pending
105715,137980,32869,Paid
108054,64276,114459,Partial
103975,34253,146631,Pending
103066,141015,91913,Pending
100937,144918,77364,Partial
102464,68262,81954,Paid
109305,37565,86654,Pending
104723,67310,92180,Pending
107503,62697,60529,Pending
101955,141963,111925,Pending
104497,143063,97515,Partial
107954,114164,145631,Paid
102071,71611,92568,Partial
106269,117425,67864,Paid
100647,147949,82161,Partial
107469,85531,144206,Partial
102708,141014,73073,Partial
100152,110664,108602,Pending
104180,31463,96384,Paid
107065,132196,58318,Pending
103712,106502,103070,Partial
107742,68759,128814,Paid
102559,35548,102410,Pending
100696,100741,105103,Partial
106635,109262,75393,Partial
104825,47561,130589,Partial
104620,58975,93203,Pending
107958,66660,53967,Paid
105348,46475,31367,Paid
107035,66898,148421,Paid
107861,59402,74369,Partial
106476,49105,60121,Partial
109276,78267,60905,Partial
107807,136018,119394,Pending
109379,103726,82448,Partial
104746,148248,20458,Pending
105032,79619,59162,Paid
109535,108889,75821,Partial
100189,139023,101321,Paid
102451,90623,80211,Partial
106006,125822,93507,Partial
105474,121629,144013,Pending
101530,88087,110399,Pending
101142,38751,85651,Partial
101477,67349,77837,Pending
104570,87624,101691,Partial
108873,41799,18119,Partial
108692,39046,34441,Pending
104361,48778,107729,Paid
100683,49100,94814,Partial
104668,30030,28852,Partial
105500,88291,144956,Partial
100640,110716,86154,Paid
104421,72070,72553,Partial
101925,80562,136428,Pending
106894,143685,48472,Partial
105593,119891,35154,Paid
102703,41233,80514,Paid
105574,63567,92972,Partial
102853,113545,51572,Pending
102475,111368,144708,Partial
101618,121184,134569,Partial
103925,76182,40415,Paid
109676,77674,104132,Partial
106514,114493,65770,Pending
104500,93251,71879,Partial
105848,68601,97956,Partial
109729,94986,81326,Paid
103734,66605,104415,Partial
102651,49928,28181,Partial
104966,43637,75447,Pending
100111,76362,57739,Paid
105638,89646,84790,Paid
101653,82195,124691,Paid
106123,59507,75414,Pending
104446,148034,38922,Partial
105754,146257,18827,Partial
103313,33584,76737,Partial
109545,76732,122416,Pending
108647,48794,137439,Paid
102118,103511,27608,Pending
105640,71683,129400,Partial
106768,43890,116410,Partial
104818,37026,137250,Pending
100160,59324,11566,Paid
105704,134071,102508,Paid
104989,125994,98779,Partial
106088,133131,37751,Paid
103274,57667,38005,Partial
105891,95939,30456,Paid
104226,149370,74281,Paid
105103,141270,56672,Pending
109610,49055,15272,Partial
100125,110683,135894,Paid
104132,132467,142219,Partial
106122,111335,47120,Pending
102726,50340,53699,Pending
100070,121265,49304,Partial
105132,136788,96570,Pending
105817,97260,74796,Partial
100686,146515,31162,Partial
105938,77441,120434,Partial
107355,39936,97584,Pending
101229,148434,55618,Pending
100463,54074,136088,Paid
105974,79214,110226,Partial
103865,89526,139605,Paid
102030,63030,113781,Partial
108738,99209,57332,Partial
105910,85562,13877,Pending
100814,70179,130997,Paid
106071,108379,125421,Partial
100480,48096,50204,Pending
100237,118396,146268,Paid
105464,77192,63409,Partial
104121,72354,142402,Partial
103600,145943,30594,Paid
107977,68527,22991,Partial
101561,38097,82177,Paid
108047,40444,129868,Paid
101193,149035,43681,Paid
103087,148320,74003,Paid
105634,121303,94451,Partial
103528,37576,47141,Paid
100948,72622,77646,Paid
107440,49527,58978,Paid
108798,82872,37259,Partial
107057,92895,51469,Paid
101897,94098,111999,Paid
108459,81185,101420,Pending
101186,66935,121873,Partial
106485,116784,35905,Partial
106145,64615,30690,Paid
106295,98592,119409,Pending
105227,115145,45567,Partial
103981,112051,112713,Paid
107726,122996,33889,Pending
105914,94892,29191,Partial
103845,51902,76627,Paid
104985,120300,125427,Partial
103449,75673,103677,Pending
109778,76688,149131,Paid
109010,33805,84578,Paid
104204,112510,24780,Pending
107529,110458,125340,Pending
101163,149780,18523,Pending
103273,123515,77761,Pending
107850,40157,131096,Paid
102993,31034,66021,Partial
108460,123055,103208,Partial
102234,138335,37070,Paid
103634,114101,69634,Paid
103230,89888,148564,Pending
108237,45718,12298,Pending
103493,118854,84558,Paid
108389,57847,94676,Pending
101289,103885,47110,Pending
109852,63582,124621,Partial
108428,93790,115084,Pending
108126,100379,131716,Pending
108551,75639,114635,Paid
107146,78912,79623,Pending
107453,51214,104175,Pending
104405,92258,129581,Pending
101170,95737,12612,Paid
109794,45917,111384,Paid
100987,40274,134959,Partial
101048,34350,140527,Pending
101443,122141,81158,Pending
105295,134506,38180,Partial
100521,144541,86266,Pending
101783,139736,44413,Pending
108236,105846,54679,Paid
105372,73079,58984,Paid
105350,61175,12400,Partial
100365,121789,134609,Paid
104502,54882,117213,Pending
107424,148502,52297,Paid
107325,43899,54378,Partial
102459,130223,24103,Partial
107288,68796,109309,Partial
105506,105974,106860,Pending
100697,120676,133413,Paid
108288,91816,22550,Partial
109208,120716,87027,Paid
107086,69537,87673,Pending
105776,106757,13325,Paid
100946,95364,38141,Partial
104594,43864,80634,Paid
104025,143459,67760,Pending
109183,131998,127568,Pending
102256,104269,52995,Pending
100101,115763,117476,Partial
105242,125776,72278,Paid
104459,97352,95309,Paid
104997,111121,17071,Paid
100042,102511,44675,Partial
106966,49356,81117,Paid
105102,39867,69350,Partial
104456,65994,120775,Pending
104954,139091,103783,Pending
105826,54438,65389,Paid
106186,64326,85944,Paid
108439,90226,99471,Paid
105493,132526,39747,Paid
101394,80464,94860,Paid
100804,148647,69749,Paid
105273,123384,38763,Partial
102677,125319,101476,Paid
104592,96942,61922,Paid
106671,71659,147959,Pending
105091,100494,38297,Pending
109220,110426,30520,Paid
103940,113717,131732,Partial
108299,65175,139603,Partial
101717,62308,145242,Pending
107704,108983,92615,Pending
105241,56309,82104,Pending
106015,97934,101459,Partial
107816,40258,102124,Pending
106114,124008,101977,Pending
102710,97445,85300,Paid
106183,136854,42607,Partial
103215,122653,24095,Partial
101648,90275,90427,Partial
108680,33818,145486,Partial
100243,132686,96574,Pending
106916,148081,106787,Partial
108636,123261,109363,Partial
103653,48590,87831,Paid
104476,50016,111792,Paid
108466,47492,60901,Partial
104915,138343,130293,Paid
101119,83789,141335,Paid
108625,39832,16094,Paid
103097,137131,73196,Pending
105104,59460,87658,Partial
100984,49014,36050,Pending
102758,127169,68467,Paid
101961,73297,10478,Pending
105069,148350,75838,Partial
101236,53119,39333,Paid
101228,95634,79126,Pending
109059,64651,99755,Partial
109430,113743,58244,Paid
104986,84256,54585,Paid
107622,48576,75304,Paid
105863,126590,99516,Partial
106984,90365,22957,Partial
103834,51629,40023,Pending
106542,99631,113668,Partial
108160,37871,32550,Paid
108106,148562,67406,Partial
103379,49951,43222,Pending
100204,141284,149704,Paid
100168,131508,110487,Pending
106603,147537,127893,Paid
105571,43490,141226,Partial
104668,77838,11296,Pending
101143,102432,109250,Partial
102433,82390,83052,Partial
104378,118840,78158,Partial
103252,116579,46436,Pending
105671,100304,148475,Pending
100323,142966,143506,Pending
104845,83822,62205,Pending
101663,54969,94331,Paid
108855,94370,79243,Pending
102471,117408,19057,Paid
105189,59924,45561,Paid
104170,54516,67072,Paid
102584,123395,83282,Partial
100995,77276,89087,Pending
101293,62158,108389,Paid
101268,119421,96290,Paid
102724,39273,121104,Partial
109432,105130,62803,Partial
105273,41424,83640,Partial
101277,148787,49178,Pending
103728,51672,12658,Partial
105570,46295,102726,Paid
109783,98873,147441,Partial
104036,72393,108210,Partial
101156,81007,35241,Paid
100480,36620,69785,Pending
106872,129644,51782,Pending
106220,133385,81319,Paid
102137,119692,95643,Paid
106344,72906,38450,Pending
101048,39313,115854,Paid
100226,70927,71103,Partial
105653,66447,121816,Pending
103719,145560,116292,Pending
108790,67660,47265,Partial
100947,62060,88686,Paid
106741,37488,95358,Partial
108225,105301,143780,Pending
100227,72709,102449,Paid
105158,144487,122790,Partial
106266,148041,109465,Paid
103674,128175,49827,Paid
105923,38074,91181,Paid
107896,105542,124913,Pending
103290,67457,49690,Pending
100077,43502,61822,Partial
109354,82515,97583,Paid
108611,102201,116651,Pending
101149,75928,21864,Paid
102927,58860,112487,Pending
107502,120133,123118,Partial
108928,141178,45724,Partial
108305,104372,67923,Pending
102170,47819,84256,Pending
109914,114534,28892,Pending
108903,80268,146390,Paid
101841,103743,47542,Pending
105189,87090,100532,Pending
100806,98533,74124,Partial
109361,38233,99741,Paid
104974,135074,86154,Paid
102327,101501,147432,Paid
106263,101607,54044,Partial
105558,57147,83981,Partial
109703,148403,85081,Partial
105592,76471,79065,Partial
104681,138151,102740,Partial
100405,83271,93764,Paid
103775,108432,112021,Partial
103244,42264,81492,Partial
104953,94930,78473,Pending
100866,35932,48668,Paid
104091,129116,24223,Paid
100233,109468,93003,Pending
101431,49324,114977,Pending
104696,72485,139875,Pending
102148,129210,58603,Pending
106956,138255,117233,Partial
101198,121532,35973,Paid
103844,65227,10597,Partial
102460,118643,130413,Pending
100448,106807,34534,Paid
107545,96012,77371,Pending
102374,34875,141657,Paid
106926,69826,78404,Paid
103343,85673,116454,Paid
104455,67398,127937,Pending
108820,74459,142087,Paid
103684,67862,54662,Paid
104618,95318,75794,Pending
103671,114908,47097,Pending
108669,145683,79972,Paid
108692,77864,148959,Partial
108378,44055,119733,Partial
107395,98233,34250,Pending
107581,86914,121124,Partial
109604,84120,38284,Partial
109941,86512,143992,Pending
103810,129169,74712,Paid
100366,58137,114664,Partial
108572,84517,45950,Pending
105737,132821,135167,Pending
106719,114460,10441,Paid
103115,116039,117721,Pending
104100,134274,17824,Paid
107072,147192,45612,Partial
103519,103440,89323,Partial
109048,61257,98639,Pending
102251,138929,57000,Partial
105623,123432,89805,Partial
101259,72485,53695,Paid
100164,79633,139088,Partial
107816,60280,86807,Pending
109082,84536,149647,Paid
101161,69049,117668,Paid
105499,119699,79081,Partial
104291,36016,120193,Pending
106169,36070,70490,Pending
100144,55659,11881,Partial
105670,44871,29864,Paid
102504,36375,24755,Partial
109420,101568,80871,Paid
103712,76629,110105,Pending
106528,115275,17694,Partial
109809,41047,116411,Pending
109644,50211,96391,Pending
100248,51168,90280,Partial
109276,121103,133198,Pending
105717,85892,36460,Paid
107063,115687,31668,Partial
104872,140925,67014,Paid
106452,79003,132303,Partial
108226,100536,131767,Partial
109760,41092,122335,Paid
105291,67847,22448,Partial
100571,133505,23583,Pending
105090,139922,12136,Partial
101103,30135,95295,Paid
105005,32238,70345,Partial
104252,42274,25884,Partial
109982,90376,73601,Partial
107211,127141,85787,Paid
101237,131612,55720,Partial
102772,47860,93025,Pending
102858,97701,126306,Pending
108979,93560,143089,Pending
100444,101382,103800,Paid
100820,60224,49294,Paid
105273,105744,40775,Pending
104809,111042,13432,Partial
104882,101044,112889,Pending
102434,45437,123675,Partial
106698,62973,52420,Pending
109733,108029,48504,Pending
108788,109929,25570,Partial
107943,83954,82938,Pending
103594,136161,108702,Partial
101456,49297,113944,Pending
105308,67140,65079,Paid
103794,58317,12743,Partial
108838,116657,53639,Paid
103744,32868,96917,Paid
104326,69813,40344,Partial
107550,97752,17317,Pending
100445,119618,138464,Partial
104046,138589,129631,Paid
105558,34681,130310,Paid
102194,146168,88398,Paid
106666,92034,148951,Pending
106168,78373,23999,Partial
103698,92635,76713,Partial
106218,61714,106931,Paid
109088,102789,23304,Paid
108044,33058,23006,Pending
104271,126397,71178,Paid
102496,47505,23819,Paid
108591,112525,126381,Pending
106685,55843,16371,Paid
102605,96321,33339,Paid
100682,35513,123957,Paid
108500,132709,32573,Paid
105372,147143,130821,Paid
109346,139041,62734,Partial
100604,105023,142608,Paid
100768,94379,129416,Partial
108841,97014,55383,Pending
101478,85287,28193,Partial
106955,101919,113741,Pending
108537,54634,148077,Pending
101404,120884,109465,Partial
102429,76185,104960,Partial
102316,124023,148498,Pending
100752,132592,77327,Partial
109979,149537,100617,Pending
100929,68765,122520,Paid
107470,99404,87867,Paid
104146,82479,84006,Partial
101787,100909,140275,Pending
100149,149145,113345,Partial
101929,43635,23364,Pending
102904,112295,16908,Partial
102173,126624,25645,Partial
104147,48035,16941,Partial
101629,56343,21453,Pending
100129,117101,51134,Paid
109488,52314,76032,Pending
106556,124614,113246,Pending
101211,43285,61033,Pending
102621,133851,35621,Partial
107119,105605,115062,Paid
108216,93040,86464,Pending
105740,119941,12617,Paid
107211,81920,96297,Partial
106046,86281,118311,Partial
100329,140230,88448,Paid
107147,132139,22770,Partial
102089,123903,12599,Pending
103467,34903,34338,Paid
102721,78453,23775,Paid
102668,87493,20646,Pending
102745,64281,33102,Partial
107306,127500,43486,Paid
109975,120018,87874,Partial
106611,67280,113284,Paid
104736,104381,138186,Partial
108281,32176,148174,Pending
104419,88507,32130,Pending
103276,141391,51436,Partial
101115,110401,55113,Partial
108593,32949,42772,Partial
104118,95855,59612,Paid
101304,42589,102275,Partial
100761,52239,26088,Pending
107986,127081,52219,Partial
105998,118377,18114,Partial
101211,110238,35710,Partial
104709,93878,138249,Pending
103613,98725,32870,Paid
109616,35857,63613,Paid
105729,32074,84634,Pending
101452,43562,25542,Paid
103362,50121,77357,Pending
109768,42668,147464,Paid
106807,40770,119871,Pending
104008,137222,18983,Paid
105461,99133,79987,Partial
101864,50106,95533,Paid
103287,71067,23047,Paid
109142,135600,107206,Partial
103389,82492,83062,Partial
103233,42987,77809,Pending
108737,84203,74521,Partial
109885,143851,28180,Pending
104463,34926,22232,Pending
109003,60588,89959,Pending
106793,73515,115455,Pending
102221,65821,94146,Partial
105920,129674,12887,Partial
102849,125121,112466,Pending
103359,147785,76071,Pending
102608,83595,90337,Pending
105726,111996,55006,Pending
107278,85146,132299,Paid
103188,52577,112588,Paid
109723,120067,110703,Paid
104919,38027,46376,Paid
105631,102929,123449,Partial
101469,110964,64494,Pending
107572,65610,76236,Partial
100975,37977,135155,Paid
105971,78062,132962,Partial
108096,143493,11398,Paid
100340,70648,146661,Paid
107958,146378,81744,Paid
108458,74683,146792,Paid
104273,145894,67713,Partial
105434,136762,113082,Partial
100739,88987,141899,Paid
100057,83540,40093,Paid
107285,142051,128568,Partial
108963,35288,125216,Partial
108016,103485,79148,Partial
100490,136888,128357,Partial
102645,106861,70560,Paid
103919,59394,95544,Pending
107226,96610,81509,Pending
109102,137853,118666,Partial
109096,103526,11795,Partial
100088,48264,137379,Paid
105322,123310,71621,Partial
102888,56000,39655,Paid
106382,31638,81094,Paid
102767,92929,89632,Pending
107143,67507,87555,Pending
109737,35820,20907,Pending
107553,79735,105179,Partial
106956,75939,118067,Paid
101381,66023,66324,Partial
106028,31643,44623,Paid
100131,142634,124875,Paid
103427,80093,75211,Pending
107516,85791,81682,Paid
106141,131095,53458,Pending
105062,47324,100544,Pending
106829,134214,83761,Partial
103777,130778,136815,Partial
107530,107400,134431,Partial
108646,77061,124920,Pending
107073,39436,80570,Pending
100945,62735,119713,Partial
101754,59770,55199,Paid
106684,82655,68935,Pending
109906,36425,81333,Pending
101965,33476,37135,Partial
103056,79866,118298,Pending
104331,50313,62808,Partial
107711,60250,22047,Partial
108428,118508,58492,Pending
100712,130070,88670,Paid
100015,104506,100326,Paid
105477,141943,122992,Pending
103548,31149,37759,Pending
100246,128909,16384,Partial
106908,85382,25399,Partial
101113,146613,61989,Partial
102820,58792,20346,Pending
106390,91188,109801,Pending
104146,46185,78912,Pending
101894,51459,90878,Paid
106321,47118,120451,Paid
102590,47439,39662,Paid
108920,43706,78014,Paid
104326,43743,88784,Pending
104487,142433,43122,Pending
109879,98514,84987,Pending
105290,80645,20196,Paid
105469,73913,30667,Partial
108396,122430,93705,Paid
106350,70107,60224,Pending
101169,61512,74305,Partial
103075,146574,108343,Paid
107712,108288,23892,Partial
101190,126653,22993,Pending
105308,51235,30706,Partial
107114,126506,79304,Pending
104729,60454,27875,Pending
106316,46140,34644,Paid
109147,67289,32680,Pending
108464,76607,65617,Pending
109757,144746,122643,Partial
106095,126856,26121,Partial
101552,75085,70171,Paid
108101,74429,28146,Partial
101992,57715,57926,Paid
105831,142729,146160,Pending
100104,34772,33684,Partial
105682,138071,11158,Paid
100832,133608,120510,Partial
109930,39474,92644,Pending
100332,114242,127154,Paid
100931,81525,22950,Paid
100198,120600,63440,Pending
102969,51207,129050,Pending
109065,83018,103674,Partial
101749,135356,115132,Pending
100955,92594,125983,Pending
109109,106541,144498,Paid
101812,63351,112036,Pending
106693,104960,69080,Pending
107162,73022,65361,Pending
102973,123992,26648,Partial
103330,56088,116477,Partial
108931,122584,103346,Paid
104723,39496,18351,Pending
105892,66861,116682,Partial
108459,118049,12254,Pending
108423,143037,149259,Paid
106671,136489,118376,Partial
103957,111939,77702,Paid
100480,122525,93479,Partial
109148,99708,32295,Paid
107294,35222,140637,Paid
100378,83455,43148,Pending
101970,63653,33876,Partial
104959,43674,38626,Paid
107605,146049,14667,Paid
102182,60900,59037,Paid
107372,58026,47352,Partial
109295,44700,148552,Paid
107577,42196,134635,Pending
107235,110888,57366,Partial
107063,90874,137178,Pending
104080,48660,19703,Pending
105786,57946,71369,Partial
104524,120558,106638,Paid
107155,140159,72049,Paid
109028,123018,91600,Partial
105057,144568,136052,Pending
100228,132131,66925,Partial
100844,100623,68315,Paid
101206,125002,87406,Partial
106875,126678,22333,Partial
100900,124177,129495,Pending
103627,146729,22579,Pending
106202,82967,116224,Paid
102053,105398,54179,Partial
102983,69964,76223,Pending
105337,137857,144711,Partial
108432,74018,68769,Partial
109116,76227,46008,Paid
103065,54800,23016,Paid
102050,146611,73888,Paid
103113,90125,81929,Paid
105300,84304,86864,Paid
105289,41137,144617,Paid
102158,104589,40281,Partial
108419,98536,29248,Pending
106400,61107,123283,Partial
103419,63413,63023,Pending
105136,136480,110281,Partial
104729,109777,41092,Paid
101651,113226,124629,Paid
108373,111469,116512,Paid
106837,62121,29396,Paid
103967,39534,75115,Partial
100838,141031,108399,Partial
107850,134275,27173,Pending
101495,66361,79478,Pending
109778,120770,68397,Pending
105964,55109,99101,Paid
101001,108111,104490,Paid
102399,30146,14038,Pending
104059,46413,22261,Paid
107047,74937,23633,Paid
102098,98203,93597,Pending
104793,99476,126340,Partial
109453,126925,107700,Pending
104962,148859,118001,Partial
104709,89795,73560,Paid
105824,112204,120861,Paid
104162,58359,137610,Pending
109362,133621,60138,Partial
105706,75318,30110,Pending
103060,136309,85521,Pending
107971,143628,137379,Pending
106854,144408,54844,Pending
105774,92958,109850,Pending
101045,49598,51758,Paid
107008,84516,135396,Paid
109576,71387,87129,Paid
108516,115580,136990,Pending
108683,46846,98477,Paid
104070,71144,81792,Partial
101584,93411,13424,Paid
103184,104131,38850,Paid
100652,139227,50849,Paid
108792,78926,76560,Paid
102609,144121,11120,Pending
101077,74234,26884,Pending
101320,85748,119730,Paid
104387,132465,57072,Partial
107999,77847,48051,Paid
109153,81822,133532,Partial
101453,56096,135176,Pending
109699,144851,104647,Partial
107691,101308,132399,Paid
106745,149407,112456,Partial
102085,134623,34673,Partial
106875,45344,105155,Paid
104060,138377,98858,Paid
109236,108065,11149,Pending
109815,60028,60100,Pending
107897,94011,37836,Pending
108908,97570,104530,Partial
109598,148439,82589,Pending
109594,38101,10978,Pending
106570,104245,112925,Paid
109256,80804,54709,Paid
102554,140745,115286,Pending
102175,37074,140344,Pending
103429,65688,133345,Paid
102975,119297,52229,Paid
107424,71630,148638,Partial
100197,96158,80646,Paid
107650,88605,100842,Paid
109734,90971,119390,Paid
105663,117814,115512,Pending
108326,55553,77278,Pending
107872,145315,130394,Partial
106232,115359,127250,Pending
104024,59033,126981,Partial
104328,149858,39732,Pending
108076,76214,42891,Pending
109058,146175,82976,Pending
109598,146593,91007,Partial
104958,146448,136470,Partial
107440,46741,17590,Paid
103266,121685,143885,Pending
108174,117384,92180,Paid
100421,105391,59290,Paid
107271,107109,105105,Pending
106594,96129,133099,Paid
104825,128744,133807,Pending
102232,117973,52628,Pending
104964,42173,24941,Pending
103913,135189,75739,Paid
103051,89846,17528,Partial
105197,46002,28205,Pending
107586,82926,27729,Paid
106930,80568,85426,Pending
104531,72121,36893,Partial
109484,71791,103144,Partial
106876,41854,37505,Partial
102717,40981,74588,Partial
106730,76388,32432,Paid
101928,135680,115486,Partial
109112,59523,28862,Paid
101343,62100,108775,Partial
104413,126772,33615,Paid
100703,100845,80624,Pending
105046,55411,47159,Partial
109449,50058,118124,Pending
109685,125403,41229,Partial
100059,135951,56789,Paid
101870,55358,19612,Partial
109162,129825,45556,Pending
109524,99138,72568,Pending
106367,81341,96003,Partial
103253,72399,18133,Partial
108787,96318,64743,Pending
105271,107741,23020,Partial
104589,87435,74911,Pending
107396,126186,138835,Pending
101049,50069,84672,Paid
105982,43984,72317,Paid
102056,147271,114826,Partial
107147,49649,133629,Partial
100676,144164,85410,Partial
107293,31205,16988,Paid
107311,59757,105383,Partial
100398,82141,97157,Pending
107479,140994,85822,Pending
100874,39541,37988,Partial
108718,90309,78774,Partial
108698,59598,64494,Pending
106011,51066,12992,Pending
106434,56988,131795,Pending
103369,134465,61567,Pending
103541,34061,40630,Pending
100004,46889,20243,Paid
102266,74048,22751,Pending
103567,131198,87373,Pending
101037,84055,34344,Pending
108041,89248,94069,Partial
101596,133206,59517,Paid
107913,122869,20044,Paid
100398,137539,54094,Paid
105222,112722,40370,Partial
106979,135291,34484,Partial
107445,73032,43376,Partial
109865,78345,13202,Partial
106105,46688,50400,Pending
109159,106344,75270,Partial
107523,57512,119369,Pending
107548,110291,64653,Partial
102135,60862,19208,Pending
108152,58617,60672,Partial
103431,57973,116486,Paid
106893,122646,117779,Pending
105978,62413,110027,Partial
103559,94584,120117,Partial
106374,43283,87669,Partial
100791,122296,92028,Pending
107512,56896,106447,Paid
108692,145340,122152,Paid
103274,67995,143733,Partial
108486,119388,101524,Paid
106925,94092,60683,Pending
106496,126949,42357,Partial
100619,122345,117051,Pending
108051,42469,79211,Partial
102108,68929,85073,Pending
103250,58126,11754,Pending
107219,39827,53979,Partial
103498,87372,140654,Pending
100534,67533,133257,Partial
103460,66530,93933,Pending
108844,90962,57409,Paid
107188,136027,66318,Partial
100167,124503,83079,Pending
101732,50515,71577,Pending
100629,83043,137426,Pending
102170,129261,98742,Partial
103222,114262,82688,Pending
106707,48863,143256,Pending
108683,127712,124280,Pending
106470,105092,91035,Paid
101240,110868,34067,Partial
109357,75906,66907,Pending
109745,37904,83295,Pending
109681,77569,105000,Pending
101451,68597,142137,Partial
107943,51950,19139,Pending
107499,80008,86826,Pending
101274,101403,40855,Partial
101064,128997,50321,Partial
100563,119972,50508,Pending
107574,99757,63328,Pending
104556,35747,58042,Pending
103623,148932,107934,Partial
107828,47202,62489,Partial
106378,75757,71736,Paid
101835,101596,87050,Paid
109012,63043,143590,Paid
107547,133413,11497,Partial
100629,79914,51333,Partial
104033,99322,69044,Partial
107031,36124,57002,Paid
107612,43433,96386,Partial
104700,30104,62549,Partial
102934,88269,23531,Pending
101019,72117,53354,Paid
103546,149780,115564,Paid
107917,46880,142196,Paid
102205,126774,20675,Pending
106717,57897,41532,Partial
101528,97456,65943,Partial
102934,113281,65254,Partial
106950,30120,34561,Partial
106720,68729,40583,Partial
109060,69417,107810,Partial
105939,111712,21505,Partial
103529,96903,89045,Pending
108963,34045,35342,Partial
104911,149093,137815,Partial
101838,70898,60296,Pending
107542,94421,13378,Pending
109203,65342,128440,Paid
105918,125095,22545,Partial
107223,68264,12903,Partial
107932,88407,63506,Pending
107892,45226,96604,Pending
109266,50213,41676,Partial
109962,118146,96363,Partial
101164,118679,34751,Partial
105395,72270,137424,Partial
100018,105160,52697,Paid
103502,94465,23427,Pending
107651,144980,103502,Paid
105748,143709,28753,Pending
104046,101170,86074,Pending
105963,82957,105866,Pending
107748,147254,78099,Paid
102707,79431,77975,Pending
106771,134492,105689,Partial
104432,57145,45397,Paid
103810,93075,132441,Partial
105364,106566,110876,Pending
100636,47413,51975,Paid
109064,92968,33170,Pending
105174,40225,135972,Partial
109652,80826,131830,Paid
108530,60897,142799,Partial
100094,134395,22530,Pending
104086,33251,26001,Pending
100440,132061,33602,Paid
104420,138127,66528,Pending
106187,97054,14579,Paid
109008,147588,97751,Partial
107710,43422,52142,Paid
102619,111590,21012,Paid
109294,146887,95932,Pending
103950,128549,65778,Partial
107617,139147,123289,Pending
100126,105362,35576,Paid
103411,125168,74938,Paid
107424,41874,39168,Pending
105362,127400,111329,Partial
108359,105809,10250,Paid
107340,99144,116262,Paid
102828,67019,14319,Partial
104336,106784,32290,Pending
105934,75484,99798,Partial
108974,134891,50622,Pending
100601,94352,36095,Pending
105518,92034,61920,Pending
109202,61833,98581,Paid
101629,142295,50658,Paid
104310,30119,147444,Pending
107682,83102,108178,Partial
100317,127616,117841,Paid
107103,96234,148440,Pending
102649,40784,144860,Pending
101246,106446,61880,Pending
108734,112533,126848,Paid
109472,92440,93684,Partial
107518,80842,71842,Paid
103421,138125,37061,Partial
102150,125708,54154,Pending
106145,138181,74633,Pending
102454,68113,31208,Pending
109410,121131,105464,Paid
103485,73985,58276,Partial
108341,68610,59045,Paid
105152,78298,119162,Paid
103840,31790,16958,Pending
106946,142624,87593,Paid
108745,70663,81627,Pending
101252,69341,72250,Partial
103165,79795,45816,Pending
101149,74581,97400,Paid
105124,33560,112698,Paid
109020,70211,134463,Partial
104188,105086,106447,Paid
102269,126720,148733,Pending
102940,104240,85812,Pending
106304,61180,18776,Paid
104854,51581,52323,Pending
100622,139982,53167,Pending
101518,79955,99971,Partial
104771,63507,16754,Paid
109772,63602,64312,Pending
105677,133366,30672,Paid
101152,43481,94030,Paid
100218,103671,98152,Pending
103410,37253,46385,Paid
100739,123294,22821,Pending
106636,80162,133541,Paid
108811,144531,73343,Pending
109228,94966,46996,Paid
104130,73219,75715,Pending
102603,60327,117675,Partial
102435,62668,81255,Partial
104390,115726,30946,Pending
101458,49774,78850,Pending
104675,138860,73729,Pending
101499,106839,110081,Partial
105234,47389,45830,Pending
101420,32935,42866,Paid
101884,95277,102577,Paid
109514,67866,10584,Pending
100563,59826,76699,Paid
104671,146994,100285,Paid
103642,85888,46034,Pending
101558,97470,110040,Partial
105388,79044,122303,Partial
101984,35824,101375,Paid
108121,142534,16415,Paid
109621,109850,58053,Pending
103359,119187,49995,Pending
102637,50692,64288,Pending
108599,115684,74339,Pending
101184,129387,20015,Partial
104311,133577,121283,Pending
104600,109585,10573,Pending
108001,106117,91740,Partial
104772,67010,41369,Partial
104993,82861,48860,Pending
102375,145997,147339,Partial
101264,67432,137297,Paid
109942,101392,24893,Pending
103188,57976,131057,Paid
104833,139736,41403,Paid
107597,86618,74388,Paid
107244,149918,69448,Pending
102839,82104,90756,Partial
106508,105826,64672,Partial
102501,57837,137468,Partial
104661,104032,103630,Partial
106337,95303,35907,Paid
102173,130325,72470,Pending
103486,128912,10586,Paid
107000,57848,70649,Pending
104586,69428,149257,Paid
103430,97668,82317,Paid
104489,146691,72658,Partial
103586,72883,121758,Paid
104556,127953,110297,Partial
105827,64903,115286,Partial
108772,89477,50273,Partial
101580,34671,13723,Pending
109956,55311,138019,Pending
100747,58509,73717,Pending
109433,50655,87103,Paid
101869,84594,44562,Pending
103518,142266,67335,Pending
105777,83773,70914,Partial
104174,147767,117323,Partial
109643,90909,103418,Partial
103477,40739,144208,Pending
103657,97540,44321,Partial
109041,55267,70215,Pending
105215,89383,126044,Pending
106342,107070,121103,Pending
105046,137699,84957,Paid
109414,98598,77169,Partial
109432,142886,38922,Paid
108485,138207,59198,Pending
108178,33705,123596,Paid
109480,56003,23613,Partial
101643,70442,24615,Paid
108300,96093,41236,Paid
101127,103841,60794,Paid
106413,124777,28141,Paid
108431,143415,98208,Partial
100245,91937,101110,Partial
100839,77870,52997,Paid
109880,93828,81479,Paid
103465,60603,44211,Partial
100344,113448,81162,Pending
104122,45782,125708,Partial
100494,85108,146556,Partial
102335,147221,131654,Paid
106139,45264,91694,Partial
109665,55239,44213,Pending
102845,38661,109884,Pending
105801,54212,137416,Paid
103821,51403,133979,Partial
109097,77871,15817,Pending
103142,74116,68074,Partial
109882,98361,112638,Partial
103140,35310,72047,Paid
109364,35223,87122,Partial
104063,147891,146924,Pending
107850,90053,142861,Pending
101884,88313,38014,Paid
106552,79596,56488,Pending
107968,67540,74470,Partial
106079,62928,147690,Partial
100601,85007,41592,Pending
103545,48567,107295,Paid
102252,40603,87597,Partial
105397,96108,41952,Partial
105736,124676,70802,Partial
101838,44263,121225,Pending
100269,40848,86925,Partial
105884,61979,98546,Partial
104884,36867,46180,Paid
103844,50206,44491,Partial
102606,90714,88448,Pending
102504,31060,31644,Partial
107387,132885,83730,Pending
108620,42092,122124,Pending
108921,77634,53345,Paid
108315,61141,60074,Paid
102711,85078,148514,Pending
105738,94431,50165,Partial
101299,120733,47717,Pending
104051,76213,36432,Pending
101142,131174,148946,Pending
102459,146121,22328,Paid
105561,56177,138087,Pending
106712,120051,26340,Paid
101369,142280,141841,Pending
108651,145192,144061,Paid
109896,43975,10171,Paid
103292,61127,147888,Paid
105946,62631,117572,Partial
108471,30598,70595,Partial
108036,63033,56990,Paid
106995,114842,34358,Paid
104847,107797,143452,Partial
103296,132626,116136,Pending
103456,38298,38012,Partial
105519,106789,66580,Paid
101743,138719,141137,Partial
107233,50396,127282,Paid
106770,77055,129330,Paid
100385,104791,14872,Partial
102983,42722,111851,Paid
109741,114125,95146,Pending
109978,98760,79923,Pending
109718,142524,15614,Pending
101124,91886,92255,Partial
107551,60565,25820,Paid
108151,88406,123359,Pending
104607,38038,89961,Partial
101192,112345,38186,Pending
101150,33252,17167,Partial
105218,50068,45419,Pending
109234,146510,108358,Partial
108573,129565,26280,Paid
103484,51611,53047,Paid
105106,144793,148079,Partial
104218,120345,98873,Pending
102749,51351,26958,Paid
105213,52651,131982,Partial
107973,125658,11181,Pending
101487,132167,80017,Partial
104049,83053,103624,Pending
109139,113151,47261,Partial
106972,41810,138635,Partial
109650,108405,96370,Pending
105025,93354,73070,Partial
102461,48321,105995,Paid
103715,56020,125098,Paid
100701,96496,95701,Pending
100846,103640,139878,Paid
106863,109721,109846,Pending
101778,77199,132840,Pending
101445,99634,13820,Partial
108920,140472,30890,Pending
103176,51226,98835,Paid
106577,110425,31676,Paid
108495,39879,56185,Partial
106778,96513,79634,Partial
100687,112543,24941,Paid
103486,44702,90991,Pending
100464,119124,133164,Pending
107977,133859,73054,Pending
102196,138230,108647,Pending
106819,45104,30919,Paid
102861,114594,22340,Pending
107816,79859,38573,Pending
104290,62612,85104,Paid
108757,36894,23466,Paid
104526,137067,70483,Pending
101016,48289,146217,Pending
107419,43737,47236,Paid
109111,142435,97476,Paid
107412,69747,124638,Paid
109374,125609,123652,Paid
103544,91629,22905,Paid
104864,30850,129995,Partial
104043,137289,67315,Partial
105480,104687,10037,Paid
105064,142737,61306,Pending
107695,141585,136181,Pending
104563,90771,83547,Partial
100217,51830,131136,Pending
103312,143045,88018,Paid
105624,81612,98593,Partial
109423,131031,27124,Paid
104361,66479,47303,Pending
102388,58405,106190,Paid
105398,57274,36975,Partial
106219,73020,19113,Partial
104686,70216,108969,Partial
105212,86996,121393,Paid
109984,112555,33186,Pending
104483,97474,70018,Pending
109577,42736,32878,Paid
101198,56659,99123,Pending
103555,95694,129826,Pending
105137,65467,41741,Paid
102667,128715,56151,Pending
109616,31874,51241,Partial
109082,57915,54662,Partial
102029,139870,115599,Partial
107254,137935,19313,Pending
101770,139493,144233,Partial
106702,124789,129313,Paid
101602,109494,145301,Partial
106815,31105,17894,Paid
109130,112446,31425,Partial
103151,40372,108693,Pending
102699,134441,96759,Paid
105493,77900,78952,Pending
106153,106846,112743,Partial
100133,148001,54795,Paid
106571,126202,23969,Pending
100928,131935,58976,Pending
100714,30975,112273,Pending
107636,129053,101452,Paid
103345,148888,146687,Partial
100230,64400,123837,Partial
101061,75712,139547,Paid
109549,79882,84702,Partial
103521,94433,52390,Paid
104013,149970,104679,Paid
107764,121590,132747,Partial
108300,100641,105986,Partial
107069,94867,54517,Paid
109769,76260,29977,Partial
107312,60782,104436,Partial
105174,56347,12838,Pending
100913,73116,106309,Partial
103425,96296,117946,Partial
101187,63652,109332,Paid
103991,109529,93509,Paid
103947,129828,48661,Partial
102088,36674,132820,Partial
106929,31025,91333,Partial
103484,117259,11615,Partial
107981,62122,11934,Paid
102133,71630,63899,Partial
105225,36348,131786,Pending
103574,39640,140643,Partial
106453,123451,109793,Pending
100725,103718,80299,Partial
100554,73574,64151,Partial
104872,134632,79615,Partial
109523,138006,89355,Paid
108936,145235,36504,Partial
104978,87561,102802,Paid
107536,30518,68085,Paid
107827,66180,35781,Pending
107882,94728,142856,Partial
108743,77813,90861,Paid
104627,139701,16182,Partial
105439,80913,116288,Paid
101475,121458,73694,Partial
102145,77157,27267,Paid
104330,36893,135078,Paid
107240,67172,72784,Partial
100424,100809,29724,Partial
100644,142111,15141,Pending
109072,54481,113729,Partial
100441,82755,18036,Paid
101418,67851,27140,Partial
100901,119903,93476,Pending
107644,49986,48352,Paid
107612,93949,22536,Pending
100073,127831,114170,Partial
103073,145766,28912,Paid
103758,91444,10560,Paid
108705,129236,29665,Partial
101350,30485,20111,Partial
102895,94687,66671,Paid
108288,141600,142304,Partial
105960,74344,148661,Pending
101682,146228,127672,Pending
109180,120048,88971,Paid
102398,70473,32910,Paid
102021,89327,135164,Paid
102807,116395,54221,Paid
100401,107755,72719,Partial
100088,119581,127904,Paid
100402,111799,124614,Pending
105136,93796,17475,Partial
104984,91666,55601,Pending
105323,117921,64657,Paid
104908,93747,113503,Partial
106450,99780,44207,Pending
102714,81272,80576,Pending
104878,41902,76411,Pending
103481,114435,118307,Pending
109718,82303,118754,Paid
105365,59459,36177,Paid
108955,33522,102376,Paid
100493,137257,39466,Pending
101005,118262,39468,Paid
100021,129675,37057,Pending
105313,83240,35323,Partial
107526,123304,37756,Partial
101336,63040,124955,Paid
100464,126424,116325,Paid
107180,33636,28005,Pending
100232,73560,147225,Partial
107457,83169,67523,Paid
101253,137073,103872,Partial
104067,113842,88533,Paid
107173,36960,34236,Paid
108643,45983,102940,Paid
105912,146204,63071,Partial
101597,109125,11619,Pending
103279,141198,114929,Partial
108052,74096,145542,Paid
104786,57742,81985,Paid
100632,105562,73353,Partial
103317,149527,130310,Pending
101935,57448,14057,Partial
102610,93561,148815,Pending
104456,102659,37905,Paid
108418,140553,88544,Partial
107208,35973,115237,Paid
101283,109868,53036,Partial
107419,119757,124428,Partial
109132,86268,121210,Pending
109757,96990,95635,Paid
101946,144078,68666,Partial
109105,79848,115554,Pending
109685,107285,48797,Partial
107696,79133,16286,Pending
107910,38359,104042,Paid
105667,143474,60183,Paid
104804,36660,15927,Pending
103456,109815,21668,Paid
100110,60310,34452,Pending
108587,116266,60857,Pending
103990,92168,32134,Partial
104787,99763,25730,Pending
100327,30961,136384,Paid
105171,57192,100153,Pending
104038,37942,29138,Paid
106263,116179,136124,Paid
104238,103790,19586,Pending
103987,144145,14590,Pending
108399,73673,36438,Paid
101690,94914,142708,Pending
106822,98635,124816,Paid
103677,56600,10561,Partial
103862,139643,116703,Paid
104826,102121,57903,Paid
101064,66359,29590,Pending
103608,113818,61182,Paid
100147,31386,47807,Pending
103881,35950,31421,Paid
100099,126075,28923,Pending
103752,52656,42340,Pending
108737,71372,139932,Paid
103586,65985,87316,Pending
109902,62380,27279,Paid
101301,40622,35898,Pending
105485,100630,21417,Paid
103516,92887,56069,Pending
103539,71020,12568,Paid
103724,38511,149334,Pending
101277,46894,126573,Paid
104021,70739,23074,Partial
100894,78554,133158,Paid
104415,113251,101829,Partial
109505,103021,73511,Partial
101843,70445,92594,Paid
105786,79255,118585,Partial
108101,46831,125135,Paid
101561,130391,49394,Pending
105186,76875,34773,Paid
107225,88756,34782,Paid
109224,95972,37437,Pending
109084,105574,78281,Pending
104395,36814,93147,Partial
109549,76496,99877,Paid
105284,40732,148252,Partial
106962,135021,125805,Paid
109708,54111,26888,Partial
106349,74538,64413,Partial
109389,33661,109186,Partial
107019,95468,146903,Partial
102236,76659,90136,Partial
109984,98482,114726,Pending
104712,116777,94979,Pending
108270,43850,100156,Paid
109502,135288,49771,Pending
102238,121006,50309,Paid
106556,99037,78551,Pending
100502,126652,26605,Pending
103387,84138,123217,Paid
106616,134841,138315,Pending
107733,82268,95134,Partial
107731,128884,117978,Pending
104611,51583,115703,Paid
107540,50829,90852,Partial
106922,78198,125338,Pending
101151,54981,148456,Pending
100478,70388,104789,Partial
103946,44132,105891,Pending
101185,138546,120537,Pending
108426,45164,95565,Pending
100806,145383,51456,Partial
102090,31634,103911,Paid
108746,138323,106696,Pending
104199,34532,124313,Pending
100581,97315,146531,Pending
102710,49736,60575,Pending
102008,109654,18697,Partial
105720,127294,116588,Paid
105165,33751,144213,Paid
108866,120464,110595,Partial
106864,99596,95485,Partial
104291,60283,12639,Partial
101928,102183,98734,Pending
101061,62470,106675,Partial
100587,143640,94686,Paid
104638,121348,31017,Partial
109461,88099,92550,Paid
102834,123267,96985,Partial
102974,125282,46700,Paid
108000,58627,140423,Pending
109770,98803,50492,Partial
106495,37328,12714,Pending
105176,131055,118519,Pending
103164,41184,117234,Paid
105250,118851,109871,Partial
104801,49751,109450,Partial
101798,74851,29679,Partial
108467,45056,73257,Pending
106033,46184,78321,Partial
107332,120161,73852,Pending
104077,131822,82178,Partial
101937,117893,104983,Partial
104349,122408,131513,Partial
107471,101042,107114,Pending
109297,73872,11391,Paid
101587,118062,30198,Paid
107647,142656,63543,Pending
107187,39842,15002,Pending
107963,119199,96100,Paid
102179,141394,65478,Paid
102211,58597,118634,Paid
109885,80583,53617,Partial
103361,136135,90500,Partial
109792,149310,132708,Paid
106253,108951,106988,Pending
102676,64234,128181,Paid
105555,103453,40439,Pending
107520,87466,28431,Partial
102980,47782,25740,Pending
100490,144315,118508,Paid
104865,121409,131098,Pending
105353,110996,106267,Partial
108429,74204,74681,Pending
102612,69696,110007,Paid
102139,36956,145090,Pending
102847,48954,96194,Paid
100381,74251,16463,Partial
106743,89244,49208,Pending
108440,45326,26295,Paid
101664,40077,114890,Partial
108440,82227,66754,Paid
109872,121633,20991,Partial
101896,76589,88442,Partial
103934,102798,25782,Pending
103252,109006,31740,Pending
103012,113511,118907,Pending
100342,131640,44170,Partial
109024,57180,110156,Partial
102418,91240,103556,Paid
103631,34947,35886,Partial
102041,61334,54390,Paid
104185,99934,100586,Pending
102171,141209,108240,Paid
104233,64736,54940,Paid
109537,45344,19408,Paid
105148,128158,47079,Partial
100454,79414,17101,Paid
100011,84441,140073,Pending
100221,102951,110602,Pending
107386,138378,141099,Partial
105574,133361,86346,Paid
109929,141416,97444,Paid
104055,69387,111668,Partial
100276,84712,94581,Paid
105814,103992,142257,Partial
106624,83135,76297,Paid
102730,96267,57881,Paid
101430,102371,69212,Paid
109109,119907,66035,Partial
102897,40269,52625,Paid
105784,142913,115453,Partial
103668,90804,134254,Pending
103766,69907,63079,Partial
106096,112130,15164,Partial
105080,117515,149870,Paid
107769,43277,85701,Paid
107305,79012,91896,Partial
108868,35574,135915,Partial
100828,60495,29735,Partial
107080,110710,21190,Partial
108026,137789,57170,Paid
108232,107729,17319,Pending
103794,73393,142214,Pending
102270,97080,132218,Partial
101770,127600,109974,Pending
102585,146989,101106,Pending
100018,123292,85072,Pending
107968,45886,10738,Paid
104824,60350,149014,Pending
105520,75733,27500,Partial
107022,113604,149731,Partial
106272,108914,29861,Paid
103586,67516,91844,Pending
105158,91991,29572,Partial
102661,71747,124398,Partial
107101,148573,57297,Partial
107485,116841,144455,Paid
104678,147594,28810,Pending
106746,85641,100377,Paid
101128,38610,139538,Pending
105137,98477,141902,Paid
100168,111291,78351,Pending
105638,95805,20440,Paid
103100,132759,118715,Paid
100846,108927,133784,Pending
101528,36588,84705,Partial
104044,39950,134387,Pending
108305,73284,67145,Paid
107312,40262,126442,Pending
100213,140308,107582,Partial
107065,135660,30326,Partial
108851,115276,55798,Partial
104895,30637,61204,Paid
107661,44803,62261,Partial
109724,81710,17764,Partial
106751,36389,130935,Pending
100432,114543,73112,Partial
100380,117243,37791,Paid
100664,38833,13930,Paid
106987,116918,146397,Paid
104355,59313,147044,Partial
107100,145837,138189,Pending
104409,132259,117419,Paid
102335,145222,132614,Pending
100097,67315,85740,Pending
100101,121723,88274,Paid
100712,71005,137443,Pending
109812,43745,142817,Pending
105522,101436,133095,Pending
105377,102443,15336,Pending
109252,52812,43706,Paid
106689,129130,115528,Pending
108064,122375,128880,Paid
108227,136798,86161,Paid
107601,115119,96584,Partial
108218,54162,63576,Pending
108037,134664,149507,Pending
105194,108331,123968,Partial
106645,72193,127951,Partial
107451,70271,82050,Paid
108489,90191,75937,Paid
104712,96721,116243,Partial
100308,135135,147199,Pending
109338,92443,10263,Paid
104061,66913,55578,Pending
101984,102199,82758,Paid
108472,113984,95945,Partial
102110,91877,140906,Pending
100594,69547,30939,Paid
108068,124456,22442,Partial
101336,55223,56933,Paid
103804,37837,85768,Partial
108535,149405,133799,Paid
102114,101847,135575,Paid
109289,50433,115508,Pending
101813,142294,98173,Paid
107075,94819,57270,Paid
103728,89167,99219,Partial
104679,49451,76696,Paid
105202,69079,76004,Pending
106670,115311,117021,Pending
102464,100525,141216,Partial
103714,119529,114077,Partial
108556,101002,73983,Partial
108151,87054,148283,Partial
106894,118272,21318,Paid
107478,114313,146999,Paid
104856,141389,31957,Paid
105899,119878,47053,Pending
105651,91335,144626,Pending
100184,122116,125831,Partial
108785,76874,129010,Paid
106686,119523,86214,Paid
103550,91163,42440,Pending
105325,78231,93045,Partial
101897,146534,24386,Partial
106185,82489,14803,Paid
107439,80887,110209,Paid
107750,44198,57629,Partial
101706,66152,18134,Paid
108801,103828,101289,Pending
105889,105768,17005,Pending
104197,115751,110963,Partial
109642,128807,54527,Partial
104408,69294,86135,Paid
101778,31437,111325,Pending
102245,74941,50592,Partial
104473,48568,65772,Pending
104758,105981,149021,Partial
107583,60768,16989,Paid
105798,51514,86758,Pending
107747,99527,55940,Partial
104481,58524,61855,Pending
109049,41845,47759,Partial
102614,55958,14994,Paid
105626,110681,105811,Pending
101895,76082,146164,Paid
100378,72433,19146,Partial
101584,108450,41297,Pending
104331,93584,113789,Pending
103885,106619,142945,Paid
102734,38026,128834,Paid
105525,83477,147670,Partial
108902,98731,46322,Partial
103168,138278,85074,Paid
103090,64751,11478,Paid
101148,122845,44774,Pending
105192,51816,63693,Pending
103032,73260,28245,Pending
106221,133043,31076,Paid
104660,136924,41258,Paid
108330,61753,115950,Paid
102267,60642,123655,Partial
102488,65588,67748,Pending
101737,127647,36353,Paid
107277,89862,62710,Paid
108212,105821,129665,Partial
106820,91161,43735,Partial
106026,59476,120441,Pending
103510,133430,112499,Partial
108709,146637,37008,Partial
109440,48427,31858,Pending
104135,145378,85523,Paid
100412,129248,81546,Paid
106935,149872,126204,Partial
100285,126141,129506,Paid
102074,50279,33480,Partial
100441,71712,69269,Paid
109278,110275,14531,Paid
101920,99665,65985,Partial
101891,144729,65700,Paid
102957,50639,128431,Paid
108232,74158,14045,Pending
104681,86097,98634,Pending
109827,104814,110745,Paid
101073,55711,47941,Paid
103698,60487,77365,Paid
108106,91864,128912,Partial
102755,133377,57219,Paid
103889,67442,16165,Paid
100261,66186,119811,Pending
103216,38278,60979,Paid
104867,101106,109412,Partial
104594,96939,108977,Partial
109525,129166,146326,Paid
100014,105166,58444,Pending
105133,54035,119729,Paid
104956,89013,22366,Pending
103218,149356,67558,Partial
108251,142754,108526,Partial
107655,97393,93665,Partial
101051,91415,137545,Partial
103127,84606,76452,Partial
109791,101513,80309,Paid
105951,120134,141121,Paid
104019,85271,129669,Paid
105725,132742,40997,Partial
103910,71180,128409,Partial
109505,111850,30813,Paid
108677,106484,111876,Partial
109405,55168,50056,Partial
106366,101766,87873,Paid
107645,54147,80793,Paid
100925,75530,137261,Partial
109214,135867,128674,Paid
104611,99662,53904,Pending
109516,60545,97988,Partial
107336,75196,87982,Partial
107995,134227,39561,Partial
108486,85884,134636,Pending
108950,48612,20179,Paid
105334,83512,21612,Pending
109537,63764,85240,Pending
106247,35144,149108,Pending
103503,124245,106995,Pending
101565,41344,139748,Paid
105130,77142,118348,Partial
105424,122646,118360,Pending
104959,87633,66066,Pending
108893,76489,80453,Partial
100139,34923,27347,Pending
109132,110065,69302,Paid
101603,73454,45269,Paid
103537,55853,48768,Pending
108821,61110,95882,Partial
100613,117163,146291,Partial
105433,40629,86876,Paid
103878,93195,67506,Paid
101914,128292,129022,Paid
107805,147151,145421,Paid
107628,139263,125257,Partial
102793,130943,52571,Paid
109577,108476,39852,Pending
100412,104555,98316,Pending
101867,59233,61200,Partial
103056,48781,15875,Paid
106868,126012,142158,Paid
105973,102493,146328,Pending
109817,83443,103065,Pending
109593,120627,121772,Paid
107603,69491,102069,Paid
106136,92711,121445,Partial
109817,78456,65352,Paid
108182,147412,96249,Paid
104507,35575,82523,Paid
100339,51814,94958,Pending
105707,78735,78024,Pending
109271,79812,34083,Paid
100650,103234,101470,Paid
109543,77776,13085,Paid
107977,44914,93385,Paid
106836,97511,96518,Paid
109974,115860,96229,Pending
101336,34777,69971,Partial
105232,76381,118869,Pending
101641,72061,83455,Partial
104574,115056,22794,Partial
108066,124023,133294,Partial
109310,72495,47226,Paid
109900,85356,121776,Pending
104649,144545,55812,Partial
109640,149112,140159,Paid
101017,53613,75858,Partial
102784,70882,87095,Pending
108719,135665,33501,Pending
109575,59043,91179,Paid
109293,111242,79094,Pending
104473,144244,115645,Pending
101450,68848,81286,Paid
102655,38061,48006,Partial
101334,77285,133325,Pending
109345,82478,120564,Paid
101455,129737,143146,Paid
101925,57966,73456,Partial
106407,146905,73985,Paid
100319,130028,130791,Partial
108728,117123,126360,Pending
102431,120691,118876,Partial
104595,73159,116403,Paid
108094,98903,61153,Paid
109882,137054,97089,Paid
103048,127674,67169,Pending
108086,118271,109324,Pending
106171,106560,112727,Paid
103834,109353,135894,Partial
100113,37069,18332,Partial
103876,124516,91512,Partial
101091,53514,86820,Pending
100338,128856,111373,Paid
106129,116502,108859,Paid
105697,111226,16027,Partial
108010,64563,13298,Paid
106614,129749,27886,Partial
103215,38488,108664,Paid
105852,66039,141128,Paid
105615,79868,45762,Pending
104950,86426,138836,Pending
106162,61017,56553,Pending
109280,77455,98482,Pending
106803,118302,52212,Partial
100718,55766,33337,Partial
107561,110539,112797,Paid
102764,148722,26105,Partial
106275,54776,117269,Partial
106885,39297,135562,Partial
108043,114696,12402,Partial
109340,43305,136211,Partial
102961,50234,64950,Pending
100355,114220,27829,Paid
101949,43162,99320,Pending
105177,109356,26695,Pending
106885,79633,99531,Pending
103155,103429,81284,Paid
102250,134138,99729,Pending
100250,149914,23376,Pending
107880,109878,61463,Pending
100014,107990,97101,Partial
100978,69964,43356,Pending
100263,81774,81658,Partial
101380,51580,97168,Pending
102370,74214,49610,Paid
102999,50782,138285,Paid
108500,110829,106554,Partial
101807,42571,61598,Partial
105665,126993,13315,Partial
108112,128645,74704,Partial
104356,129682,90280,Partial
104017,88657,16278,Partial
100844,40759,138179,Paid
109825,140355,49895,Pending
107633,38939,92282,Paid
106261,138315,134794,Pending
108454,73191,53690,Pending
109909,108481,83247,Pending
100565,48113,131475,Paid
103733,85342,77872,Partial
104134,47736,38587,Paid
102610,75625,110196,Pending
109790,120130,25215,Partial
100472,138977,99133,Partial
101630,56758,116507,Paid
102243,136470,39324,Partial
103281,40905,64653,Partial
106085,90833,80282,Paid
106438,120587,89684,Pending
109436,32871,48273,Partial
105964,84408,74938,Pending
101025,50296,133075,Paid
100610,98617,46629,Partial
108170,112230,122820,Pending
103474,86864,29016,Pending
105953,53044,90914,Paid
104897,144208,11095,Partial
105660,80633,107089,Partial
101329,40335,103378,Pending
101719,47130,142260,Paid
105898,53599,66500,Partial
109249,122949,17200,Partial
107990,34712,30884,Pending
105013,141366,103944,Partial
103499,121497,32209,Partial
109069,116422,43469,Partial
102772,135764,11796,Pending
108678,91188,100059,Pending
107786,139749,104904,Pending
103879,84651,40013,Paid
100556,100003,106611,Pending
106120,59785,18353,Partial
104004,46409,94826,Paid
106028,76442,106892,Paid
107373,91549,48970,Pending
106151,124661,121031,Partial
109085,94485,10896,Pending
107114,66342,130198,Paid
108002,57639,143881,Pending
101061,114583,23656,Paid
101812,118600,132073,Paid
102180,84752,54771,Paid
106171,80623,136641,Pending
100416,45818,19751,Pending
109534,45171,137857,Partial
106820,128071,65896,Partial
102057,131866,77768,Paid
108155,38362,10189,Partial
104184,66384,58944,Partial
101199,89453,134363,Partial
108558,101909,70898,Partial
100400,65224,35723,Partial
101576,124718,29920,Partial
104677,110861,108010,Partial
100847,49433,64806,Paid
106586,80764,28103,Paid
101408,108163,88209,Partial
109611,63177,56830,Pending
107438,55571,85742,Pending
107129,121976,113144,Partial
101229,131231,11724,Paid
105072,73628,12634,Partial
108144,99790,146208,Partial
105039,116924,93591,Pending
108218,66811,78899,Paid
100708,114334,50153,Pending
104125,57676,106758,Pending
100230,87833,142019,Pending
104081,39970,32465,Partial
108694,142593,122152,Paid
106250,50844,140695,Pending
102419,135673,47115,Partial
103834,104893,76948,Partial
109176,84037,57447,Pending
101529,124992,37860,Partial
101760,79763,69023,Partial
100595,46090,130972,Pending
108489,35767,118562,Paid
103485,45263,39705,Paid
105297,144210,17569,Partial
109398,91319,19333,Pending
106397,70370,95450,Paid
101508,110595,24959,Pending
101916,121394,51333,Partial
108166,39969,16090,Partial
100456,51488,49564,Pending
100025,117478,136037,Paid
109608,104271,139126,Partial
108592,123224,108734,Paid
106215,101885,39928,Paid
108217,119538,136173,Pending
103074,80485,83604,Partial
104469,72025,127663,Pending
102984,61413,147688,Paid
103438,77109,69518,Paid
108235,63502,62698,Pending
105378,93003,25875,Pending
104029,137793,26602,Pending
100325,88322,136140,Partial
108568,75092,103440,Paid
100297,49839,102867,Paid
104636,33904,112755,Partial
103031,109149,26535,Partial
108235,84133,37733,Paid
103262,131188,60586,Paid
109466,145830,146636,Partial
103837,61203,117662,Paid
108576,119714,131201,Paid
102014,120538,62615,Partial
109416,89986,79228,Partial
102281,44678,14629,Partial
108187,31924,95078,Partial
100517,128097,27695,Paid
109777,119400,61085,Pending
107742,118361,116929,Partial
106110,116685,132386,Paid
109902,59349,29283,Paid
109484,130894,63131,Paid
100089,63595,79583,Pending
100090,62979,11533,Paid
103655,124988,96159,Partial
101882,51032,70284,Pending
106839,136469,51040,Paid
100341,115057,42817,Partial
107047,42326,134042,Pending
104667,103055,128156,Partial
105368,50350,37483,Partial
105347,36854,71362,Paid
109917,137920,132011,Pending
105346,138448,46725,Paid
107759,50253,124703,Partial
108906,112427,94511,Partial
100707,37184,60021,Paid
108907,127937,92395,Paid
107809,141431,11583,Paid
107654,122735,19869,Paid
103464,38900,92194,Paid
100818,142192,10825,Partial
102402,142745,68917,Pending
107180,89297,109139,Paid
106939,33342,102651,Pending
105715,90478,64079,Paid
107410,115110,57546,Paid
108862,120321,29859,Paid
101936,85873,95337,Pending
100596,145003,141540,Paid
101198,144702,101354,Paid
100075,128208,79770,Pending
109932,32144,143453,Paid
102999,65581,106023,Pending
107313,113519,78765,Pending
102382,43583,32972,Pending
109651,147646,52830,Paid
104676,102053,20219,Partial
107575,70298,38153,Paid
105126,121797,76342,Partial
108486,67242,88469,Pending
104712,81752,58927,Pending
106835,48191,55006,Paid
100721,93441,122336,Pending
102223,85670,37148,Paid
101971,96154,98782,Pending
102161,31264,103817,Paid
105749,83795,34041,Partial
100696,102067,29020,Partial
105353,108170,124634,Paid
101966,44368,85920,Partial
101198,82189,49913,Paid
106380,68891,111240,Paid
102368,56740,21531,Paid
107128,33408,84757,Partial
107925,88874,57862,Paid
104334,129748,23053,Paid
100532,36459,19988,Partial
105525,126006,85217,Paid
101746,112470,77264,Paid
104199,64339,71549,Pending
109043,55143,18005,Paid
108366,104533,145053,Pending
106631,121691,145810,Partial
107322,57825,125701,Pending
105207,32235,129624,Partial
104517,79384,147794,Partial
108265,65217,70072,Partial
102983,55912,85437,Pending
109233,80411,15650,Paid
102442,101049,80993,Paid
104921,114499,65829,Pending
102769,77665,132823,Paid
106813,39811,49476,Pending
109030,97953,100608,Pending
102140,120697,28536,Paid
107715,80253,51498,Partial
104164,149346,128331,Partial
106273,140064,54260,Partial
103936,99373,54982,Partial
102030,113522,91755,Pending
108357,104458,131302,Pending
102998,67801,139824,Partial
105429,86217,95589,Partial
109901,82870,27516,Pending
106111,140132,134350,Pending
100684,80980,127097,Paid
107157,100740,149910,Partial
102941,98723,140610,Pending
108426,52960,86459,Paid
100441,128038,66378,Partial
104082,101487,108830,Pending
103107,60026,139564,Partial
106875,41568,93152,Partial
101176,129662,79348,Paid
106949,47386,131959,Pending
108664,93262,18007,Partial
100590,59186,139731,Partial
100271,141990,54548,Paid
107973,129006,133584,Partial
102327,69127,109205,Pending
104233,129613,143497,Pending
105809,141075,40202,Paid
107966,42749,148837,Pending
101643,141574,10641,Paid
103292,51841,69554,Pending
109102,105817,62234,Pending
102543,112313,26723,Pending
109860,88554,75725,Partial
104129,33101,148804,Pending
107791,79370,42976,Partial
107403,148551,102740,Pending
106706,141301,149292,Paid
100671,124733,69607,Pending
107307,90507,71999,Pending
109228,73872,110661,Pending
107245,53822,38679,Pending
107543,84977,135032,Partial
106164,67415,108704,Paid
106966,99834,120721,Pending
109676,137875,38239,Pending
104220,125156,85824,Paid
101881,85591,94833,Paid
103232,37518,99725,Partial
101399,128491,127975,Paid
104762,83701,56350,Partial
107725,49501,72105,Paid
101649,106947,78602,Partial
106039,105110,74902,Paid
108145,37421,75792,Partial
100939,99811,64553,Partial
105211,65695,82815,Paid
101771,60525,110876,Paid
104027,74114,114316,Partial
108906,118868,26227,Paid
105125,128055,98338,Partial
105313,84508,104678,Partial
100401,146939,58501,Paid
104631,133466,11457,Partial
104213,91355,69497,Partial
104102,70817,79135,Partial
108978,66909,63759,Partial
108897,46157,88016,Pending
102555,115406,114841,Pending
109482,145587,44406,Paid
107273,96255,106572,Paid
109503,47875,132108,Pending
106825,54831,134735,Paid
104582,141292,80505,Paid
102838,48014,37145,Paid
109691,34060,42168,Partial
108182,137668,97787,Partial
104863,56007,116291,Partial
100947,72542,32295,Pending
107726,37585,74322,Partial
109802,54129,102889,Partial
100088,44641,33775,Partial
100510,78386,23008,Paid
100784,97426,88922,Pending
101691,67938,109268,Paid
106822,65608,27432,Paid
106602,95374,32144,Paid
100922,52641,24541,Paid
108125,145818,101863,Paid
109512,131725,114316,Paid
101293,120790,69632,Pending
104024,52088,128465,Pending
106864,93672,123622,Paid
101739,78063,101035,Paid
101101,104382,82903,Partial
101440,132352,114955,Partial
103603,114961,104771,Partial
106013,52138,122677,Pending
102906,118512,124440,Pending
109541,144640,133346,Partial
101807,87265,138196,Paid
101045,94357,29784,Partial
102698,61773,127742,Pending
108128,105581,147681,Partial
104049,68198,145124,Paid
107900,55883,139323,Paid
106673,52764,147993,Paid
100511,77064,56973,Partial
100114,48507,149084,Partial
101003,124995,108457,Partial
102744,86046,60634,Paid
105858,86251,117082,Paid
102562,140586,58550,Pending
106776,52130,135729,Pending
109728,32940,115227,Pending
108166,86981,77095,Pending
108144,68389,68877,Pending
105472,146504,42390,Paid
107409,50270,59495,Paid
109845,75177,121275,Paid
102283,94339,83064,Pending
104697,54643,105387,Paid
108634,138465,105704,Paid
103207,134430,146616,Pending
101280,94363,88075,Partial
101418,149780,118453,Partial
104387,85768,103248,Paid
103430,124118,114646,Partial
103599,146459,39532,Paid
106127,129103,26980,Pending
102923,75718,84919,Paid
101766,114743,11678,Partial
102200,83186,121188,Paid
105954,115476,125882,Pending
108833,144117,107250,Paid
107821,75014,132035,Partial
102250,96909,119059,Paid
104743,54886,68310,Partial
103190,125275,30930,Partial
106066,137469,129613,Partial
100727,64756,114879,Pending
103736,44417,114701,Paid
105574,45062,107804,Partial
109493,89608,74875,Paid
108356,39090,62895,Paid
105335,81045,25399,Pending
101206,148885,42924,Pending
109170,123226,37541,Pending
101341,72605,141052,Paid
106259,88291,53271,Pending
104861,137285,109735,Partial
100513,49158,126947,Partial
106186,65572,93389,Partial
105584,127901,74514,Pending
102812,95266,44761,Paid
104122,112334,102132,Partial
107162,139281,45867,Pending
106708,105983,121115,Partial
102801,136639,79595,Partial
108531,100979,82546,Pending
101063,143408,62556,Pending
101155,115151,103463,Paid
104231,72872,20513,Paid
103734,59613,55551,Paid
100872,90262,99265,Partial
103479,47524,17706,Paid
104815,146602,21581,Paid
105488,49372,22929,Paid
105494,105223,92379,Pending
105991,127715,98226,Partial
107062,40538,43512,Paid
101501,74381,144019,Pending
108438,43478,17622,Pending
109912,137290,148386,Pending
106856,116620,107576,Pending
108564,136406,35583,Partial
108307,142412,144991,Pending
106407,51843,76452,Partial
102969,37075,145976,Paid
104899,49310,62261,Partial
102146,103164,125734,Paid
109512,119911,100331,Partial
109979,135702,144821,Paid
106176,74128,26584,Paid
107533,85876,66881,Paid
108283,100225,59021,Paid
103126,78117,13247,Partial
104463,139008,33993,Partial
104433,80840,13328,Pending
108478,85178,102166,Pending
103526,34635,69673,Paid
101016,84510,59517,Pending
109865,73577,50380,Partial
109455,140956,143371,Pending
109299,69490,106573,Pending
105761,64111,135302,Paid
102187,94069,117988,Paid
101946,94642,142504,Pending
102658,39067,18595,Pending
100868,97761,32524,Paid
100159,47310,77564,Partial
109564,105999,129836,Pending
102827,30515,135321,Pending
100092,39303,127387,Pending
108019,84337,37317,Partial
104407,31049,33082,Paid
103859,118405,74778,Pending
100372,101115,148065,Paid
104634,110867,129218,Pending
106529,113891,112440,Partial
103369,60655,145138,Partial
108020,148581,83192,Partial
102727,89718,138412,Pending
103031,137730,148352,Partial
103294,41113,135609,Paid
105552,91387,73603,Partial
107772,64270,122523,Partial
101532,68243,42888,Pending
103387,99270,66816,Pending
109201,135623,26175,Paid
105317,116375,56263,Paid
102583,113655,17431,Pending
106775,96536,19877,Paid
102982,79192,97060,Paid
104553,136700,98840,Partial
108592,31085,15969,Partial
108994,70661,63660,Partial
108007,55922,97177,Pending
102938,91040,41749,Paid
104986,80397,18117,Paid
106751,58552,28548,Pending
104178,145132,118836,Partial
105105,145465,90480,Pending
100956,103714,135297,Pending
106510,53326,49456,Paid
103934,53786,43113,Partial
105602,119669,69250,Partial
107602,117524,122280,Partial
105290,32535,137389,Pending
103778,96526,85859,Pending
100111,98795,140533,Partial
104311,89190,125897,Paid
105823,67881,104755,Partial
108893,132799,95222,Partial
102850,86309,18026,Paid
106206,64975,95532,Pending
105421,146699,98017,Pending
104161,49479,132214,Paid
103699,147692,93060,Paid
100555,116714,70228,Paid
108334,70962,92077,Paid
104238,99424,107073,Paid
100616,110211,106521,Partial
101364,74961,29428,Paid
100244,127058,79724,Pending
109268,64845,36616,Pending
109168,128138,21114,Pending
106362,115893,27588,Paid
104843,95019,41114,Paid
108862,99208,75694,Partial
107071,117542,23302,Pending
107614,57081,117856,Pending
103116,46959,78256,Pending
105545,100547,143471,Pending
108934,121555,38834,Partial
105543,129029,146713,Paid
102023,141615,116978,Pending
107178,129097,149232,Partial
103189,83316,68692,Partial
108541,42316,132925,Paid
103962,46010,124704,Partial
104817,83356,53828,Paid
105934,104688,106120,Partial
107314,93075,83696,Pending
103462,51733,14999,Partial
103154,142290,81447,Partial
100045,85737,14445,Paid
102707,81714,44023,Pending
108158,131572,145447,Partial
107958,101083,20313,Partial
104304,50439,11095,Pending
106048,97690,53060,Paid
102179,90996,120076,Paid
105833,93567,54534,Partial
104761,113215,148046,Partial
106750,79087,35871,Pending
107454,73450,136982,Paid
109841,114449,102905,Paid
109447,101990,115707,Partial
100786,123800,144115,Partial
100023,46899,22980,Pending
106240,148146,72794,Pending
106060,141155,77658,Paid
101154,138530,52263,Paid
101118,132532,70412,Partial
105812,131618,149942,Paid
107613,73985,34737,Paid
105175,132493,21090,Pending
102963,145419,84831,Pending
104340,115351,140743,Partial
102160,121340,137795,Paid
100445,58375,20367,Partial
101673,126223,128952,Paid
101609,140583,116063,Pending
109385,72766,132561,Partial
102780,38855,70418,Paid
108133,89356,20629,Pending
109536,33235,65709,Paid
101419,47662,124056,Paid
108857,121209,102543,Pending
106889,120260,86874,Pending
109291,56515,29261,Partial
108569,116250,60483,Partial
106635,46358,38209,Paid
107748,39814,78468,Paid
107547,132988,94828,Pending
105057,131256,140008,Paid
108793,91212,52251,Partial
104006,43481,148712,Partial
106861,32730,34092,Paid
104750,41181,97324,Paid
103803,79781,43175,Paid
107295,43375,83891,Pending
100203,71506,68792,Partial
100206,72081,135294,Pending
100136,123172,15002,Partial
106062,114892,123590,Paid
101791,123958,17866,Pending
100827,63412,44755,Paid
104176,149233,118972,Pending
108254,52983,59907,Pending
100274,35914,58338,Partial
101294,134362,110489,Paid
105169,39760,31851,Pending
101188,96609,104538,Partial
108261,80652,148947,Paid
105838,136707,47251,Pending
103449,116465,65443,Partial
107045,118900,88021,Paid
103479,139813,139489,Partial
104558,132793,49427,Pending
104087,98008,58280,Paid
107425,149605,141419,Partial
104364,97793,34906,Pending
106999,141623,105329,Pending
109923,105756,138911,Paid
104610,105650,129585,Paid
100345,66064,84205,Pending
106823,117410,111302,Partial
105451,53973,106729,Paid
104634,100720,111626,Pending
104452,125638,12104,Pending
107500,85259,96400,Pending
109489,127854,120427,Pending
103825,67179,103286,Partial
106225,109275,44856,Pending
103731,30171,149658,Partial
107533,127999,28796,Partial
106738,65381,41535,Pending
109531,107116,75586,Partial
100770,135162,112779,Pending
108502,116326,100657,Pending
101337,77761,149601,Partial
105208,144824,109641,Partial
102670,99268,69789,Pending
108159,105923,95244,Partial
100341,69200,124115,Pending
104575,69987,112698,Partial
106250,59317,43701,Partial
102124,76513,113679,Pending
100521,41473,91655,Partial
105579,127798,131006,Pending
109111,86789,141884,Paid
104236,112043,64232,Partial
102538,122524,130594,Paid
105013,136648,15887,Pending
101759,103787,104931,Pending
107645,84272,14245,Pending
106777,87027,138939,Pending
107353,31014,113070,Partial
107849,94700,48476,Pending
101674,48533,63209,Paid
101704,82733,84419,Pending
100914,88134,110802,Pending
103749,119749,54896,Partial
104649,33216,71563,Pending
105185,119815,53623,Pending
107838,48275,139453,Partial
107287,135960,117954,Partial
107428,44831,68068,Paid
104451,83412,131296,Partial
103843,127646,104846,Pending
100612,78656,19145,Paid
107990,111058,106211,Pending
109570,106131,42636,Paid
106094,33402,93571,Paid
109064,134245,99681,Pending
104223,42484,143568,Paid
106881,87436,78784,Partial
106222,106592,57801,Partial
109798,143019,112273,Partial
101967,108244,74949,Pending
106101,77312,132761,Paid
100800,101954,143643,Paid
102460,79485,91133,Partial
103540,74959,54074,Partial
109463,100503,54456,Partial
109266,31636,20509,Pending
108995,145443,62505,Pending
100870,90356,74656,Paid
105848,108717,40514,Pending
103722,40023,131924,Partial
106188,42199,54689,Pending
107085,141008,21831,Partial
101350,138578,134613,Partial
108716,148127,64832,Pending
107372,53204,76438,Paid
106278,91094,110749,Partial
109542,68945,101483,Paid
105185,49908,94276,Partial
102675,44926,97308,Partial
104528,88223,54521,Pending
103293,71351,100664,Partial
103594,117789,64483,Pending
105182,54387,96630,Partial
108129,33990,69606,Partial
104446,94968,127196,Pending
102266,109989,99511,Pending
108767,115376,22778,Partial
101004,128493,23819,Partial
100183,97590,113611,Partial
105966,59946,108819,Paid
105445,51978,55086,Partial
109854,126726,149152,Partial
102992,51950,64952,Partial
101686,116144,37171,Partial
103830,96827,122891,Pending
107557,139867,63597,Partial
106452,148687,15088,Paid
105992,87997,105000,Paid
107911,30401,66256,Pending
101678,63817,92109,Paid
109304,104366,19348,Partial
108701,112100,69877,Paid
104892,130522,104736,Partial
101990,50366,29891,Partial
102115,69383,65676,Paid
103454,130662,45324,Pending
104222,81967,146334,Paid
106753,63044,135987,Partial
103339,74514,81533,Partial
103028,53554,115087,Paid
105745,147806,28764,Pending
100389,93662,24143,Partial
103076,44444,90227,Paid
106836,47655,33166,Partial
100887,82716,30319,Partial
106938,48727,50782,Pending
101590,56787,131863,Pending
105998,139257,28138,Pending
105687,138979,117403,Partial
105643,75753,76479,Paid
108209,146525,115751,Partial
103939,91129,40484,Paid
106851,93622,72798,Pending
103535,129860,117770,Paid
100308,89924,31788,Partial
104667,140659,45794,Partial
106356,107828,91131,Pending
107299,80150,19832,Partial
109196,101786,67633,Paid
106220,68967,92377,Pending
107374,146402,97287,Paid
101605,92216,129031,Partial
109944,93610,88195,Pending
106511,99187,53401,Partial
102826,73753,121948,Pending
107490,38517,96349,Pending
107054,38061,133841,Paid
106163,68623,44245,Paid
108643,64708,99367,Paid
101478,110695,141693,Partial
108918,136033,49640,Pending
100005,37952,15278,Partial
104800,86298,145006,Partial
101776,39292,68581,Partial
102099,36426,61015,Pending
107582,144851,99437,Pending
106651,94933,130835,Partial
107901,45400,46422,Partial
101103,131200,132427,Partial
102626,132625,93883,Pending
105898,129863,145774,Pending
106994,87886,109385,Partial
107380,82101,138822,Paid
106763,113927,34317,Paid
103112,94154,82800,Partial
105785,121214,140223,Partial
104046,47097,59841,Partial
103992,140809,75190,Partial
100016,77726,147077,Paid
107594,101704,88289,Pending
102598,72667,60436,Pending
100502,123970,55884,Partial
106760,84511,146422,Paid
104414,35309,17776,Partial
101254,37730,33999,Paid
100742,30881,100744,Pending
105967,79061,130154,Pending
101274,70877,37109,Partial
108284,45899,41937,Paid
103831,92705,98957,Paid
100149,56675,68911,Paid
108584,92154,93329,Paid
109816,96896,92847,Paid
103103,137457,52021,Pending
103790,113205,91262,Pending
102297,112102,43329,Pending
108705,102822,81502,Partial
108133,108297,143742,Pending
104468,68642,107330,Pending
104544,36850,31832,Paid
109140,139304,83851,Pending
103165,93983,98301,Pending
100559,55578,31453,Pending
104181,43904,97273,Paid
102798,126956,34528,Paid
100691,134310,81698,Pending
102633,107712,35752,Paid
109236,111507,55409,Pending
102484,105269,45764,Pending
109715,57477,87111,Partial
106856,123617,66861,Partial
104800,37765,128054,Paid
102369,75557,46572,Partial
104752,54781,118194,Paid
101957,136987,116188,Paid
109317,59811,47249,Paid
107963,43719,125089,Partial
108711,131752,32538,Pending
108459,93613,113395,Pending
103081,63172,97941,Partial
104297,137479,90138,Pending
107432,108904,117086,Paid
109186,121744,144299,Paid
100053,138299,40021,Paid
107327,82528,104611,Paid
101388,93434,121564,Paid
104161,104934,149911,Partial
105836,95358,49165,Partial
106054,132299,57301,Pending
105967,121431,17747,Paid
107658,33800,73956,Partial
106451,71401,67796,Pending
107907,86293,143095,Pending
103624,88601,100922,Paid
107232,111764,70780,Paid
104252,148485,34340,Pending
101245,63237,129484,Pending
108659,127310,101795,Partial
101724,36141,61968,Partial
106571,136706,116221,Paid
101974,126358,41934,Paid
104033,144820,27427,Pending
100785,90648,83725,Pending
104431,149570,64523,Paid
105472,109896,109979,Paid
103161,147042,55757,Paid
103367,72288,126735,Partial
100538,58826,55497,Partial
105161,130802,24384,Partial
100038,44905,134552,Pending
101729,84407,148450,Paid
107665,125922,106525,Partial
103642,75054,14759,Paid
108686,30421,20498,Pending
108824,114347,147951,Pending
102624,73689,64021,Paid
107423,67421,63152,Paid
102713,143321,129515,Pending
104889,71220,91425,Pending
106720,96233,81759,Partial
102300,149575,29275,Pending
101319,88451,63273,Pending
109189,113395,119720,Partial
108988,82745,138849,Paid
100708,135872,41132,Partial
105414,109698,59103,Partial
100247,75992,103885,Paid
100915,30539,47370,Partial
101257,58598,63117,Partial
105319,97689,79928,Partial
107927,49632,43854,Partial
106311,43453,144222,Paid
106948,136190,99605,Partial
102070,58855,95205,Partial
105919,38635,113885,Partial
104369,43206,88781,Partial
100326,102973,24547,Pending
102791,130617,135622,Partial
109565,85803,141273,Partial
102797,148449,131802,Paid
105185,69095,98362,Pending
105199,110967,52314,Partial
103411,48006,117513,Pending
103443,119503,86469,Pending
105566,120105,24359,Paid
102943,77336,17454,Partial
104277,61935,116229,Paid
100487,73196,10600,Partial
100505,66622,112578,Paid
102029,79029,118243,Pending
100249,147804,86132,Partial
106850,64497,120209,Paid
107474,42820,70702,Partial
108364,51000,128440,Partial
107531,90908,18929,Pending
109453,44333,60633,Partial
108297,115574,59280,Pending
106758,52846,81106,Partial
108737,70456,85723,Partial
105932,128055,14057,Partial
105030,143756,97470,Partial
100002,129510,38307,Pending
102932,72248,70200,Pending
107513,61645,43736,Partial
101805,122219,128287,Partial
102238,81334,19097,Paid
106035,107457,25379,Paid
100090,96619,26933,Partial
107458,62320,40423,Partial
103574,120358,61710,Paid
102110,96600,144923,Partial
100314,85521,52927,Pending
100129,36933,15879,Paid
108974,112107,138936,Paid
106266,41446,129468,Partial
103252,65417,112786,Pending
101132,92525,87554,Partial
109156,104949,140515,Paid
102434,107686,67980,Pending
107379,82439,135870,Paid
102631,85910,138847,Paid
104253,115138,82059,Paid
108498,74502,12904,Partial
107920,81552,26097,Partial
108750,62495,20058,Paid
109005,75876,146069,Paid
102720,55459,10101,Pending
103839,47332,69443,Pending
101643,91035,35398,Paid
109010,128791,129285,Paid
105373,87617,84131,Partial
100143,121882,148388,Partial
107087,119738,74295,Paid
104827,97762,43104,Partial
101912,126169,113173,Partial
103558,112581,101762,Paid
102151,36928,145040,Paid
107857,36979,29790,Pending
108111,144794,82302,Partial
103280,129203,149449,Partial
108779,77933,69053,Partial
107045,47474,69935,Paid
104860,97554,112395,Partial
101175,35514,89383,Partial
105479,60746,80256,Paid
103454,38922,34980,Pending
104589,117519,70697,Pending
102448,54993,100206,Paid
108466,72082,102268,Paid
104684,105296,71164,Paid
102081,31310,121228,Partial
100366,50989,46947,Pending
106133,115154,108007,Paid
103912,95533,50751,Paid
106156,40393,47901,Paid
102120,50338,45767,Pending
102227,137310,135632,Paid
108994,93984,111549,Paid
103779,39220,51511,Partial
109958,135844,113245,Partial
108303,127125,141635,Partial
109311,129260,140974,Paid
108128,143838,99541,Partial
107069,47990,82852,Partial
107415,71396,120562,Pending
103525,95205,122032,Pending
109303,67291,148901,Paid
103854,81728,32633,Paid
109096,117984,73654,Paid
101637,32379,15936,Pending
107691,107012,88601,Partial
101202,141983,22601,Partial
102590,123214,92697,Paid
106944,107792,116142,Pending
108632,123088,24808,Partial
103091,134905,138472,Partial
100245,104807,128561,Paid
103286,41907,128995,Paid
109228,31486,99303,Paid
102554,138265,24281,Pending
105212,125112,78696,Paid
104031,129282,50011,Paid
104417,62465,21068,Partial
102373,72930,53721,Partial
106836,40174,90237,Paid
104938,71891,142192,Paid
101539,59985,24587,Pending
102947,138093,126581,Pending
101580,76541,103857,Paid
102807,129899,38231,Partial
105410,92402,101159,Pending
102371,113148,94697,Paid
100739,132620,15541,Partial
105907,40906,18503,Paid
101243,55421,121873,Partial
103794,54750,117382,Paid
108979,91000,64373,Paid
101820,67805,87883,Paid
102409,69175,70666,Paid
106557,81285,22688,Paid
108071,53904,49719,Pending
103983,31453,119740,Paid
100841,72696,88054,Partial
107188,31092,27843,Partial
107236,140201,64351,Pending
100537,54374,49784,Paid
109268,123352,91404,Partial
103323,123413,53186,Partial
106389,73006,72150,Paid
107445,74154,33038,Partial
106690,81195,94207,Paid
101591,65974,134790,Pending
109350,117355,141608,Paid
107517,133786,24131,Pending
108680,32317,37972,Pending
109601,63569,30794,Pending
107303,33484,45619,Paid
106507,54616,149016,Paid
100460,118545,118263,Pending
104719,43846,116997,Partial
105129,103492,35104,Paid
105208,135382,136866,Paid
101720,53344,136921,Pending
105676,72382,108900,Pending
107270,110165,47380,Paid
104793,45680,146059,Paid
101945,81453,58243,Paid
100878,35102,92051,Pending
103227,46735,44715,Partial
103395,117125,118415,Paid
107498,42713,124558,Partial
107669,61553,75534,Partial
100692,140220,130383,Partial
106939,133834,18823,Pending
102081,68368,128681,Paid
105529,123340,108219,Pending
103380,93705,140614,Paid
108363,143872,65298,Pending
108535,41853,118343,Partial
101432,104946,74602,Paid
109880,91327,45393,Paid
105033,48641,65239,Partial
105912,86274,26399,Pending
101316,39480,31243,Paid
107976,47797,46085,Partial
102319,102683,119933,Partial
102787,59927,89878,Pending
105079,51443,106204,Paid
108346,63781,123389,Pending
105648,49304,116256,Pending
103809,89027,50179,Paid
101489,98207,137829,Paid
109879,103020,129323,Paid
107147,123235,97371,Partial
107254,48455,104237,Partial
108977,85246,99716,Pending
107962,95451,74820,Pending
107743,53153,32110,Pending
109679,102954,14833,Paid
102248,84618,78510,Partial
108895,147334,133079,Paid
101784,90738,126476,Paid
104542,73260,10528,Partial
106435,48167,29512,Partial
101104,74207,21444,Paid
104954,121039,143694,Partial
101933,52270,50992,Paid
107437,80460,12571,Partial
100629,142228,85736,Paid
109157,84059,76607,Partial
109738,94673,83518,Pending
105301,134457,101048,Pending
106958,41305,45038,Paid
107567,75972,55277,Partial
108109,135395,59368,Partial
107950,68160,133045,Paid
105766,85315,97715,Paid
105837,77186,52865,Pending
104123,34236,83328,Pending
108881,38876,88266,Pending
108453,135907,71452,Paid
108517,97716,99633,Paid
103363,88053,110807,Paid
102942,97702,97618,Pending
105015,134932,29488,Partial
105559,96052,60052,Paid
107552,84174,90967,Paid
101032,145177,128942,Paid
109376,54750,20507,Paid
106769,61049,76620,Partial
105576,108284,113149,Paid
107011,84519,110840,Paid
103926,118178,81695,Paid
104718,101953,47579,Pending
106845,104958,49580,Paid
103087,91809,148512,Paid
108347,136660,80057,Partial
105813,34344,56630,Paid
101692,31544,67655,Partial
103721,73681,46549,Partial
107417,113691,48323,Partial
105304,89337,95683,Partial
100912,120913,51967,Pending
103943,129101,18736,Paid
102342,37584,123654,Partial
102999,55692,134440,Partial
100785,43926,37541,Paid
104513,37302,127859,Partial
109312,45481,97989,Pending
107745,83906,140487,Partial
100680,120052,54344,Paid
107577,110321,92790,Pending
106459,60927,140763,Pending
108658,49909,70789,Paid
108302,77423,49325,Partial
107451,73535,28721,Partial
104379,130757,32979,Partial
108329,101558,139943,Partial
101854,86261,77669,Pending
109697,100622,47148,Pending
109671,30997,74920,Pending
109851,141984,45168,Partial
100112,30211,117152,Partial
104228,43186,25556,Partial
102912,143021,32730,Partial
103576,31866,140902,Pending
101498,131062,124588,Paid
106208,101991,45340,Pending
100210,112256,54175,Paid
102699,87419,36081,Paid
101781,99514,92996,Pending
106673,53437,23703,Partial
108838,33083,69117,Paid
100244,126466,42786,Pending
109059,35338,147234,Pending
109501,137336,135554,Paid
103119,108633,111686,Partial
108320,74305,125895,Paid
100173,99471,54759,Paid
106039,78463,118567,Paid
105315,115231,57085,Pending
105040,70335,42382,Partial
109869,68494,104444,Paid
102415,39091,14939,Pending
103751,105039,37692,Paid
106035,104644,47830,Partial
101568,89790,15557,Paid
107925,115631,48811,Paid
103879,123656,100245,Paid
100171,83426,77549,Pending
109976,98236,104190,Partial
102072,103888,59226,Paid
105605,128862,46325,Partial
100379,95032,122675,Pending
106798,108518,63388,Paid
103491,143904,95307,Partial
109688,77723,127551,Pending
107158,80215,129714,Paid
100559,33473,101964,Pending
102202,61671,48169,Pending
104576,36342,95142,Pending
100408,82781,124343,Pending
108779,126620,125857,Partial
107440,69194,69714,Pending
100633,119870,96470,Paid
100248,49878,138475,Paid
109061,108748,127441,Partial
101690,126041,61746,Pending
101758,63011,130663,Partial
101616,146861,120030,Paid
102959,86434,27396,Paid
105997,146961,47033,Paid
102520,119385,104271,Pending
108297,36972,55871,Partial
106497,128692,40890,Paid
102713,145324,18363,Paid
100775,90960,76239,Pending
109415,102109,33203,Partial
102838,143024,122985,Paid
109306,37636,149020,Paid
103883,53694,106055,Paid
104628,131335,92752,Paid
104311,44219,19009,Paid
106354,41805,103407,Pending
101437,75099,106307,Paid
101672,86467,129493,Pending
100523,40287,87877,Partial
105192,53444,111382,Partial
108124,99293,107924,Pending
105997,133283,120613,Paid
104730,109541,49313,Partial
103841,97038,66745,Partial
101839,34496,35748,Pending
103480,57474,88081,Partial
102675,90133,100845,Pending
103806,48532,119272,Pending
100986,62654,59725,Paid
109306,62295,102954,Partial
104550,94286,59617,Pending
103823,42451,32652,Paid
104523,99551,120111,Pending
108096,142299,52201,Paid
108162,121035,134230,Partial
102198,90137,74593,Paid
105002,140754,88386,Partial
103014,76896,89564,Partial
107281,30121,60478,Partial
103157,32599,122699,Pending
107543,75239,82355,Pending
103609,146887,37832,Pending
106063,59243,106823,Pending
103623,87160,121783,Paid
102060,126112,87356,Pending
108750,99039,49686,Pending
104542,77409,37887,Paid
107435,61749,64027,Partial
102887,46828,115188,Pending
106675,47464,108818,Paid
104638,75779,39953,Pending
100997,34194,123281,Paid
102023,93298,88358,Paid
109781,38091,131711,Paid
100466,125851,77155,Partial
108722,114979,49463,Partial
104768,121379,126672,Pending
107910,115016,141464,Paid
108661,126192,118862,Partial
109029,120826,76006,Partial
107363,117038,133634,Partial
103884,103535,104421,Pending
105584,93975,99039,Paid
103945,119127,25896,Pending
103658,43648,113841,Partial
107978,135065,43133,Partial
104533,112344,48969,Paid
109650,33954,18027,Partial
100530,145105,21234,Partial
100006,74435,83302,Pending
105687,94692,91418,Paid
109632,125339,111239,Pending
109230,132232,104037,Partial
100958,70648,119060,Paid
102137,86851,30125,Partial
104275,66161,138201,Paid
104863,98852,137489,Partial
100876,47405,38320,Partial
104646,92287,103929,Paid
103968,124481,11056,Pending
102486,144765,141625,Partial
101305,129175,116738,Pending
105098,37859,72893,Paid
102059,123642,52547,Pending
102824,83223,18518,Partial
106381,107242,61817,Pending
106543,111332,22295,Pending
103006,132344,104267,Paid
109203,73739,107644,Partial
109244,32908,44479,Partial
109231,119703,35784,Pending
104288,113921,127572,Partial
108125,77824,134799,Paid
105631,76236,73885,Pending
105943,73321,103623,Partial
108084,69787,57310,Pending
102267,68227,36275,Paid
102402,148965,74096,Pending
105365,84846,97535,Partial
104277,116117,134766,Partial
100081,131246,30175,Paid
106127,87771,34475,Partial
103296,117974,149406,Paid
102985,53796,59610,Paid
109261,147560,119446,Paid
105261,125149,140955,Partial
106556,57803,75056,Paid
100157,60962,17282,Partial
106958,58817,144103,Pending
109938,78553,105478,Pending
101654,127142,133112,Paid
109754,93165,109593,Pending
102754,75140,110805,Partial
106076,114420,83779,Partial
104891,95364,121142,Pending
108830,142970,35997,Paid
103009,136757,18251,Paid
109328,97110,37644,Partial
100174,30555,115817,Partial
109253,121844,147696,Partial
105294,80431,80750,Partial
109093,69502,27028,Paid
108289,114236,110516,Pending
106728,46591,25009,Paid
106327,58378,29609,Pending
106887,117236,76178,Partial
107273,137862,138747,Paid
103460,148400,52242,Partial
108694,145363,74037,Partial
100542,74882,116674,Pending
103853,133582,28410,Pending
103328,43880,56126,Partial
109860,54450,30870,Paid
104087,91194,30739,Partial
102561,98368,124608,Paid
104142,76385,13848,Paid
100199,140255,112453,Paid
105599,146077,80615,Partial
107478,38805,86726,Pending
105155,138712,73593,Partial
100231,88269,109787,Paid
100625,116643,137010,Paid
101071,97858,89948,Partial
106254,96398,46629,Paid
109818,118428,125464,Paid
101093,82950,88492,Paid
108427,57605,100989,Pending
100393,93630,54455,Paid
101214,32040,125380,Paid
108075,143571,15506,Pending
105424,64774,124233,Pending
102347,75740,111436,Paid
108183,149906,133026,Pending
109406,142335,16787,Partial
108318,55488,18840,Pending
104858,82010,131069,Partial
100308,82635,85535,Partial
100680,62719,39404,Paid
102852,134636,40107,Paid
109948,102865,93918,Pending
103026,124364,146263,Paid
105685,128598,29892,Partial
108772,31902,118260,Paid
105992,74479,61880,Paid
100731,128613,45536,Pending
109491,59983,76623,Partial
108767,127296,98409,Partial
100561,118295,86769,Partial
108048,68664,36657,Partial
100796,108361,23685,Pending
107521,69718,122151,Paid
106794,33727,32543,Pending
109106,45383,62851,Pending
103158,58087,104324,Partial
100670,68190,121300,Pending
100229,78556,149772,Paid
107552,101640,55347,Partial
101164,85531,38815,Pending
107761,109459,95144,Partial
101039,64856,36765,Paid
106449,35658,90564,Paid
108792,86132,113957,Partial
109324,128479,80750,Pending
102982,89833,33963,Partial
105650,41928,124502,Partial
109676,48031,129606,Pending
102627,47179,22462,Paid
107486,122248,69468,Pending
106405,105369,57924,Paid
106935,91457,148471,Paid
104188,80524,31883,Partial
100998,141524,91077,Partial
109948,66892,140738,Pending
104451,40935,73669,Pending
108422,74938,20834,Pending
108356,40754,131417,Pending
102560,104602,21576,Pending
100060,125096,70144,Pending
103751,56082,65717,Paid
103037,126654,134502,Partial
109460,57499,13285,Pending
108168,83756,128443,Partial
107300,135188,48571,Pending
102581,119551,145397,Partial
103972,82094,25355,Partial
102255,108531,80065,Paid
103422,130034,105620,Partial
102161,55225,139779,Paid
108186,64491,103112,Partial
106763,134494,87282,Pending
100521,129390,15790,Pending
105454,133758,38616,Pending
107326,47630,111246,Paid
107572,52432,45284,Partial
107701,103096,55293,Partial
104700,93748,39592,Paid
101001,120102,133957,Paid
105716,141162,133791,Paid
102875,40703,52301,Pending
103766,108424,78133,Pending
104601,86407,34564,Pending
100582,78918,136609,Partial
101905,90872,65479,Pending
100166,64431,60834,Paid
105304,56792,59879,Partial
109881,43201,97484,Partial
107501,121764,90286,Paid
109420,54543,43264,Paid
104554,72882,39569,Pending
103301,136509,92428,Partial
105687,146426,20442,Partial
104748,49541,102763,Pending
105287,136811,11702,Pending
107397,125666,78631,Partial
106825,45087,77938,Paid
103039,80297,140846,Partial
100618,138278,114342,Pending
101551,80167,77543,Partial
109103,88451,99153,Pending
105938,51428,42626,Partial
104174,79980,83959,Paid
101868,65032,146813,Pending
106588,108749,88216,Paid
107754,70087,125987,Partial
102860,100435,28089,Partial
108141,123888,121674,Pending
100650,100018,82484,Paid
104624,105837,108486,Partial
107008,88441,69924,Partial
108419,88945,140745,Pending
107180,116899,119434,Pending
106208,48232,103691,Pending
107731,123259,137198,Partial
107696,56077,55811,Pending
103146,133522,57825,Pending
107564,55363,54202,Partial
102868,111158,23496,Pending
105880,132210,149321,Partial
100983,47578,114836,Paid
107720,46359,50048,Partial
109877,103013,22032,Partial
103694,32492,36810,Partial
109792,94549,37639,Pending
109706,105236,12318,Pending
100297,145072,28967,Pending
105332,52407,137694,Pending
106557,46756,50629,Pending
102211,35616,57564,Partial
109143,59659,109430,Paid
107041,94966,140309,Partial
106523,142789,24573,Pending
108144,89853,56439,Pending
100518,124573,105160,Partial
104691,113639,53544,Pending
105173,101201,96292,Pending
104460,31148,22796,Partial
101691,108550,147005,Pending
108401,48751,73914,Paid
106930,96794,148515,Partial
101432,96973,46992,Pending
109606,43145,23170,Pending
100471,115443,131854,Partial
109696,47558,73940,Pending
109559,111926,141801,Pending
102968,92642,135683,Paid
105014,56095,88115,Pending
106264,66742,62247,Pending
106154,144857,40107,Pending
102419,34425,45513,Pending
109322,122619,42061,Paid
108510,134525,106461,Pending
100904,32602,138295,Partial
104510,56354,91175,Partial
107785,115432,79113,Paid
100794,66298,86486,Partial
101646,35718,117864,Partial
107203,62179,44420,Paid
101286,148052,74758,Pending
106158,102151,106972,Paid
102614,40781,101887,Pending
103926,36813,72642,Paid
104273,106620,17301,Pending
103731,101493,133590,Paid
103483,90953,139016,Partial
103284,92938,128631,Partial
104453,136114,108640,Partial
104089,70655,61854,Pending
101935,133685,67810,Partial
100389,129994,101858,Paid
101397,43369,141443,Partial
105059,49408,98684,Paid
101967,113625,83310,Paid
106602,120657,21707,Pending
102362,125517,103113,Pending
101875,105353,80347,Paid
109817,88061,46444,Partial
107132,49138,127606,Partial
103271,142079,80184,Paid
102410,132632,66886,Partial
106358,55006,111150,Pending
103145,65499,71468,Partial
104117,108742,76597,Pending
101197,39639,130801,Partial
109300,131554,107974,Partial
100603,79917,21588,Pending
104011,96903,32602,Pending
103187,83164,135120,Partial
106452,117518,54480,Paid
106499,78822,127061,Pending
108398,84591,52720,Partial
103269,148322,103387,Paid
107290,56132,38271,Paid
103705,85191,134024,Partial
107374,98724,14362,Pending
103246,100148,75011,Pending
106015,31510,130764,Pending
102983,47834,136309,Paid
100515,72939,110338,Partial
108770,123477,139387,Partial
106081,112474,34370,Pending
109505,143145,113225,Pending
102479,64962,13843,Paid
104827,61551,51252,Pending
102191,100106,83651,Partial
108990,77783,29550,Partial
102478,46271,78906,Paid
102361,40646,94654,Partial
102982,40369,130711,Partial
103300,117441,82267,Pending
109773,119642,28772,Pending
109105,146093,62315,Pending
108279,136565,108593,Partial
102424,138441,64116,Partial
101653,139550,110831,Pending
103060,144375,110629,Partial
102874,31407,134324,Partial
106925,126912,146896,Paid
107835,80146,98817,Partial
103286,92092,93173,Paid
108781,58213,12183,Paid
104195,57318,97487,Paid
104693,139849,24331,Pending
100704,144256,61245,Partial
105594,129805,59298,Partial
101320,120834,65387,Pending
101312,56086,147618,Pending
100567,74450,54478,Pending
104143,96297,101762,Pending
102398,137872,15579,Pending
109155,80639,63744,Pending
101154,74301,114546,Pending
101652,93600,31116,Paid
103600,89413,136053,Pending
108346,136418,33403,Partial
107975,111386,58884,Paid
100953,106606,92981,Pending
104491,84996,30574,Pending
105521,126308,98360,Partial
109990,97065,63884,Pending
104245,53512,21131,Partial
104945,40095,27351,Pending
103581,91922,56763,Partial
102568,104990,92174,Partial
103151,35573,114736,Pending
101281,139971,65619,Partial
104590,37906,83009,Paid
101994,82571,108283,Paid
107026,56017,99323,Pending
100251,126868,131810,Pending
100394,92975,102155,Paid
102963,110101,107562,Paid
102334,40411,149648,Pending
101715,59638,44086,Partial
108448,72755,15296,Pending
104192,71560,119827,Paid
102053,142228,51286,Pending
107448,72741,30091,Paid
104791,94275,36728,Pending
109136,40779,31341,Pending
104328,72161,120142,Pending
100769,131745,79464,Pending
101824,126056,72031,Paid
107996,60372,120663,Paid
109655,88279,95116,Paid
100267,56615,144489,Pending
100808,42539,127763,Paid
105175,128228,96258,Pending
103801,78184,12398,Partial
107987,131496,55724,Partial
105211,54703,139752,Partial
103476,95530,21234,Paid
104351,50255,82775,Paid
107100,108628,25182,Pending
106753,33532,95769,Partial
107626,93399,87654,Pending
107138,114883,131973,Pending
101588,82262,117686,Paid
107937,60948,81284,Pending
102595,59062,36202,Paid
101236,128274,50735,Paid
109452,69811,56344,Paid
102052,138149,115100,Pending
101973,55962,69603,Pending
108067,128437,102560,Pending
100832,140878,13678,Partial
103763,124729,138669,Paid
107085,89024,31599,Partial
100010,108611,68504,Paid
107244,71455,20640,Partial
102268,38006,142925,Partial
105239,119188,71397,Paid
101585,128989,62918,Pending
106535,59008,117814,Paid
105908,105483,33758,Pending
107762,127430,30486,Pending
103324,135534,102696,Paid
100684,81345,58561,Partial
103496,99077,43289,Pending
100177,69068,80449,Partial
102902,94501,55000,Partial
103275,37568,45045,Pending
100144,106479,41069,Paid
105584,81656,11348,Pending
106354,74989,86660,Partial
104818,102356,99139,Partial
103191,115479,74231,Pending
104257,62748,18053,Pending
104173,110573,147603,Pending
106129,116306,122126,Paid
101598,51300,34124,Pending
108495,106427,92878,Partial
106552,115368,43131,Partial
102402,119144,102649,Pending
101805,96601,102080,Partial
107716,86488,104006,Pending
106220,96131,109809,Pending
101974,43049,29452,Paid
101732,136286,30744,Paid
108707,51924,72561,Pending
109202,67433,86698,Partial
107738,58176,130987,Partial
102703,120649,70344,Pending
109348,72479,84585,Partial
100531,64352,48916,Pending
108450,120930,19892,Paid
105302,50360,134540,Partial
104956,86215,25224,Pending
103416,125830,90671,Pending
108708,130834,123559,Paid
109134,76754,66856,Partial
104074,67024,68342,Paid
108700,39527,139012,Paid
109274,76450,64232,Partial
109580,84961,51222,Partial
103171,94508,11444,Pending
108150,96008,72798,Pending
108091,148382,32834,Pending
101914,57343,115348,Partial
102040,61824,39848,Pending
102209,127666,52625,Paid
108283,31164,44789,Partial
104884,136054,63653,Partial
103030,70956,33286,Pending
103384,62748,95838,Pending
102051,86551,57929,Pending
100743,32775,140133,Partial
102179,46579,125826,Paid
103640,124602,57634,Paid
103914,33082,47780,Pending
101700,89261,82959,Pending
106819,132785,125006,Paid
106484,117418,52116,Pending
108812,72750,24310,Partial
106637,64303,67580,Pending
108891,110153,139606,Partial
102233,97156,77615,Partial
108835,70634,47369,Paid
103908,36222,72743,Pending
101076,63861,123556,Paid
109769,112469,121719,Paid
108539,141376,12585,Paid
108338,109735,81870,Pending
102768,65061,74538,Paid
108573,90541,91327,Partial
108991,53850,24862,Paid
105477,122699,67743,Pending
105450,82817,83939,Pending
105252,54893,24652,Partial
108571,114485,46038,Paid
106578,31803,98004,Pending
109709,86965,47076,Partial
109079,39450,12865,Paid
104760,136157,92765,Partial
107751,146169,125819,Paid
105880,61626,129515,Partial
106058,145771,128724,Pending
108218,144409,55990,Pending
107666,97030,94087,Pending
107068,128904,112723,Partial
107098,70134,42215,Paid
100527,70593,85146,Partial
108109,93275,15521,Pending
103679,146347,143416,Paid
102058,96672,25287,Paid
102494,51655,90002,Partial
106663,134054,120203,Partial
102236,84962,91701,Paid
106791,109727,59827,Pending
102210,59604,79554,Partial
109511,36857,72123,Pending
102284,37797,111194,Pending
105814,42419,43402,Partial
106171,143980,80764,Pending
105841,52379,107840,Paid
103435,63581,68748,Pending
104931,78658,53235,Pending
104304,96300,12250,Pending
106739,131864,16437,Paid
107051,92606,74339,Paid
104067,34350,79438,Pending
107337,32172,129254,Pending
102040,78109,117023,Partial
103212,115279,86885,Partial
102329,126942,28853,Paid
102556,147644,15252,Partial
101076,74299,31746,Paid
100853,89745,75902,Paid
107811,50963,104893,Partial
104732,92958,121306,Paid
106544,68656,30659,Pending
100228,127803,69386,Paid
104523,110872,38863,Pending
100394,56548,149804,Partial
103027,109747,85270,Paid
105162,41888,98027,Paid
109349,43825,101234,Paid
102160,82172,145910,Pending
105409,106554,71627,Pending
108265,132734,132532,Pending
105177,48357,38695,Pending
102636,121617,105807,Paid
108710,125857,11580,Paid
104789,43502,26999,Pending
101505,89122,97350,Paid
105481,52763,100360,Partial
106792,117288,38050,Pending
105213,87301,99858,Pending
105765,50300,63774,Pending
109123,144093,106480,Pending
101778,76814,95416,Paid
107011,67073,11950,Pending
105885,89918,43820,Pending
100994,102762,24398,Pending
107965,126164,33900,Pending
100078,47861,43501,Partial
104774,54851,86809,Pending
105128,40811,49638,Partial
103034,40254,50146,Paid
106990,55450,123585,Paid
106142,146277,81018,Pending
108557,36058,47274,Partial
102381,43521,127182,Paid
101478,122441,91665,Pending
101280,142070,43086,Pending
100981,57095,115179,Paid
106081,133572,128897,Pending
101225,140472,28219,Pending
101135,148589,22082,Pending
102803,92906,26024,Paid
103239,139933,91049,Pending
102980,115897,10673,Partial
102693,91445,95159,Pending
109653,102583,84478,Paid
103567,32939,114098,Paid
107685,119474,124725,Pending
103214,47220,97023,Pending
103995,83132,64638,Partial
104906,91146,20054,Pending
102225,148167,25879,Pending
103914,48511,53084,Pending
107758,62715,47665,Partial
106312,149976,108554,Paid
105057,70616,23652,Partial
107696,62880,111007,Pending
107285,126392,116550,Paid
107734,126151,26405,Paid
104362,41371,39591,Paid
102654,147229,74702,Partial
107455,135258,61425,Pending
100118,85064,84546,Paid
108880,45283,139319,Partial
104494,39837,111198,Partial
101972,83879,114407,Paid
108784,123530,137368,Pending
103091,30298,84170,Partial
104316,143323,132953,Partial
100786,76705,111911,Paid
103454,50633,25631,Pending
100280,129560,140728,Partial
101621,120923,61857,Partial
109174,123440,83203,Pending
108988,84983,53725,Pending
107952,139579,29553,Partial
109731,120028,121882,Pending
108682,87812,105688,Paid
100918,123209,80168,Pending
104914,57575,45920,Pending
101128,144661,108129,Paid
104586,40753,95930,Partial
104621,138707,125332,Partial
106142,121719,55292,Pending
108388,123066,91189,Pending
108296,75694,106035,Pending
108981,107636,14627,Partial
105826,43998,128519,Partial
109687,126300,13421,Paid
103392,97470,139578,Pending
103931,54131,12322,Pending
107176,61372,26936,Partial
107634,144868,29860,Paid
104451,44655,136799,Partial
105092,142263,36664,Pending
108103,33261,49730,Paid
109862,103664,140677,Paid
102903,125046,11885,Pending
100864,100748,112192,Pending
102992,119512,128831,Partial
108131,110621,30789,Pending
105987,107809,37584,Paid
101925,30238,77147,Partial
100317,65169,99771,Pending
100393,111302,121633,Pending
107673,32442,67958,Partial
102690,137748,145041,Partial
103226,45590,32267,Paid
109283,38321,109078,Pending
102822,86376,48769,Partial
104014,130509,67867,Paid
102902,69371,17141,Paid
108632,50168,51967,Paid
108226,61378,128870,Pending
107616,76925,146227,Paid
103788,48658,100794,Pending
108366,39015,15218,Paid
100451,32586,60330,Partial
104375,105015,23326,Paid
103186,137670,57870,Partial
107202,35191,141945,Paid
101357,57868,85085,Pending
106982,102177,115042,Pending
102650,35527,43558,Paid
100915,98424,82424,Paid
100501,37426,52691,Partial
107983,95866,87380,Pending
105968,43629,130386,Partial
107442,121607,48354,Pending
103763,43479,125551,Partial
108957,69470,29877,Paid
104510,108645,67358,Pending
101501,78030,111774,Pending
105388,45705,84303,Partial
107224,143558,85996,Paid
108872,98142,123134,Pending
102838,139976,65615,Partial
100825,70334,64889,Partial
104234,94935,147492,Paid
106831,107780,111265,Pending
102229,96349,76461,Paid
100972,60193,39934,Partial
103476,129551,116378,Paid
107913,33157,112695,Pending
105705,48095,89050,Paid
104083,68858,18763,Partial
102154,132893,34225,Pending
103511,98117,10317,Pending
105997,117712,120794,Paid
101041,132743,89667,Pending
104947,91582,13059,Partial
103473,134628,140527,Paid
108479,104505,135584,Paid
104889,117192,92347,Pending
109057,98651,64155,Partial
108100,122186,76961,Paid
104882,124538,19138,Paid
106777,101388,109360,Partial
107992,138467,29838,Partial
104617,104249,111302,Partial
100439,144830,131650,Partial
101330,63571,58697,Partial
109796,135810,129379,Partial
101090,47774,55136,Paid
100111,114713,120977,Partial
105862,147065,12794,Partial
104357,95663,94069,Partial
101513,119732,10998,Partial
104497,128527,135854,Paid
106165,104242,64582,Paid
105649,64072,141378,Partial
101739,47524,75274,Paid
104134,59283,46845,Pending
107646,90260,88426,Partial
108916,131945,144650,Pending
108230,111476,99213,Paid
100361,41034,111573,Paid
105194,64049,89373,Pending
103337,132670,53339,Partial
104892,91385,81998,Paid
109196,136299,37840,Partial
108806,140566,106255,Paid
104656,37356,53234,Paid
103074,61393,130895,Paid
103473,116452,58163,Pending
107729,130681,127226,Partial
105692,111978,12520,Partial
103571,43892,53661,Pending
106221,110327,109244,Paid
103312,44519,44047,Paid
108380,118398,51675,Pending
105234,47751,69206,Pending
106355,90508,130701,Pending
103489,36851,113489,Partial
102615,39892,102687,Paid
106198,85099,35994,Pending
108982,148289,92913,Pending
105830,68145,101797,Pending
106053,124803,85864,Partial
102978,65471,144361,Pending
104038,95786,90566,Paid
104161,120710,135809,Partial
101619,128686,30502,Partial
105103,67026,91374,Pending
101333,45390,146884,Pending
105914,46488,118927,Partial
103838,87450,40289,Pending
105083,64494,97862,Partial
105116,55008,132483,Pending
107386,78151,25504,Paid
101233,111816,47129,Pending
101912,119096,139374,Pending
101694,122997,59409,Paid
107147,34729,96116,Pending
107441,83646,37658,Partial
108901,123645,141974,Partial
105096,94671,132532,Pending
107073,64277,112502,Pending
107277,103512,16669,Partial
103547,84877,69402,Partial
106334,94473,109343,Partial
108914,103905,135276,Partial
107439,148281,97247,Pending
101197,140618,11863,Partial
109226,66646,70851,Paid
108067,52025,39143,Paid
105436,85690,143757,Paid
105608,99092,139706,Pending
106597,131180,148491,Partial
104881,144933,142408,Paid
108888,85349,33976,Pending
109835,107541,74467,Paid
103004,130756,66716,Pending
106655,78444,68399,Paid
107300,139932,10152,Pending
100316,68427,23876,Partial
101030,34820,92306,Partial
102179,45910,33518,Partial
109574,80110,85742,Partial
109938,30212,21066,Pending
109233,112304,148170,Pending
105405,86729,66106,Partial
105228,79865,100064,Partial
100773,141865,31387,Paid
101329,103209,98628,Paid
107631,39916,102906,Pending
100036,96834,109151,Pending
100815,113288,22620,Paid
103580,71640,119417,Pending
103154,145683,97636,Pending
105750,57646,107197,Partial
100932,100204,105056,Partial
108225,108526,126886,Paid
108902,139247,129529,Paid
100052,63257,117364,Partial
102311,80161,84627,Partial
106592,107785,93521,Partial
103746,116657,58540,Paid
102888,72182,94827,Paid
102847,101408,95855,Partial
104365,53065,106054,Partial
106525,89463,124083,Pending
102533,94744,139362,Paid
106391,48125,61055,Pending
100613,34982,119909,Pending
100716,33012,125695,Paid
103026,44317,131889,Paid
100152,95433,127207,Pending
104121,91289,74601,Paid
107555,71476,110639,Pending
101988,65367,103975,Paid
101975,136013,38961,Partial
109052,80067,68859,Pending
107678,146191,126870,Pending
106057,88283,131116,Pending
100167,105991,119100,Paid
100169,111916,141505,Partial
106648,57424,85059,Partial
102078,127235,121790,Paid
106637,105244,45900,Pending
107727,131703,48039,Paid
106543,34610,121093,Pending
101207,131181,121893,Partial
102081,124876,54977,Partial
103628,126479,101381,Paid
104530,50920,51670,Partial
109678,87306,51152,Paid
106010,100004,54333,Pending
108287,99920,101872,Paid
107628,78931,15711,Partial
100513,69381,55659,Partial
107981,141037,101924,Pending
104847,141486,130696,Pending
102494,34309,41123,Pending
100172,70491,79020,Paid
107604,114929,147973,Partial
102398,65358,73024,Partial
102924,62678,98699,Partial
101285,130300,91705,Partial
108873,51987,69821,Partial
107133,60836,90031,Paid
104054,103554,51797,Pending
103233,86622,90147,Paid
108806,42534,21053,Paid
105938,130914,38384,Pending
105123,128750,112755,Pending
105638,108923,54893,Pending
105813,125817,141054,Partial
103217,135699,84515,Partial
102103,34331,101719,Pending
102033,49879,140656,Partial
108176,123945,17013,Paid
105462,136577,131351,Partial
107262,140388,68831,Pending
108798,69738,94290,Paid
101719,53405,98898,Partial
102038,122779,123414,Paid
103335,104516,68987,Pending
105509,50172,130594,Paid
106137,91916,134152,Partial
100895,134670,125398,Paid
105993,148742,86641,Partial
100381,131424,17667,Partial
101951,124093,94964,Pending
108373,43577,36896,Paid
104589,122615,98683,Paid
106705,136826,46791,Paid
107612,77393,127644,Partial
100163,57410,77503,Pending
106735,70653,76059,Partial
102136,126476,83110,Pending
106556,80775,105414,Pending
104390,75822,22329,Pending
109233,64867,98030,Partial
105767,136604,79002,Pending
100651,71833,126141,Paid
102952,78418,87405,Pending
108457,104770,125241,Partial
104173,31775,56158,Partial
107566,99590,105928,Pending
102273,77316,128147,Pending
102389,30488,65163,Partial
106139,144460,77071,Pending
102639,75777,76776,Pending
106852,108657,32387,Paid
105114,128453,140998,Partial
107151,71928,24578,Pending
103105,39627,11410,Partial
108111,50319,62041,Partial
107056,124359,25207,Partial
109236,37739,100791,Partial
108529,112258,74000,Partial
100092,147218,100306,Partial
100340,118229,106297,Paid
100606,43525,126483,Pending
109973,137044,23000,Pending
104511,100040,106366,Paid
105200,73516,143235,Pending
102487,54326,44232,Paid
108777,128496,42006,Partial
106668,36951,137127,Paid
103290,44615,76371,Partial
107413,47237,41410,Pending
108453,145535,85595,Paid
100983,69792,70365,Partial
102328,30250,106149,Pending
103264,148635,132184,Partial
104028,106276,61294,Pending
104962,31981,20795,Paid
107764,114597,51505,Pending
109983,36409,132905,Paid
107178,115289,139239,Pending
101131,115975,20852,Paid
103902,97726,67160,Partial
100791,134199,86836,Partial
107740,117986,68173,Partial
103597,78744,127204,Pending
105152,86232,111884,Partial
103380,122423,14125,Partial
103432,56668,37556,Partial
103652,43135,49003,Partial
105276,78786,125144,Partial
107949,86405,93597,Pending
101289,99591,57967,Pending
105286,126604,104371,Paid
103661,70982,131602,Paid
107135,101678,134953,Paid
100483,50934,91591,Paid
108695,132310,22744,Pending
102106,90579,132963,Pending
104051,83703,115760,Pending
109445,39057,61224,Partial
106006,62337,137226,Pending
104550,80247,89068,Paid
100758,134274,118189,Pending
102468,58148,80772,Pending
101592,103696,16307,Partial
107469,58043,58205,Pending
102642,114240,23996,Partial
108941,103814,105931,Pending
108281,130743,19091,Partial
101463,94693,61936,Pending
102269,53384,128480,Partial
103415,135161,135774,Paid
107354,109103,32646,Paid
102486,121266,13232,Partial
103992,124388,138071,Paid
105195,92265,50171,Partial
104830,87138,73036,Paid
101073,77909,94659,Pending
103064,133388,17265,Pending
105363,120110,144744,Partial
109625,106390,33185,Partial
101260,134619,27413,Pending
109650,102262,42452,Paid
107608,119132,57374,Pending
101737,57617,113457,Paid
105335,128804,40211,Pending
108123,135411,125568,Pending
108015,54878,78386,Partial
103063,129287,61556,Paid
102094,70721,64232,Pending
109073,79618,103192,Partial
107341,49423,84327,Partial
108063,133755,101438,Paid
101940,89973,75318,Partial
106712,60304,23413,Pending
100991,101047,103550,Pending
100650,43109,109614,Pending
108592,111129,32198,Paid
101634,44302,95846,Pending
100695,114243,104744,Partial
105260,133395,72319,Pending
102900,44000,82465,Paid
107745,145147,60285,Partial
108732,119456,70747,Pending
100165,136813,30629,Pending
105358,73633,88678,Partial
106532,89217,67998,Paid
108240,64111,76946,Paid
105588,39392,69949,Paid
104006,128772,82463,Paid
101970,129025,37166,Paid
108305,55252,101727,Partial
100275,134512,39503,Partial
106810,144274,96785,Partial
107170,49587,117627,Partial
102298,78375,69453,Paid
100328,149473,13113,Paid
107098,119474,148203,Paid
101656,63097,14485,Pending
109811,64465,131120,Pending
107921,51369,35957,Partial
107269,42635,95955,Pending
102615,114829,120301,Pending
103934,141256,66334,Partial
109085,144886,95715,Partial
102799,94483,144177,Paid
100651,83784,102261,Paid
101591,74058,48136,Paid
103784,132189,57347,Partial
100530,34045,54291,Pending
105385,35037,94779,Paid
102424,71020,16803,Paid
104625,89262,72357,Partial
102096,65676,18211,Pending
101625,81621,98866,Pending
102286,101265,93339,Partial
104451,65121,82876,Pending
106980,89504,62493,Paid
105046,53621,71642,Paid
101246,110139,34784,Pending
101658,130329,128683,Partial
103250,129496,100897,Pending
102145,96792,27343,Pending
106740,123956,98441,Paid
105875,129311,94085,Partial
103541,86913,62499,Partial
105765,116083,29990,Paid
106171,43485,27152,Pending
101370,59932,100290,Paid
109063,108069,12096,Pending
101089,49847,29292,Paid
102700,146084,137718,Paid
104216,63899,55797,Partial
109457,94110,53016,Partial
108629,149196,108677,Paid
108025,122578,94752,Pending
104517,41987,12015,Pending
103256,49369,31168,Pending
105600,137542,69404,Partial
105489,63167,59655,Partial
100108,66155,129759,Paid
106895,61860,96130,Partial
101998,118689,130568,Paid
106179,149641,27899,Partial
108787,119332,25573,Pending
100288,30037,18436,Pending
107356,137343,68359,Paid
100443,74914,119762,Paid
106194,120718,42072,Partial
100312,56524,103604,Pending
108151,113238,13988,Pending
107326,62192,15962,Paid
105123,128063,96277,Pending
108730,77393,112028,Partial
100690,31614,123106,Partial
105881,119516,56457,Paid
100576,35387,39884,Paid
106280,79499,112330,Partial
106954,108513,86032,Paid
100605,78987,116154,Pending
104741,134482,135239,Paid
105700,101955,50990,Paid
100550,82222,138515,Paid
103833,80240,70985,Pending
101956,130545,104592,Paid
107848,148351,18760,Partial
106821,48709,16484,Partial
104380,64604,38588,Paid
108101,66265,72320,Paid
108647,95407,40386,Pending
100311,69018,49541,Partial
104770,74018,39719,Partial
109264,68397,119905,Paid
107509,65272,137619,Partial
109871,141260,144619,Partial
106400,33522,35223,Pending
105406,70221,117410,Partial
100371,146974,43441,Partial
109695,139865,107533,Paid
105087,47116,126079,Pending
102705,57199,82013,Paid
108225,88270,60294,Paid
101198,34098,74161,Paid
102325,134025,76392,Paid
101627,31300,31741,Partial
101885,94967,30318,Paid
101113,87889,116987,Paid
101395,91079,135946,Paid
101332,102210,106030,Paid
101603,113683,137104,Partial
102945,113494,135382,Partial
108896,51833,60454,Partial
103524,30319,95646,Paid
103690,72181,55386,Pending
102305,37745,107269,Pending
101226,55130,61041,Pending
103123,146981,75603,Pending
101159,44796,72213,Paid
108618,116812,122753,Pending
101289,95993,148667,Partial
100904,89691,111710,Partial
107746,65532,69567,Paid
104432,73900,21887,Partial
105641,102908,105797,Pending
105908,136825,97017,Paid
102145,88491,141013,Pending
107832,131106,108021,Paid
107781,31106,71915,Paid
103909,68011,103748,Partial
108950,40444,120870,Paid
108200,68133,98918,Paid
105456,92365,37445,Paid
103144,93695,79673,Partial
109365,99359,73813,Paid
109476,86855,57786,Pending
105223,105970,52423,Paid
105804,90825,92273,Partial
105468,141829,67047,Pending
108150,96883,47296,Partial
104848,142334,76416,Paid
108275,135636,69124,Partial
107145,78879,85467,Paid
100430,41462,110066,Partial
101149,121724,114151,Paid
100792,84989,24745,Paid
107143,97998,28940,Pending
102291,120078,49695,Pending
104926,115521,86294,Paid
106377,123048,96283,Partial
104736,65516,96981,Pending
101222,83174,82281,Pending
106231,137863,97112,Pending
109558,58203,118059,Pending
101822,56268,21684,Paid
109626,83472,141076,Partial
103140,130294,63953,Partial
103150,71283,26023,Pending
104676,110390,99717,Pending
105283,96645,34619,Paid
105191,119198,40591,Pending
101774,30235,112306,Pending
106479,147737,89606,Pending
101442,80840,16261,Paid
102719,65873,89473,Pending
108658,116928,24696,Paid
109397,46219,34826,Pending
102010,70989,108166,Paid
106038,134198,67043,Paid
105946,130804,62557,Paid
102246,139519,42526,Partial
103949,139502,105105,Paid
103729,53453,11536,Partial
104395,43882,59985,Paid
104227,33163,128992,Paid
101484,141614,141446,Pending
105118,57436,37595,Pending
103546,61041,119930,Paid
109234,69839,19281,Paid
106469,122937,27657,Pending
101773,50878,118553,Partial
107451,48653,136796,Pending
109928,93322,31120,Partial
100549,133774,68025,Partial
103378,46053,27801,Paid
104955,45352,122409,Partial
105287,52667,59440,Paid
105238,32536,130553,Partial
100428,136450,42641,Pending
106152,52637,146364,Paid
106371,36307,140067,Paid
102964,144034,130892,Partial
105837,51509,138085,Pending
100001,112708,18756,Pending
105361,106488,124923,Pending
104123,109020,35723,Pending
103634,46780,141646,Paid
103542,102368,82754,Paid
104507,61489,16267,Pending
101852,48341,92525,Paid
109582,117043,77372,Pending
108388,39354,137528,Pending
108043,98744,41208,Partial
101886,120816,40375,Partial
104985,88136,15387,Pending
103010,124221,76393,Paid
109595,101505,46977,Partial
107301,137633,41217,Pending
104794,148592,20609,Paid
101837,83587,32225,Partial
105703,94887,88677,Paid
103165,58391,109916,Paid
109491,101713,98047,Pending
102678,64046,136992,Partial
102904,65632,117689,Partial
101505,57852,14039,Paid
101320,65360,12451,Pending
103234,85096,98368,Paid
107965,113243,38347,Partial
107971,122205,78289,Paid
103331,57986,148742,Partial
103827,84147,42118,Paid
105159,148578,48569,Partial
109361,56064,84235,Paid
104616,134382,144882,Partial
104245,72203,149122,Partial
107434,31198,37660,Partial
101632,108875,63029,Partial
105140,59672,27685,Partial
103823,142785,148054,Partial
106340,118194,63916,Pending
105954,80443,121277,Pending
100453,87096,83375,Paid
108808,145168,129323,Partial
102665,106061,113776,Partial
106633,42650,131663,Pending
103055,105833,23162,Paid
103454,83400,119865,Partial
104543,38287,75354,Pending
102304,33693,102230,Partial
103735,41615,85060,Pending
109748,70463,45707,Pending
101033,119514,61607,Partial
105853,110269,10941,Pending
103197,83962,94171,Partial
101646,144572,14983,Paid
104279,127341,135315,Paid
101944,135157,56836,Pending
108640,126906,43107,Partial
107777,104209,29821,Pending
109445,139183,33178,Pending
101132,110900,35075,Paid
105992,78982,55299,Partial
103835,144614,18832,Paid
106754,88166,78152,Paid
105339,102576,46958,Paid
109993,53676,121042,Partial
107307,32662,27867,Pending
104596,58039,25081,Partial
105609,118943,30595,Partial
103648,121750,118369,Paid
102152,137183,101589,Pending
108627,144588,12223,Partial
108933,102593,13375,Paid
104746,146703,147763,Pending
106633,104787,137696,Partial
104839,48387,15595,Partial
104448,46947,114859,Partial
104319,41406,118949,Partial
104666,120300,50725,Partial
103640,149652,139498,Pending
101354,69294,21637,Partial
105184,78130,88773,Paid
103254,64493,114474,Pending
104050,80881,32652,Paid
106199,85974,86631,Partial
109897,82350,79537,Paid
107666,30295,148258,Paid
103147,89000,77999,Paid
109639,122835,70600,Partial
101200,141096,148247,Pending
107291,30066,98632,Partial
108642,52436,36925,Partial
108120,115865,132525,Paid
106941,135545,85202,Pending
107055,131349,116336,Pending
104372,118415,103969,Pending
105169,33408,94731,Pending
103427,126511,127196,Paid
105224,136665,62590,Paid
108987,40279,12029,Pending
108596,122862,103295,Partial
103913,65965,135161,Paid
107806,63452,53243,Paid
101110,121526,132235,Paid
106422,79495,21500,Partial
102569,133581,69223,Pending
100330,53765,119523,Paid
103774,88463,20532,Pending
107760,109253,30514,Partial
103150,44961,99474,Pending
106077,132142,90044,Pending
101908,36341,70689,Partial
108701,64717,128034,Partial
103304,68176,29004,Partial
100091,71186,116591,Paid
106791,149112,11716,Paid
104013,45010,84226,Pending
103549,73281,53349,Pending
107184,147954,75463,Paid
104266,102424,144284,Partial
105359,57914,105384,Paid
109269,45129,50691,Paid
106549,32571,112615,Pending
109925,98567,10447,Paid
107098,68245,80591,Paid
101253,84801,83492,Pending
107362,76507,55439,Partial
102311,101066,48184,Partial
107348,94687,118565,Paid
103100,49542,74222,Pending
105038,81529,47148,Paid
104772,47110,120531,Partial
107232,124795,107368,Paid
108897,141421,69812,Partial
105526,97078,135420,Partial
105996,130013,41038,Pending
105909,113107,137435,Paid
104642,83336,18419,Paid
101004,55427,109414,Partial
104581,61767,79703,Paid
101973,87406,117710,Pending
109938,47932,148195,Partial
105869,118611,38783,Partial
107631,95193,138830,Paid
101123,118500,31470,Partial
102746,99498,148709,Pending
108772,116753,122053,Paid
106248,122780,78994,Paid
100764,126763,111577,Pending
101757,40247,108915,Paid
105816,33500,56494,Partial
106301,129653,73141,Pending
104630,98973,81263,Partial
103307,113820,17384,Pending
108066,86687,38708,Paid
100391,125092,148060,Partial
100266,106422,13340,Paid
109859,110220,16686,Partial
105167,43919,36900,Paid
106329,72722,106615,Partial
102738,107174,87639,Partial
106931,96023,129254,Paid
100874,138578,75993,Paid
108311,137633,19070,Pending
105530,71060,138490,Partial
100970,54774,106736,Paid
101252,141912,17630,Paid
105985,146810,50211,Partial
109988,80472,141269,Paid
105012,133904,21098,Partial
104917,75902,52048,Pending
108240,91310,61980,Paid
109641,69022,117805,Pending
103376,36747,50843,Partial
105482,69063,134863,Pending
104004,137461,103841,Partial
101711,109035,127801,Pending
101326,123824,27158,Partial
109291,48414,66493,Paid
107179,97957,58794,Partial
100401,50890,20626,Partial
108810,57744,67745,Partial
103812,67126,89990,Partial
104182,68542,124577,Partial
108874,126672,143164,Paid
106804,65743,75207,Paid
108726,73481,78259,Partial
100520,41545,23212,Partial
106620,138086,81056,Partial
106784,119930,32459,Paid
101368,40401,122784,Pending
107791,110026,21544,Partial
106134,81672,149730,Paid
109110,63033,84293,Paid
101829,116739,136533,Pending
108015,139913,69637,Partial
107547,136866,61715,Paid
107648,101209,149670,Paid
105654,133622,81179,Paid
106564,124335,104529,Paid
108664,43631,12089,Pending
103253,97503,35718,Pending
102729,91426,48901,Partial
105121,99889,138972,Paid
106488,39323,76742,Paid
104508,76019,53442,Paid
105347,35334,101160,Pending
105881,106338,104533,Paid
105983,116518,101601,Paid
105962,136937,90191,Paid
108174,142857,22839,Pending
102035,67177,115768,Partial
104005,65852,76099,Partial
106601,87662,59121,Partial
104575,57077,31294,Pending
101353,49964,69722,Pending
108991,36229,42927,Partial
107330,138520,95286,Partial
100908,122580,80308,Partial
108973,109932,31350,Partial
106818,99926,90911,Pending
104841,119946,74516,Pending
108736,113065,98781,Paid
104839,91573,106440,Paid
105335,131243,58462,Pending
107300,31507,144464,Paid
104381,61474,54389,Paid
104410,61990,84931,Pending
103860,114401,126171,Paid
102099,68055,144602,Paid
108470,118510,17311,Paid
107440,143600,33860,Pending
107009,84799,58038,Paid
107314,69818,147900,Paid
106296,138972,55357,Paid
108929,130584,66096,Paid
106784,41676,26391,Pending
108293,146350,24148,Paid
107660,124345,128826,Partial
106974,93659,38668,Partial
108861,86133,50177,Pending
108235,133605,46222,Paid
107211,134223,130851,Pending
103439,50753,125748,Paid
102364,107613,118499,Partial
100818,124586,36685,Partial
104973,142294,131288,Paid
101558,39559,129441,Pending
105394,61796,144852,Pending
101886,48388,100102,Paid
100946,143931,92558,Pending
105016,141668,27820,Partial
102638,79098,63545,Paid
101425,76835,116405,Partial
105326,130342,131984,Paid
107157,148943,84798,Paid
105455,41223,32071,Pending
100014,136219,90123,Partial
103167,149010,30193,Pending
103303,138066,122548,Pending
101943,45417,16038,Pending
100164,60234,24820,Pending
101454,52950,25878,Pending
108067,46081,131357,Partial
106083,116558,83241,Paid
102013,121311,108481,Partial
104162,79628,127330,Partial
101626,30134,124009,Pending
106499,86409,68805,Partial
106547,112850,112429,Pending
101152,132227,11287,Pending
104524,41891,20057,Pending
104518,32225,131145,Paid
102876,127260,66078,Paid
109467,44935,100112,Partial
107693,69329,108949,Pending
109044,48394,40752,Paid
109266,90650,38079,Paid
108171,125148,86219,Paid
106139,50527,143085,Partial
107153,98657,124954,Pending
104489,33619,94238,Partial
106315,66913,127489,Partial
107290,73784,136754,Paid
100309,56797,107078,Pending
104511,82191,144822,Pending
103335,101841,28010,Paid
103853,55532,145662,Paid
104688,130009,51885,Partial
108561,37790,124957,Partial
106937,45422,10708,Paid
106218,92503,98573,Pending
106396,112656,144141,Paid
104729,121162,99614,Partial
105521,93050,75868,Pending
106179,109534,121003,Paid
109682,69018,43581,Paid
102757,145540,126697,Paid
106269,59537,30740,Pending
103205,146673,55800,Partial
105293,83426,105470,Pending
104700,62510,139184,Partial
107861,70872,39626,Partial
107859,46566,135840,Paid
103588,100390,103870,Paid
107986,143952,84425,Paid
106697,93245,56754,Pending
107503,92328,72582,Partial
102504,92160,23446,Paid
102229,142970,103556,Pending
105711,46795,11250,Pending
104869,43415,16147,Paid
102136,43234,82644,Pending
100748,106200,92348,Paid
109608,54922,75516,Partial
109777,148215,23253,Paid
105842,137879,52047,Pending
109744,72865,130807,Partial
107064,145087,66377,Pending
106821,114209,81706,Partial
108563,97790,31078,Pending
108381,130613,137468,Pending
104150,104973,97421,Pending
103089,67941,103896,Paid
104923,134028,15094,Pending
100852,109880,14657,Paid
109794,30199,59025,Paid
100685,47136,71849,Partial
107337,118309,51416,Partial
101491,148090,99136,Partial
108225,138803,42982,Partial
109077,136365,73665,Partial
103318,107910,43698,Paid
104330,71382,38773,Partial
101844,148309,118322,Paid
101514,122082,28192,Pending
106099,132337,86793,Pending
101356,112866,57004,Partial
100395,115682,136416,Pending
108970,79952,87228,Paid
100664,60904,85459,Pending
102347,38330,107618,Partial
103605,81868,63358,Partial
105690,138218,47695,Paid
100556,119222,83923,Partial
101550,63254,21344,Paid
109363,132427,145560,Paid
103393,111857,88739,Partial
100839,60970,89260,Pending
102551,61431,52408,Partial
104911,134322,43634,Partial
104557,65930,135124,Paid
108265,57185,135423,Partial
103111,74082,77351,Pending
103106,139584,63226,Pending
101630,34900,24778,Pending
106575,38701,131133,Paid
104712,105754,39294,Partial
100126,91044,110953,Paid
106717,121073,143059,Paid
106574,112554,147208,Paid
101166,51479,95751,Paid
104494,74530,19206,Paid
109209,124776,25460,Partial
105756,89945,44761,Pending
100047,33728,16550,Partial
103652,43077,142239,Paid
109191,58636,107952,Partial
108448,63634,105953,Pending
109805,121305,61917,Partial
100225,80793,144119,Partial
100106,91065,23868,Partial
106565,58065,51545,Pending
108665,39054,58621,Pending
105163,58448,112133,Pending
105156,98703,103778,Paid
107081,86326,13193,Pending
102709,81099,149903,Pending
106355,105903,59033,Paid
109323,75109,103782,Partial
100577,133100,90711,Partial
106792,139942,87638,Partial
100319,34489,80607,Pending
109582,73796,75273,Pending
104251,122708,125375,Pending
106191,55669,130338,Pending
108773,89270,49825,Partial
101324,111190,106217,Paid
105540,63171,74288,Partial
103763,42314,134551,Pending
103920,80763,80332,Paid
107420,49950,95915,Partial
101112,140664,149162,Paid
105890,143466,28247,Partial
107605,101734,36610,Paid
101795,124562,125403,Paid
109880,121514,78926,Pending
109678,136687,114985,Pending
103014,110353,90783,Pending
101368,76830,75273,Partial
109959,112355,20053,Partial
108501,109089,79547,Partial
106189,135046,90510,Partial
101860,127831,127490,Paid
100622,82658,76725,Pending
106010,117214,84337,Pending
100544,77832,51447,Pending
107980,119113,69882,Pending
108263,116451,43351,Pending
104113,84274,49859,Pending
102381,46554,62811,Partial
102983,111414,26569,Partial
100265,50304,111018,Paid
101813,135720,111507,Paid
107141,143437,147148,Pending
103615,133180,29096,Partial
100950,100706,109814,Paid
104250,144556,60124,Paid
101914,48191,91975,Partial
108847,103849,83476,Pending
106772,56408,54828,Paid
106917,58750,148884,Paid
102044,81707,48698,Pending
102118,66946,116089,Partial
102321,76959,119849,Pending
108754,121613,35431,Paid
102369,115772,29934,Pending
106760,56540,77981,Pending
108931,90140,86786,Paid
103820,46919,72935,Pending
109544,62832,14820,Partial
109135,140864,115877,Paid
103954,61470,19321,Partial
107011,76302,111525,Paid
104565,95058,89524,Partial
107874,31142,90251,Pending
100753,100712,43516,Partial
103164,79359,15845,Partial
109613,79776,111587,Paid
107364,144458,41891,Pending
101073,80014,108972,Pending
107721,70390,88059,Paid
109434,130388,17874,Partial
108192,116612,69086,Paid
105424,79952,71581,Partial
102569,86478,58105,Paid
106400,108638,74171,Paid
103983,61810,106904,Pending
104102,135557,19281,Paid
109983,98149,28154,Partial
100948,100155,12018,Partial
103280,76735,28536,Paid
107819,37373,34374,Partial
101586,102387,66042,Paid
109702,138815,48139,Partial
104441,137704,73438,Paid
100366,30831,46603,Pending
107044,137580,104053,Paid
103965,97515,123817,Pending
105277,94051,115636,Pending
108836,146500,87343,Paid
102252,115134,37797,Partial
101645,72476,112816,Pending
103492,41731,134976,Pending
102248,44805,130513,Pending
102434,93367,132288,Paid
106670,138518,126558,Pending
100760,111427,119579,Pending
101742,53180,137519,Paid
107328,46446,99272,Paid
104756,148318,32773,Paid
101006,79428,31520,Pending
102949,60970,27639,Partial
109384,37903,147822,Pending
106034,113967,61058,Pending
104209,63204,83579,Pending
100106,130914,80043,Paid
109709,118711,32806,Pending
101042,128458,42002,Pending
104264,84184,112898,Paid
106277,45965,22047,Partial
103025,88453,16062,Pending
106979,75754,111233,Pending
104920,41450,148270,Paid
104548,61439,26673,Partial
109724,104348,88798,Partial
108309,40352,146988,Partial
103080,128758,11501,Paid
104675,89286,97464,Partial
106086,148739,97158,Pending
102160,126225,65609,Paid
106606,133169,112095,Paid
108830,124789,14626,Pending
105566,97040,14882,Paid
101096,80374,65704,Partial
102841,79780,146578,Pending
103862,59167,147362,Pending
103269,39819,43166,Pending
104517,74445,74903,Partial
103697,145740,102173,Pending
106018,79180,68241,Pending
101740,111881,68802,Partial
104350,39395,80355,Pending
109766,85403,24630,Paid
101700,109024,13262,Paid
104608,47813,51203,Partial
107386,115779,79934,Partial
102601,146754,116760,Paid
105618,69645,97789,Paid
102769,34397,57399,Pending
101394,109545,33925,Paid
108261,147352,68115,Partial
108157,38407,47542,Paid
103409,96044,83975,Pending
100879,40249,49752,Partial
102385,39616,89193,Paid
101892,79552,39700,Partial
108139,112071,70808,Partial
103384,141922,104255,Pending
102027,105420,137958,Partial
104619,142797,19382,Paid
101203,85259,60824,Paid
104896,96871,135008,Partial
100916,130187,59323,Paid
105606,86236,147529,Pending
100215,33161,131552,Pending
109994,86978,32286,Pending
108965,77459,107524,Pending
108199,84801,72623,Partial
102206,122083,124681,Paid
105320,43855,38576,Partial
101280,122294,65769,Partial
101809,140676,149016,Pending
102983,85273,112477,Pending
107802,39534,113873,Pending
101546,127325,74047,Partial
108656,84358,119147,Paid
100257,104494,27263,Paid
105490,125336,100867,Partial
103349,33772,61205,Pending
104704,90913,81108,Paid
109084,54466,42861,Partial
105179,57514,36876,Paid
105766,66725,142394,Pending
104162,53973,27794,Paid
102820,83026,148222,Pending
101282,141798,123198,Partial
108849,147916,38929,Partial
108464,37770,62550,Partial
108273,101401,44142,Partial
106956,32024,52131,Pending
104670,57579,12467,Paid
100167,118190,70853,Partial
105347,81261,94622,Pending
102879,54681,89761,Partial
101963,30873,86811,Partial
102532,57800,132181,Partial
105198,114301,108398,Pending
105871,137634,105984,Paid
105371,138319,131698,Partial
101435,30298,14102,Pending
105341,30119,55845,Pending
101677,88615,45417,Partial
104913,127081,44853,Partial
105937,64684,26385,Paid
107124,120201,42565,Paid
100498,104693,58696,Paid
100436,91878,122357,Partial
102266,74438,56135,Paid
102125,84215,69316,Pending
101561,143739,64753,Partial
105876,57502,135414,Pending
104459,122491,75885,Pending
101735,72862,71108,Paid
105059,51649,80254,Pending
105628,140711,107349,Paid
102779,56653,79961,Partial
106637,80165,50606,Partial
104687,70099,81007,Paid
104917,38417,147569,Paid
105112,123655,18861,Partial
102148,139068,24263,Partial
102895,89514,36346,Pending
104555,69805,33080,Paid
102117,37864,24981,Pending
107079,45539,138452,Paid
108232,47164,116234,Paid
105121,134670,112591,Partial
101482,78890,111126,Paid
109501,36149,118836,Pending
100642,82624,75757,Paid
101872,57349,113983,Paid
108120,87789,149721,Partial
106035,120814,44236,Pending
103575,111539,29517,Pending
102508,64732,140728,Paid
106151,111233,135747,Paid
104859,83849,145210,Partial
109194,129863,11227,Partial
109748,103386,112435,Pending
106279,111876,86278,Paid
103162,52564,68333,Partial
108348,74329,40374,Pending
104102,84371,119144,Paid
106582,91329,124168,Pending
104686,72464,149970,Paid
102447,124083,94339,Paid
105719,48422,72079,Partial
107033,79307,90591,Partial
109551,95565,90262,Pending
104663,133167,93235,Paid
108194,92448,48495,Pending
106591,92821,47045,Pending
105835,49354,60366,Partial
108573,80926,104805,Pending
100516,149975,136349,Paid
105757,48166,112668,Partial
109020,143837,62443,Partial
103591,30017,63058,Pending
103604,40388,102725,Partial
105072,136797,91581,Paid
103736,47246,145914,Paid
109952,33576,25440,Pending
106654,33516,18428,Paid
103136,37517,131668,Pending
106543,146458,143187,Paid
107080,129698,58496,Partial
102079,129432,50895,Pending
105864,136668,100709,Pending
102722,112340,94758,Partial
108641,124771,115225,Paid
107254,138495,99584,Partial
101087,66907,128442,Pending
105106,89844,34169,Paid
102148,94763,55982,Paid
103969,86877,134800,Partial
103516,114368,62301,Pending
101808,85775,12063,Partial
108346,127579,124201,Pending
103313,129601,41519,Paid
101891,138115,76581,Pending
100835,132751,34301,Paid
100854,130634,67545,Pending
102940,33094,110371,Partial
107209,41725,115060,Paid
101261,98636,134744,Paid
108861,114631,129383,Partial
104563,85042,144939,Pending
109529,36477,39953,Paid
104211,131936,101492,Partial
109798,93617,87664,Pending
104824,113753,10655,Pending
102354,122598,60422,Partial
107299,126988,144895,Pending
101101,107248,64040,Pending
107809,100817,61514,Paid
105085,108148,15615,Partial
107773,127381,128913,Paid
105590,49132,81679,Paid
103120,78082,35086,Partial
106655,56912,145371,Paid
103032,120825,149352,Partial
107064,63348,139946,Pending
103440,32728,125879,Partial
109483,143098,41273,Pending
109981,116565,67312,Partial
109757,87611,82099,Pending
105249,60315,86417,Paid
103831,46106,107634,Pending
109117,57674,93738,Paid
109143,147276,28661,Paid
105665,128945,118279,Pending
101022,115154,133223,Partial
108096,47057,104362,Pending
108566,117577,57716,Pending
108631,133302,50265,Partial
102900,64228,136815,Partial
109267,93502,100541,Paid
109138,66169,18512,Pending
105980,127046,89387,Paid
105089,106906,137490,Paid
104268,102699,61823,Partial
105501,83518,100795,Paid
107508,125097,42373,Paid
108592,36435,113912,Partial
106087,103352,41675,Partial
106569,68790,13438,Paid
106880,55780,59000,Pending
107066,81505,73599,Partial
100483,60255,77612,Paid
107245,40707,124772,Partial
101715,58673,107757,Pending
102405,146705,54842,Paid
104165,93656,111115,Paid
108723,141638,38303,Pending
104909,49543,76540,Partial
106736,54784,103408,Partial
103636,51734,73368,Paid
105023,34604,148945,Pending
108628,32737,141789,Partial
106689,137549,76961,Paid
105510,40811,117954,Partial
109092,42420,112230,Pending
105495,136849,129228,Pending
105222,129392,15006,Partial
100793,69717,42127,Partial
103407,147731,72616,Partial
107696,143882,71222,Pending
106280,101465,69947,Pending
106302,121940,138012,Paid
108752,127655,35172,Partial
101905,42537,96342,Paid
102236,112867,15496,Pending
102776,124235,30218,Pending
104658,138375,128109,Paid
105864,127158,14658,Paid
103483,132183,71575,Paid
109916,138042,142483,Paid
100696,71854,22333,Paid
101190,99845,85074,Paid
105613,83943,84211,Pending
100995,125939,42584,Pending
104056,143938,49924,Partial
107244,135188,82864,Paid
104992,58176,24118,Pending
108566,116368,120117,Partial
104059,146007,108963,Pending
101024,51536,122072,Paid
106068,146756,61426,Paid
103864,43664,119836,Pending
106452,66339,13352,Pending
105464,145738,38400,Paid
104947,119837,145369,Partial
105056,43024,95464,Pending
103122,114362,95312,Partial
107709,111840,48321,Pending
107689,88632,51248,Paid
107870,98184,145945,Partial
100723,100172,73547,Pending
107186,140940,36917,Pending
104053,93264,43566,Partial
101447,63117,102219,Paid
106237,147278,36579,Partial
100687,46778,129698,Pending
100241,133080,121712,Paid
106097,106301,45254,Pending
102752,133892,109747,Paid
106109,82622,50998,Partial
105668,120842,17588,Pending
109865,39126,145457,Partial
106086,68547,120445,Paid
109043,98876,126916,Partial
104691,113054,119258,Paid
100590,69083,26211,Partial
105387,90306,55603,Partial
109325,44959,23525,Pending
109213,81716,61053,Partial
104043,47042,21851,Pending
106506,134463,23004,Partial
106493,109990,80779,Pending
107240,44974,92320,Partial
102639,109129,16422,Paid
101080,48572,23656,Pending
101068,33613,37725,Partial
104883,59015,108267,Partial
100712,111848,137515,Partial
109902,99957,54469,Paid
101402,47272,13644,Paid
104531,33669,102874,Partial
106197,47959,135578,Pending
105819,87690,133536,Partial
109382,36933,120050,Partial
107478,57954,75434,Paid
100461,86633,45960,Pending
106414,95114,147186,Partial
103265,30484,51289,Pending
102796,70598,71016,Partial
107007,104827,134444,Pending
105900,143240,66288,Pending
106163,108832,113365,Partial
108766,34458,74086,Paid
106417,44220,18866,Pending
108509,115926,47312,Pending
101386,44700,70671,Partial
106483,149612,128062,Pending
104995,120547,83291,Pending
102524,109344,134536,Pending
108596,49406,92046,Paid
105034,63586,38492,Paid
104719,115576,49553,Paid
108246,141240,47305,Partial
104662,88592,132627,Paid
102283,54314,133100,Partial
108032,108835,95765,Partial
104562,122897,11861,Partial
106870,95908,33468,Partial
106990,80401,133762,Pending
106737,81111,21769,Pending
107544,79348,123495,Partial
107464,129058,86029,Partial
101504,100253,27682,Partial
103072,41511,114139,Pending
105464,57391,73901,Pending
104001,120459,94265,Partial
102056,86761,127556,Paid
106393,88810,101282,Pending
108616,83401,25624,Partial
104789,72413,74096,Pending
104869,147759,81321,Paid
108543,102602,48966,Partial
106404,34419,137457,Pending
107149,95840,41721,Paid
101705,143292,33595,Pending
105315,63602,17885,Partial
107397,71162,81148,Partial
101866,126177,65022,Paid
102088,37239,122518,Paid
107279,92776,49790,Paid
102067,71566,60517,Pending
107121,135866,127429,Paid
100672,93165,31993,Pending
102852,31862,62488,Partial
105209,36570,119793,Paid
108850,67405,10125,Partial
109037,39900,106413,Partial
101345,41215,38272,Paid
104011,116787,99938,Pending
102445,78613,35390,Paid
106241,54753,34321,Paid
102188,50465,10828,Paid
100071,36685,135988,Partial
101388,111887,14760,Partial
104703,108155,82156,Partial
102188,41835,89055,Pending
109328,147339,111821,Paid
106200,83630,106458,Partial
105823,109820,43025,Partial
106457,40247,29703,Paid
105968,55883,80985,Partial
100499,48743,125700,Pending
107269,56236,66110,Paid
105827,120275,102429,Pending
100217,50303,58839,Partial
100900,60849,145824,Partial
108172,93491,70427,Partial
107200,98183,139269,Pending
108599,117585,116328,Paid
103586,104946,47645,Pending
109223,97722,141157,Paid
102926,122291,145624,Pending
100594,145007,142964,Pending
108551,128912,119680,Partial
104348,30268,38093,Partial
106910,85834,46325,Pending
109482,73894,141349,Paid
108613,31402,121722,Pending
108894,86058,27872,Partial
105760,92546,76531,Pending
104450,109310,145129,Partial
103096,71578,14204,Pending
102757,105895,44663,Paid
105578,61306,27355,Pending
109514,141940,87870,Partial
107413,73537,11408,Partial
103456,87656,127497,Paid
106999,123723,56214,Partial
103183,53239,126257,Paid
106257,54610,28100,Paid
104434,96052,26735,Paid
106525,96663,17255,Pending
106559,88252,126367,Partial
105899,145889,30852,Paid
107374,78669,134020,Partial
101093,86118,43304,Paid
106537,128101,113817,Pending
107638,149448,38678,Pending
104860,95548,117129,Partial
105321,143146,78677,Partial
104299,91693,51526,Paid
107499,99905,12861,Paid
106754,104292,107002,Paid
106803,145697,85185,Pending
104201,148886,86303,Pending
104874,139736,43942,Partial
104478,146476,145320,Paid
109790,82236,93443,Partial
104115,60541,88270,Partial
100290,97759,45840,Pending
107096,88359,124617,Paid
102629,91497,52427,Paid
104157,68998,59546,Pending
105087,149150,48359,Paid
101733,49491,94655,Pending
107280,67673,15350,Paid
106584,57230,42309,Paid
101586,56362,23336,Paid
108308,135204,111119,Pending
107445,62079,110847,Pending
103064,101161,134602,Pending
102275,64977,47388,Partial
101917,91711,25507,Partial
109241,124560,130016,Partial
107113,58838,90491,Paid
105797,54606,128055,Pending
105769,53880,53711,Partial
104259,56671,42391,Paid
103990,67969,112555,Partial
108528,147363,65306,Paid
107831,148138,63926,Paid
107673,36657,50555,Paid
107644,149153,101145,Paid
109217,52193,33874,Paid
100409,129608,148917,Partial
105463,56713,102138,Paid
107115,66114,109780,Partial
102077,87158,99298,Paid
102220,103821,113204,Partial
100431,83398,129746,Paid
106574,124404,53281,Pending
105738,97350,105270,Partial
103708,44864,53180,Paid
109920,109105,61541,Pending
105784,148264,115098,Pending
108200,96559,53910,Pending
102186,123048,116917,Paid
107065,84948,145290,Partial
107840,48319,18163,Partial
108471,129337,80154,Paid
104660,113472,61847,Partial
105099,88615,86952,Partial
102541,112840,74208,Paid
102399,32134,100483,Pending
100632,133670,66988,Pending
109009,59809,98772,Partial
106436,33842,32145,Partial
106510,148567,31582,Pending
105681,127722,95486,Pending
100360,85773,71288,Partial
105590,75417,61821,Partial
100077,76875,46650,Partial
108624,102998,110271,Paid
101314,80285,76603,Pending
109486,38840,134679,Paid
104237,54907,70492,Pending
105176,97994,21149,Partial
106845,39701,52647,Partial
106168,76980,46878,Partial
105494,98429,10336,Pending
103643,34565,58369,Paid
101032,52471,45290,Pending
100069,94940,59859,Paid
105216,65584,145704,Partial
108378,43460,62016,Paid
101591,149594,80692,Paid
109042,110922,83368,Pending
100050,50645,30000,Partial
107445,127823,72921,Pending
108920,31789,18964,Partial
102592,57945,113049,Partial
104745,46467,69863,Partial
104196,98361,107554,Partial
109706,60151,139751,Paid
103217,37025,144347,Paid
101437,91542,18943,Partial
105835,37522,115188,Pending
104556,46668,50587,Partial
109768,135130,47355,Pending
106901,78429,114369,Partial
106796,74573,29952,Paid
106031,82583,68249,Pending
109619,139065,25083,Partial
107076,86639,14329,Partial
102260,97730,38097,Partial
103989,104693,99365,Partial
102271,139002,54338,Partial
105729,129993,139819,Partial
108976,114722,73638,Paid
108239,54540,69208,Partial
105667,72067,15145,Paid
101683,95738,27015,Partial
102677,129835,128062,Partial
103734,35228,143644,Paid
101449,90491,38001,Pending
107830,79340,44804,Paid
103615,140027,131792,Pending
109215,133530,78857,Paid
108755,112800,119510,Partial
103231,83007,43444,Pending
104359,139892,66631,Pending
102055,83494,94512,Pending
109752,100737,79059,Partial
102047,80745,97252,Pending
101025,122527,106494,Pending
107534,88351,21076,Pending
105374,132902,125790,Paid
101477,38940,98902,Partial
108563,49213,41592,Partial
104875,60421,90552,Paid
108857,54843,94950,Paid
105721,143575,115451,Paid
108181,30655,11526,Pending
104124,144298,100542,Pending
100763,122987,24727,Paid
106368,138117,41462,Paid
101627,59183,110180,Paid
109139,86468,48859,Partial
102205,123836,80923,Paid
108121,104583,16227,Partial
105735,113183,61001,Paid
108676,109378,79199,Pending
107603,100736,48660,Paid
104583,140816,61016,Pending
100078,66624,46185,Pending
107654,141494,107981,Paid
104562,64062,142488,Paid
108634,72441,38970,Paid
100580,36979,146546,Paid
100291,60618,118615,Partial
109546,38563,91729,Pending
100127,59650,124742,Paid
104869,89674,51419,Pending
108027,123626,99593,Pending
104025,47226,42370,Partial
107482,95803,75518,Partial
102767,44504,60299,Paid
102269,45379,26154,Paid
108912,86906,94570,Pending
102416,41155,15234,Pending
102303,54775,119643,Pending
104188,95028,109429,Partial
100360,51148,68285,Paid
107409,118908,17669,Pending
107701,112179,125729,Paid
103473,149253,145536,Pending
104257,66870,77567,Partial
107318,44624,131754,Pending
107612,91695,62343,Paid
103655,63098,103392,Pending
107493,80131,46516,Partial
106407,82790,51793,Paid
103502,79544,129390,Paid
106898,51186,96348,Paid
101921,52636,90981,Paid
100849,68100,30087,Paid
106166,33508,24145,Partial
104504,65743,133613,Partial
103038,61447,112407,Paid
102393,101401,14530,Partial
101945,127168,98358,Pending
106796,146387,79914,Partial
100876,98286,149646,Partial
105608,126542,70670,Paid
101927,41257,13930,Partial
100137,60624,87714,Paid
102083,45689,111712,Partial
105612,101339,78620,Pending
104611,115583,124159,Pending
102811,140949,86803,Paid
105865,35149,134605,Paid
108783,145824,106105,Pending
105859,71573,122064,Paid
106349,110954,107875,Partial
103316,135125,13384,Paid
102358,55037,38119,Partial
101250,77640,29657,Pending
101613,145579,148918,Paid
103246,127873,91595,Paid
101086,97514,149140,Pending
100422,53889,115222,Pending
104168,127120,25395,Partial
103332,112714,51611,Pending
102755,80233,139389,Pending
101741,104085,99182,Paid
108298,134666,132583,Paid
101522,92789,109505,Paid
108750,56833,83535,Partial
104088,138673,66318,Pending
101448,81267,30720,Pending
109700,68299,143632,Partial
102784,48062,148306,Partial
100142,38311,39277,Paid
101268,46634,136139,Paid
109495,101034,54820,Paid
106413,70988,114835,Partial
107277,115644,23310,Pending
105140,130631,54215,Paid
101440,81177,113051,Paid
107084,44169,58551,Paid
103187,33378,41846,Paid
107239,70830,145979,Paid
101915,105867,125297,Paid
106285,40977,149637,Pending
107925,49097,127782,Partial
105013,42263,15111,Partial
106785,31324,32032,Partial
108752,35878,147712,Paid
106773,32832,140042,Pending
108913,110507,95706,Pending
106016,64530,81434,Pending
102846,81677,135534,Paid
107458,65250,91736,Partial
108509,123643,64515,Partial
101963,132296,13415,Pending
104343,38273,112047,Pending
103378,86663,75327,Paid
103749,148474,87791,Paid
102799,101364,128837,Pending
102949,55141,62326,Paid
108871,121089,102175,Pending
102140,113491,147933,Paid
103159,108625,51014,Partial
101844,49310,115526,Paid
106242,37686,80788,Paid
107713,140216,114371,Paid
107193,94746,112009,Partial
107423,80744,75026,Pending
108220,148881,142077,Pending
106705,145431,71743,Paid
107334,40285,126251,Partial
105558,127326,25578,Partial
106091,83896,115032,Pending
102366,116374,28840,Partial
107570,106913,47648,Paid
109083,84608,13344,Partial
109193,45710,11414,Pending
107555,135711,83338,Pending
109384,66546,84835,Pending
109906,31121,94879,Pending
102068,99853,50330,Paid
108361,121340,97000,Partial
100691,49955,19226,Partial
102072,81667,49610,Pending
104273,52049,53399,Partial
107995,72116,85463,Pending
104680,113425,135446,Paid
101155,54847,96354,Pending
105124,108843,82989,Pending
107149,50028,72054,Pending
103910,146632,80503,Partial
100148,81101,10035,Partial
107176,134175,95104,Paid
102570,138139,135715,Pending
102056,49352,81794,Pending
105269,57442,24139,Pending
104027,99487,21783,Partial
101788,91452,28480,Pending
106588,71909,54452,Paid
104514,41570,140273,Pending
109252,90085,40527,Paid
103582,83713,64304,Paid
109111,42383,83894,Pending
109622,57924,137251,Partial
107253,68489,23212,Paid
107851,33569,97866,Partial
101538,104851,110107,Partial
106775,67012,25457,Paid
105177,85976,68965,Paid
104462,122419,113756,Partial
106927,97573,108608,Pending
107227,56167,39892,Pending
101622,93425,119533,Paid
101284,133515,129874,Paid
101826,65979,144398,Partial
108804,149269,111997,Pending
105538,43939,98608,Pending
109592,35780,16346,Paid
105199,145608,87618,Paid
102890,83758,89085,Paid
109271,66485,107770,Partial
103724,59485,76030,Pending
104861,109517,24068,Partial
102299,76136,127602,Pending
102020,127141,117298,Partial
100758,107068,59307,Pending
109531,72539,50546,Pending
104288,48166,70023,Pending
101271,73304,17951,Paid
102923,120642,13091,Pending
100981,122633,32238,Partial
100188,104200,112311,Pending
103228,44336,30335,Paid
108413,106262,34894,Paid
101388,68466,142109,Pending
104695,70712,141470,Pending
101703,96811,92451,Paid
107967,117511,111906,Paid
109615,47136,17850,Paid
106235,79085,44613,Pending
101540,80664,147644,Pending
102411,46016,133303,Partial
108812,124602,104502,Partial
106024,104696,56627,Paid
101192,35945,64534,Paid
105486,60383,137591,Paid
107834,30764,125447,Partial
104353,126963,46791,Paid
107999,57157,30060,Paid
103613,68545,20500,Pending
102437,61779,102354,Pending
108002,128352,57997,Pending
103159,53687,138722,Partial
105019,137978,19610,Pending
102448,126787,30957,Pending
109333,147719,104546,Paid
108721,38624,76593,Pending
104125,33681,137208,Paid
107574,107772,79014,Partial
106498,108513,110914,Pending
104315,43817,133807,Partial
101384,131271,47431,Pending
105093,68849,52925,Partial
103429,70249,55114,Pending
106595,105560,34211,Paid
103211,93548,65842,Pending
104783,104789,113548,Pending
105804,57123,106571,Paid
107969,34071,18642,Partial
101498,39155,14900,Pending
108947,91236,147656,Paid
101054,46244,69837,Partial
104985,102493,35636,Partial
101305,113965,123683,Pending
107475,92242,65548,Pending
109451,44734,20842,Partial
101764,62610,18749,Paid
104304,66085,27962,Paid
107946,34182,12698,Paid
106297,124468,61945,Pending
107251,106125,35808,Pending
108212,108762,80197,Paid
106151,87210,121540,Partial
108040,70835,52427,Partial
103405,65623,133365,Paid
100324,54030,132300,Paid
101671,77045,133975,Pending
105417,110157,116727,Partial
102901,54881,83737,Partial
108064,145347,110407,Pending
103877,100086,125231,Partial
100683,36587,93430,Partial
104206,73331,103174,Pending
108204,57488,90037,Paid
100158,54062,67414,Paid
103059,129953,14144,Paid
107967,132211,111553,Partial
109930,104856,79116,Partial
100920,122073,102951,Paid
109764,77004,86627,Partial
108205,130369,54954,Pending
105417,67332,125974,Pending
107186,145087,126946,Pending
103694,117631,63450,Paid
109972,65342,107785,Pending
109991,54802,51486,Pending
100840,147592,80361,Pending
101001,88314,139106,Partial
101775,70970,69253,Pending
102193,102895,16159,Paid
102505,109313,108629,Paid
100666,78433,54398,Pending
105637,94325,59664,Pending
108298,145235,59597,Paid
108316,41049,15524,Partial
100491,70048,142705,Paid
103645,86429,121266,Paid
101785,33331,64672,Paid
101825,85007,131660,Paid
100400,32055,34408,Paid
107155,92772,117048,Partial
107502,77882,112287,Paid
100691,56560,114169,Pending
105198,98231,90073,Pending
108946,131275,122975,Paid
107367,122514,137354,Paid
105728,110469,64402,Paid
101657,38791,92197,Paid
101850,37002,125941,Partial
107023,137928,134940,Pending
101784,98696,52121,Pending
101301,95900,123307,Paid
102796,147802,27641,Pending
108806,73154,117251,Partial
106078,145812,100208,Paid
105103,45161,30533,Pending
106919,96743,29427,Partial
102768,110127,130074,Pending
107747,96339,14160,Paid
103959,125832,125211,Paid
100771,50343,82419,Pending
101620,126003,43137,Paid
100031,145611,59850,Partial
109451,125057,70952,Pending
101814,68223,103232,Partial
107615,93294,33852,Paid
103608,51360,33411,Partial
106184,56033,61195,Partial
100214,137984,130756,Partial
106523,53547,14823,Paid
105315,51753,129710,Paid
103116,64523,24771,Partial
101160,40154,96897,Partial
108631,104769,98041,Pending
105781,146671,74540,Pending
106531,84330,43466,Paid
105345,110765,79257,Partial
109850,139837,118253,Pending
101943,107139,136360,Pending
101051,60433,128461,Partial
103602,149716,100592,Partial
108896,44471,32233,Partial
104295,80083,57749,Pending
108951,110839,142333,Paid
102023,91443,134093,Partial
103157,52726,123106,Partial
107615,149524,33138,Pending
108889,82525,39865,Partial
100046,50859,95216,Paid
103224,59731,108112,Paid
105351,40010,139932,Partial
103064,133416,125821,Partial
100230,123230,146494,Partial
100539,68939,60472,Partial
102332,114405,28686,Pending
101049,93332,25090,Partial
103110,141546,101358,Partial
109376,109833,123370,Partial
106867,53298,51357,Paid
105602,54663,122450,Partial
109875,35070,56592,Pending
109180,85625,54475,Partial
108961,106625,148849,Paid
105161,112898,121082,Paid
103030,59579,81574,Partial
107016,35625,111567,Partial
102855,98973,142279,Pending
103953,86334,95238,Partial
101373,92526,77590,Partial
102714,80018,89940,Pending
108531,45867,15881,Partial
109035,98461,103368,Paid
102582,59747,49600,Paid
101844,82305,141233,Partial
103454,148663,46982,Pending
104993,118134,108146,Partial
104885,142894,72491,Paid
106130,139886,122527,Paid
104906,93692,104500,Paid
100968,137044,56391,Paid
109956,101927,59326,Paid
101083,32482,106180,Pending
105386,134591,17076,Partial
104847,86933,15416,Partial
107878,38696,83612,Paid
103877,32398,149958,Partial
106609,115666,104902,Partial
103444,79864,92774,Partial
105246,55321,52391,Paid
100132,62322,32019,Pending
104841,43610,88941,Paid
101578,104184,21182,Paid
100353,102110,16083,Pending
107082,53707,36617,Partial
101384,38191,36263,Partial
101575,31235,31116,Paid
108786,111201,71939,Pending
101151,70434,64419,Pending
109372,82280,144008,Partial
107721,136375,85715,Partial
105869,123044,34155,Partial
104845,93974,21890,Partial
104015,39052,30745,Paid
100742,92035,122088,Pending
105366,85783,52126,Partial
103562,68008,136620,Paid
100726,127579,15794,Pending
109237,136437,47817,Partial
107940,124324,63692,Partial
102278,129191,128009,Partial
103321,134166,52829,Partial
109941,67942,138796,Paid
104571,43928,144304,Paid
107380,32948,36934,Partial
105970,100306,26354,Paid
105134,99053,107391,Pending
101203,109936,16202,Paid
101604,98106,43266,Pending
106085,133993,149252,Partial
103838,80874,89265,Partial
106205,106030,76511,Partial
103468,60879,81926,Partial
107745,137483,97515,Partial
104105,70102,55770,Partial
101273,105374,22676,Pending
100145,47748,55292,Pending
105530,30835,72113,Partial
109125,143934,17308,Partial
104431,112318,48842,Pending
107124,73555,17893,Partial
107551,41889,21945,Pending
107454,114404,117744,Paid
100423,42949,53774,Paid
106030,94790,146275,Paid
103306,51905,78668,Pending
109006,68380,69191,Partial
102622,52982,44257,Pending
105166,120344,82313,Pending
108136,94993,25621,Paid
107964,134685,101092,Paid
105789,104978,11484,Pending
105887,94781,64697,Partial
107751,105793,30883,Partial
102036,30915,52984,Partial
105920,52422,115408,Paid
108108,61566,98982,Partial
108647,88284,29778,Pending
109796,109869,125189,Partial
105195,61545,84944,Paid
107968,115837,148278,Partial
108816,118784,34644,Pending
101117,94863,61074,Partial
104086,75215,73246,Pending
102837,136862,26699,Paid
109594,33969,46595,Partial
100167,121426,44731,Paid
105954,45409,65817,Pending
104673,80518,25009,Paid
104935,48459,92206,Partial
108430,67710,77407,Paid
101958,139657,118980,Partial
106343,72387,149051,Paid
102489,42417,129665,Partial
102859,60283,57783,Partial
105618,39917,122007,Paid
103067,74765,108180,Partial
104181,108175,18674,Partial
100896,49111,39063,Pending
103889,32191,84010,Partial
103223,141598,67005,Pending
105469,33885,54024,Pending
103998,32689,121204,Pending
108628,31821,90485,Paid
106737,133495,22871,Pending
102913,32501,34329,Partial
102966,123670,22014,Paid
109751,97621,81145,Partial
109021,92125,129595,Pending
101895,76623,141780,Paid
100150,136952,67857,Partial
106849,129217,92805,Partial
108628,138935,124513,Paid
109733,30387,78227,Pending
105808,132068,44978,Partial
101116,65594,72173,Partial
104591,44125,144849,Paid
106774,41204,43508,Paid
100240,128353,136825,Partial
100127,40481,48119,Pending
106591,58108,122727,Paid
101047,91610,55521,Pending
109499,95778,130339,Partial
108600,74802,129897,Paid
104558,91960,86902,Partial
100620,117526,66318,Partial
102568,127443,26381,Pending
109739,71045,110518,Partial
102878,30847,96407,Paid
104872,115812,62462,Paid
100152,105435,99203,Paid
106294,106131,13214,Pending
109339,50858,130189,Pending
108134,42705,132327,Pending
105590,127114,90963,Pending
109529,81902,40856,Paid
101390,134264,40863,Paid
101940,35065,95320,Partial
101733,89962,136431,Partial
103297,121683,69424,Paid
104923,138571,59034,Pending
107172,127146,87856,Paid
106803,117350,144673,Partial
102546,108646,90800,Partial
101696,71360,40456,Pending
109773,147446,43715,Paid
106743,56456,112297,Paid
105498,69500,146299,Partial
104995,120559,40776,Paid
106623,78132,42499,Pending
106991,98469,70085,Partial
106316,112515,98923,Partial
100938,70225,143934,Pending
108375,126385,100322,Paid
102385,48272,30609,Pending
108439,144633,15003,Paid
100742,136433,18410,Pending
100820,67946,44818,Paid
107536,36512,133144,Pending
103907,119214,138209,Paid
102023,79178,33049,Paid
101373,42887,22132,Partial
103293,59634,93985,Partial
106578,85525,71163,Paid
105562,49931,48583,Partial
101520,53896,103773,Paid
105623,84233,34439,Paid
108412,41967,25821,Pending
104328,68948,55491,Partial
105435,33488,84818,Pending
107317,57744,70724,Partial
103896,128607,72102,Pending
107363,120775,93416,Partial
106099,46836,147410,Pending
103397,69015,129264,Paid
106177,146885,56394,Partial
104707,73115,64781,Pending
109510,87191,131916,Paid
103617,76560,83720,Partial
103209,134885,120741,Paid
100384,89178,126776,Paid
103758,90787,131873,Paid
102645,69966,54061,Pending
107001,54682,21765,Pending
103579,51130,101039,Pending
108062,108726,130645,Paid
102886,33689,49791,Partial
103364,116640,16925,Paid
102281,83537,48104,Partial
105472,80518,112266,Paid
107879,62766,132278,Paid
107119,105383,145814,Paid
109440,63051,129909,Pending
101106,118982,55493,Paid
103963,100728,80353,Pending
108261,107995,101854,Pending
102649,110229,92308,Paid
105744,102548,113850,Paid
103304,110301,134716,Partial
104181,98728,14330,Partial
108551,148404,89094,Paid
102406,79021,129210,Partial
101506,141335,130251,Paid
101357,148143,139747,Pending
109713,127759,78119,Paid
109309,91240,53977,Partial
103922,99895,16225,Partial
102030,52465,80999,Pending
104598,58933,26842,Paid
109725,45344,75550,Pending
101585,90829,68429,Paid
109175,144237,125249,Paid
109406,106559,68949,Pending
107424,92935,116349,Pending
108125,149229,100113,Partial
105756,58405,133847,Partial
109788,141099,67293,Partial
101748,55348,128179,Paid
102141,102677,133445,Paid
102809,83013,82553,Paid
105657,72351,49991,Pending
108706,51174,70023,Partial
109956,147225,30059,Paid
108179,101919,69642,Pending
108532,103385,113790,Partial
104798,117426,14466,Pending
106389,144842,137211,Pending
100199,121185,124628,Paid
106502,72674,89533,Paid
100507,106762,142120,Paid
100828,97655,110296,Partial
100043,149961,109718,Partial
107785,146207,42841,Pending
105728,124229,106146,Partial
102489,80696,46259,Partial
104051,109709,42498,Pending
101178,38901,145630,Partial
104734,120899,101128,Pending
100643,110890,115859,Paid
103023,75040,131772,Partial
109862,43151,14507,Paid
100637,115639,140481,Partial
101184,72861,101633,Partial
105031,94145,58430,Paid
108992,35839,66518,Paid
105792,133568,11806,Paid
103710,42701,60711,Paid
101235,108672,25214,Pending
108032,111276,93341,Partial
104178,96843,148535,Partial
103941,108640,85835,Paid
102759,134828,100869,Partial
107583,96160,100206,Paid
101989,128220,65217,Pending
102487,119745,125530,Partial
100499,69522,14984,Pending
106522,105531,80337,Partial
106237,35324,59688,Partial
107546,144934,125207,Partial
108000,127619,129872,Paid
103881,90376,134190,Partial
100836,149719,129897,Paid
107393,144207,42331,Partial
101657,47875,124719,Pending
101187,132476,135842,Paid
102729,140311,66568,Paid
100029,102637,38618,Pending
106809,137064,90773,Partial
107597,139872,72514,Pending
101137,33297,66474,Partial
100079,129735,142266,Paid
102676,92568,51784,Partial
106803,101802,41168,Partial
105720,109547,42057,Paid
100192,148193,47722,Pending
100633,56713,97472,Partial
109351,96152,109261,Paid
108610,40895,135722,Partial
103448,114276,137180,Partial
108870,85726,94334,Partial
101581,138580,81138,Partial
106536,40121,125814,Paid
102564,67897,142351,Pending
105319,112947,122062,Paid
106791,137368,127372,Pending
103867,46101,63711,Partial
105574,147229,72164,Pending
106131,68443,48263,Pending
106590,66792,90715,Partial
103798,111926,111675,Partial
104714,54828,28437,Paid
104133,78517,69410,Paid
102647,131205,59636,Partial
103814,98925,51682,Pending
108931,93906,16730,Partial
109262,111083,23945,Partial
101781,78216,27934,Paid
101359,55760,26728,Paid
106600,57635,70008,Pending
101473,114183,94643,Partial
102876,40630,128238,Partial
108950,137661,85504,Partial
102600,136389,40191,Partial
100424,145445,66318,Partial
106472,49661,51398,Paid
108550,85352,127359,Paid
107087,128217,57376,Pending
105879,132689,48122,Pending
106945,30903,73161,Pending
106519,48478,129623,Pending
107817,146377,50458,Partial
106515,79494,19810,Partial
109817,43945,121697,Partial
106756,37751,33008,Paid
106218,93958,141939,Paid
109954,141306,45023,Pending
102147,123217,61353,Partial
100206,30076,95618,Pending
104362,61009,57458,Paid
102508,50020,51208,Pending
109468,47058,101256,Partial
101391,140614,14107,Pending
100575,30533,136818,Paid
106383,65047,15016,Pending
100411,55089,132875,Pending
106814,36485,46039,Pending
103284,50732,44482,Paid
104751,75195,115672,Partial
104631,97034,26552,Partial
101209,140722,91745,Paid
108625,85520,36476,Partial
105242,145384,29726,Partial
104218,67998,122609,Paid
108435,98769,132673,Pending
100303,127641,127242,Paid
104569,74550,103813,Partial
102712,31570,61175,Pending
104120,148786,33594,Paid
105586,121251,89037,Partial
104533,149725,142376,Pending
100726,127283,25678,Partial
103025,105490,114656,Partial
105602,102122,146153,Partial
103810,86221,66575,Paid
107301,136187,79525,Partial
103899,36949,94857,Paid
100583,58451,63044,Pending
107942,139157,11574,Partial
107196,133033,149579,Partial
106694,71115,133641,Paid
108735,116821,129553,Pending
105897,94509,26129,Paid
107155,85918,29010,Partial
107447,61894,99399,Pending
104003,46495,111823,Pending
102907,69988,116538,Pending
107329,113089,57350,Paid
109529,91880,94570,Pending
100589,52507,22385,Pending
103156,52742,114331,Pending
101311,59911,12097,Pending
108506,66001,130113,Pending
107313,42624,89789,Partial
104769,63973,109755,Paid
107233,44814,104130,Partial
106535,79902,149323,Paid
107493,102271,123992,Pending
100184,34859,62842,Partial
108352,114079,45445,Paid
105491,55612,135504,Paid
107758,82519,118202,Paid
103773,131959,55844,Partial
107493,57144,110728,Pending
102913,52190,23904,Paid
103948,42266,109987,Pending
108085,148711,149829,Paid
101877,74991,30302,Paid
102074,149129,142770,Partial
104632,98439,146868,Paid
108896,147422,37808,Partial
106045,109361,58099,Pending
100947,123102,66480,Pending
107663,133813,52612,Paid
101937,145639,141529,Paid
101352,94044,20776,Partial
103659,147732,95963,Paid
102639,133200,89268,Pending
103059,80815,139282,Paid
109073,131620,94478,Paid
104537,80394,38907,Paid
106300,143521,87864,Paid
102675,44107,27047,Pending
103765,30694,41088,Partial
100063,124649,25127,Pending
103317,133306,149956,Partial
104484,103242,20248,Pending
109957,70668,100346,Paid
109304,61997,66312,Partial
102442,44397,125027,Paid
105820,146342,138295,Pending
105770,134375,127092,Paid
102804,130106,30192,Paid
101503,76223,147073,Paid
102834,52306,15333,Paid
108464,83147,24280,Paid
100008,100365,113924,Paid
106771,32695,118310,Pending
104560,98093,45866,Paid
109734,46857,127172,Partial
108878,35425,49764,Partial
105307,129353,82791,Partial
101584,145497,74814,Pending
103451,39478,128379,Paid
107803,147905,83555,Partial
103855,91190,84906,Partial
101212,114275,23616,Pending
109159,75926,28364,Pending
103836,133676,119108,Pending
105445,114840,10278,Partial
100653,95346,52424,Partial
104030,40512,108683,Pending
109880,115100,34738,Pending
101733,130157,13954,Partial
102624,65155,82300,Paid
108581,107125,94147,Pending
104354,110233,24868,Partial
102443,83235,112349,Pending
103376,42226,103214,Pending
103179,82907,43612,Paid
108246,142139,63411,Partial
104115,104828,16610,Pending
107358,86964,134853,Paid
105393,126071,107280,Paid
101832,71814,117747,Paid
102322,125266,148077,Pending
107698,137115,41304,Paid
104480,126377,110749,Partial
101142,46321,75896,Partial
109507,120423,20064,Paid
105415,140652,87353,Partial
107253,35903,76102,Paid
100694,99344,130225,Pending
104005,122637,122971,Pending
102863,78341,123317,Paid
108764,140235,91244,Partial
100585,107317,125583,Paid
108511,108089,21051,Paid
105918,37262,141041,Partial
106075,126176,131977,Paid
106533,137971,62717,Partial
102348,123761,77143,Partial
101798,55621,35331,Pending
105116,111054,24027,Paid
108559,86300,76046,Paid
109828,138319,134934,Paid
101664,59746,45262,Partial
108165,95154,86575,Pending
106350,48096,30360,Paid
104600,36999,109433,Paid
100116,91147,19552,Paid
109832,119448,87470,Paid
103118,99187,127615,Paid
104440,73050,83292,Paid
102069,148613,20173,Paid
107798,121331,143522,Partial
105962,128608,46835,Pending
103284,73503,116762,Paid
101642,56512,33880,Pending
108754,46681,70808,Paid
102574,31437,39198,Partial
106087,125502,103836,Pending
101233,111893,56388,Partial
105071,79761,146960,Paid
106623,73422,47286,Paid
105386,38677,28192,Pending
109635,107770,76502,Pending
107511,106655,43909,Partial
103336,86134,120226,Pending
108295,44364,110252,Paid
103158,92496,144945,Partial
108975,137600,38172,Paid
100416,109777,20839,Partial
106179,95710,119091,Paid
104252,75771,11912,Paid
104874,103076,133711,Partial
106258,96171,132870,Partial
101170,131505,23522,Paid
105172,111741,43413,Pending
102663,46556,111665,Paid
107754,96879,30240,Pending
102462,43026,148510,Paid
104219,86259,100419,Partial
101190,110766,21263,Partial
100989,147645,12183,Pending
100683,58283,61177,Pending
106168,130056,46948,Partial
100088,140376,71513,Pending
105440,134778,136178,Pending
102525,100144,124383,Partial
106807,43341,12382,Partial
107572,36896,96640,Paid
108751,93251,57476,Partial
102925,118941,134020,Pending
108597,65904,49602,Pending
101190,130346,122212,Paid
100587,75086,38204,Paid
107215,121649,112517,Partial
102191,109980,99569,Partial
102557,88184,146385,Paid
102883,61789,116068,Partial
100840,128911,137543,Pending
103246,84628,50714,Paid
107725,125892,149582,Pending
109315,95107,55998,Pending
105827,80369,117158,Paid
103677,94565,60937,Paid
105992,109452,39502,Paid
107983,39587,34071,Partial
104299,30002,148251,Paid
104897,142336,93189,Paid
100664,45283,37887,Paid
100119,50023,29194,Pending
100102,89248,116982,Pending
103594,144677,97062,Paid
106976,141754,31086,Partial
105618,141160,77612,Partial
105830,141197,125941,Paid
108034,61113,63244,Paid
100582,53103,122376,Partial
104398,96044,43480,Pending
105427,38560,83707,Pending
106887,53809,146021,Pending
101954,141093,59929,Partial
101871,43242,66639,Pending
100562,32452,127774,Partial
102224,113072,92651,Paid
108449,113391,26636,Paid
104599,64137,103781,Paid
107429,62711,104617,Pending
106491,112872,83888,Partial
108699,68848,29102,Pending
104220,118905,94961,Pending
101903,51000,28601,Pending
107012,36251,101740,Pending
106365,84078,122973,Partial
105666,112709,51679,Pending
104279,46081,109114,Partial
104660,87238,22932,Pending
101791,64798,15135,Paid
108577,118144,55565,Partial
107166,117301,20259,Partial
105920,104358,77053,Pending
108643,32616,103309,Paid
106993,91315,88246,Partial
103428,119543,117534,Partial
104619,119132,35609,Partial
101238,85120,91118,Paid
102263,59042,92473,Partial
105489,60771,125177,Pending
104777,33127,84179,Pending
108859,144542,22323,Pending
104528,100473,45614,Paid
107826,121926,37609,Pending
106504,91938,92253,Paid
102128,141540,100189,Paid
109652,49215,96113,Paid
103267,61424,107389,Paid
105307,65758,14546,Pending
101777,59837,85304,Paid
109514,138451,35384,Paid
102025,100869,106819,Paid
105257,35852,26760,Paid
104355,30899,67024,Pending
100292,125345,41211,Partial
105844,52960,90957,Paid
100857,141620,40888,Partial
103905,55686,127744,Pending
104106,149091,10584,Pending
102268,84576,10782,Paid
106076,92819,49228,Paid
104050,127101,32453,Paid
107824,114708,71141,Pending
105560,92226,144253,Paid
102302,85291,47652,Pending
107531,79149,93931,Partial
109896,95989,14337,Pending
103065,104492,29473,Pending
105689,130524,66496,Paid
104185,125314,92606,Paid
108432,58621,114077,Paid
107467,145630,111492,Paid
102387,80854,102319,Partial
105021,117213,131808,Pending
108379,42134,19914,Paid
105671,81940,102066,Paid
104731,134081,126283,Pending
102688,34153,97266,Partial
103572,69576,125484,Partial
107096,82586,103388,Paid
108269,90821,59953,Paid
107726,108324,120576,Pending
103701,39091,80885,Paid
107608,39034,62033,Partial
107679,68821,47585,Pending
101178,102171,115978,Partial
104200,81838,88483,Pending
107441,129845,52299,Paid
105858,103903,13717,Paid
104831,137388,114190,Partial
105208,139369,38173,Paid
107549,88277,45639,Paid
102406,58090,74164,Partial
103197,111326,81429,Pending
101239,125405,147102,Pending
106711,81092,42045,Partial
106357,133709,128536,Pending
109548,103932,29891,Paid
100492,101654,109382,Pending
107799,147274,18170,Pending
103144,143200,130435,Partial
101990,132256,127613,Pending
105632,122508,21375,Partial
103066,98684,95617,Pending
109328,80481,125204,Partial
100899,121889,45630,Paid
101589,56314,46763,Partial
106242,63443,83693,Pending
102904,141757,125862,Pending
104201,146325,116702,Paid
104539,126032,86646,Paid
101323,36326,64729,Partial
102371,61346,32392,Paid
102570,133841,37038,Pending
103074,79018,130327,Partial
108731,117591,15541,Partial
109751,83205,72638,Pending
107585,63586,48181,Pending
108499,125074,51494,Pending
106464,70306,79868,Pending
107981,100655,59634,Pending
107693,131599,58563,Pending
104462,92558,85208,Partial
109612,97908,45995,Partial
108424,82784,22562,Pending
103823,67112,78713,Pending
105118,77156,99738,Partial
103685,55175,55333,Partial
107914,86087,12276,Paid
105303,99723,87438,Paid
104898,135408,31967,Partial
102098,94768,40844,Partial
104232,81653,46505,Partial
105088,30150,147916,Partial
106054,113459,130976,Paid
104487,79674,40214,Partial
105931,45665,29204,Pending
106054,123708,39001,Paid
107345,90286,36000,Pending
109592,90479,45108,Partial
105000,42221,70884,Pending
103999,94173,89108,Partial
109993,55507,134602,Pending
109499,36236,140431,Pending
101307,78052,130425,Paid
101171,73321,79199,Partial
107178,137504,12872,Paid
101613,32016,120431,Pending
100626,125565,149685,Partial
100867,105543,93894,Pending
108317,98142,29427,Partial
107231,118490,135343,Partial
104645,146087,44195,Paid
107881,87737,122467,Paid
101372,40481,133984,Pending
101186,111332,120087,Partial
105010,119816,125269,Paid
103927,53552,127935,Paid
106796,120567,102372,Partial
109731,147180,103718,Pending
106754,56317,62602,Partial
106923,119915,67109,Partial
103383,88536,76525,Partial
101975,115156,31025,Partial
102006,83088,13647,Partial
109280,141559,38449,Partial
106906,59660,74452,Partial
103999,67337,132437,Paid
101903,124324,56012,Pending
100789,78625,135372,Partial
103023,97530,63204,Pending
104667,82201,42823,Paid
102335,108314,54502,Pending
106674,109407,29669,Pending
109962,73170,143380,Partial
105867,143528,145922,Partial
100237,61862,140774,Pending
105261,128570,103165,Paid
104456,76759,134369,Pending
108778,79356,69913,Partial
107059,65012,80740,Paid
107388,77201,149714,Partial
100385,112181,139717,Partial
104194,94841,117416,Paid
103324,31010,133512,Partial
104121,48760,28521,Paid
104232,89556,148697,Partial
104547,143524,55662,Pending
103777,148266,87006,Partial
100014,128624,84582,Paid
107475,84510,54205,Partial
105855,107372,91253,Partial
109509,41184,92515,Partial
106447,142877,61846,Partial
104645,83226,31865,Partial
102880,129356,55499,Paid
103542,63686,136898,Pending
105758,119341,129413,Paid
103082,128701,125326,Partial
104435,102252,93162,Paid
102621,84680,44976,Pending
108304,96629,13011,Paid
106809,61378,50686,Pending
105161,53380,41966,Paid
108724,94157,35121,Pending
109551,65151,112147,Paid
107883,120880,41962,Pending
104776,113530,121954,Partial
105092,119087,143949,Pending
103744,115434,55954,Paid
107567,57614,102442,Pending
108010,46102,133887,Partial
107156,110594,34710,Paid
100116,100334,136386,Pending
106727,36785,47763,Paid
100080,119185,127240,Partial
107032,62333,99020,Paid
101915,54983,140038,Paid
107347,37523,126193,Paid
104943,83056,33168,Paid
107839,108798,149308,Pending
103227,143042,146837,Partial
101444,147707,89365,Pending
101033,125850,110020,Partial
104958,47165,47849,Pending
100826,56897,39709,Partial
106174,33387,140935,Partial
101035,89420,50846,Paid
108397,53255,108089,Paid
101940,124233,66868,Pending
107231,62657,19316,Pending
106539,38495,70375,Paid
106271,123992,48723,Pending
100525,49453,101323,Paid
102532,36709,123029,Pending
106256,87571,106187,Partial
109964,66737,69605,Paid
102750,103521,14469,Pending
107289,35770,39134,Partial
102706,91021,81022,Partial
104659,87211,67951,Partial
100328,121449,91288,Partial
103698,64030,135604,Partial
101319,71361,48041,Pending
104621,32848,123589,Partial
105181,84011,136319,Partial
109553,105025,61203,Partial
101730,94860,140113,Partial
107581,116056,54727,Pending
107947,143223,79923,Paid
106930,89290,76816,Paid
102860,118097,63271,Paid
103886,65480,52823,Pending
105024,56761,56034,Pending
105333,120669,23717,Partial
103051,131847,23236,Paid
100188,74364,62278,Pending
105260,70819,101001,Paid
109435,117500,82215,Partial
102391,100711,81685,Partial
104213,133776,53628,Pending
104001,117649,111402,Paid
101642,50679,145125,Paid
101378,134483,27208,Partial
100972,129570,132152,Paid
108781,69153,64490,Paid
109793,59704,83485,Paid
107769,95670,138271,Paid
101006,41068,144679,Partial
109820,108673,30791,Pending
100678,81101,74095,Paid
109684,148056,44785,Pending
108561,116260,110128,Pending
101370,65277,149944,Paid
104411,41959,18284,Paid
104097,135753,58425,Paid
106335,44582,11356,Paid
108945,123669,34957,Pending
100640,98892,56818,Pending
105996,125325,103042,Paid
105386,136204,100928,Pending
101706,102908,31261,Partial
104429,50445,119265,Partial
108168,124121,144318,Partial
105524,47505,114903,Partial
100151,111270,138317,Partial
109854,105826,47235,Partial
101464,111064,137522,Partial
108482,141276,83623,Paid
108085,108695,24250,Pending
100112,107188,105218,Pending
105321,121110,109341,Partial
103855,121839,91360,Pending
100335,86699,15561,Paid
105591,105755,95157,Partial
109588,137148,20739,Pending
107792,122188,84295,Partial
109292,113229,100781,Pending
108349,50732,12461,Pending
101947,79880,110305,Paid
102135,74883,125355,Pending
103584,72945,47434,Pending
106269,67358,75837,Partial
109727,133970,112849,Pending
108070,85448,103324,Paid
105467,49297,83385,Paid
102192,46722,141413,Pending
106925,40274,55671,Pending
109616,65523,33381,Partial
108415,41802,123250,Paid
101313,43664,79710,Pending
104339,44642,41610,Pending
101244,143445,87501,Paid
102110,104262,36030,Partial
108042,134799,82779,Pending
101802,86949,10362,Paid
100484,98941,17564,Pending
104089,105714,80444,Paid
108843,83124,77228,Pending
108810,129208,36047,Partial
109231,47931,114721,Pending
103238,108438,33472,Pending
103483,147197,60924,Partial
106511,67817,21594,Pending
105739,67537,20119,Paid
108970,50818,96149,Paid
101328,54963,145220,Pending
108178,41503,89029,Pending
109785,130735,39435,Partial
101775,148156,83859,Partial
108296,85636,47242,Partial
104129,118315,19240,Pending
106907,35235,103324,Paid
104130,91934,148655,Pending
108403,86558,56467,Partial
109283,138016,29738,Partial
107263,90245,147361,Partial
105527,123223,72077,Paid
102440,81753,145851,Paid
106003,42377,137189,Partial
102282,53396,79030,Partial
108832,149114,56843,Partial
103480,44642,129698,Partial
100865,131543,74150,Partial
107758,46380,55408,Partial
104378,93422,57834,Paid
105206,145543,19278,Partial
105145,39108,117920,Pending
103302,111295,57875,Partial
109049,122336,63041,Pending
105682,82187,107228,Pending
101694,121485,110844,Partial
109085,92557,25197,Pending
100429,100356,106433,Pending
109095,105954,127568,Paid
108430,99879,139166,Pending
102444,30051,34341,Partial
103017,44106,34456,Paid
108917,119454,148108,Pending
102308,117986,52506,Paid
102651,133481,41752,Paid
106888,146856,63137,Pending
103367,136644,27130,Pending
105483,51172,68115,Paid
106632,73290,116946,Pending
106263,47254,85086,Partial
102497,102692,35451,Partial
102212,97484,100304,Paid
102407,125002,129972,Paid
101556,145166,141118,Paid
104029,121671,71873,Pending
108357,93675,72355,Partial
105915,131922,123931,Partial
104868,117798,90888,Paid
105790,132094,103221,Paid
104152,59613,34809,Pending
109751,146104,18329,Partial
109917,48280,92861,Partial
103578,81356,117964,Partial
103137,43194,103207,Pending
100284,76986,82697,Paid
102049,81979,64081,Partial
105135,89461,51761,Paid
101655,130178,96491,Pending
105731,100383,128839,Paid
107330,105087,46160,Paid
101621,74585,57938,Pending
106622,110056,149705,Pending
108949,141437,98804,Paid
108194,79133,32220,Partial
100697,40762,131559,Pending
102172,77711,120475,Partial
106658,32622,119172,Partial
102502,121098,19538,Partial
106116,113899,98377,Paid
101431,67148,17440,Paid
107730,105780,103382,Pending
101520,144937,34496,Pending
102755,88779,45321,Pending
103324,125882,105061,Partial
104058,74531,130168,Paid
109782,56817,21888,Paid
106976,82397,87454,Paid
101865,100170,107785,Paid
105472,84149,55731,Partial
107259,118442,115094,Paid
101972,39436,148875,Partial
101958,141492,34538,Partial
101076,46121,31008,Pending
101574,144540,130449,Pending
104912,59631,80966,Pending
104530,102564,133567,Pending
106525,58907,10338,Paid
103663,121480,80588,Paid
106381,53449,59047,Paid
107344,104450,24735,Partial
100389,103668,84076,Partial
102428,67408,145339,Partial
108578,94468,125484,Pending
101731,146014,148924,Pending
103514,122917,111552,Pending
100511,98450,71923,Paid
106798,92439,91297,Pending
101505,40597,122421,Paid
100130,40839,133792,Pending
104214,46695,63131,Paid
106718,118962,121304,Partial
105853,57506,133541,Paid
107683,88630,121511,Pending
107337,65645,112224,Partial
101390,32114,130992,Partial
102431,113709,97222,Pending
108025,129732,71182,Partial
104784,97006,88623,Partial
107535,130420,99369,Partial
105910,117135,137079,Pending
106050,87909,24367,Paid
106328,77328,36243,Paid
100901,41611,84548,Paid
100612,58503,61578,Paid
103622,129099,108215,Paid
109391,133427,131758,Paid
107942,78036,63309,Paid
104249,87117,99315,Paid
105341,102030,38865,Paid
104744,51926,114390,Paid
109815,44208,61624,Partial
105514,54504,135113,Partial
100602,40948,109710,Pending
103338,111428,22331,Paid
100412,65752,128464,Partial
108115,34542,38347,Partial
104842,99107,36757,Pending
103974,131094,107851,Pending
100765,72544,137559,Partial
102520,120546,11591,Partial
109883,61865,89103,Pending
109282,62442,51700,Partial
101479,112386,96022,Partial
108686,50771,82792,Paid
108569,88802,52392,Paid
100313,149539,50597,Pending
104615,80623,123431,Partial
102417,102453,66809,Partial
105561,37577,110280,Partial
100060,49586,37817,Paid
109266,108234,40158,Paid
109798,67544,115910,Pending
105335,131671,116244,Partial
108544,38937,137280,Pending
100779,116583,40045,Partial
100782,37676,68547,Partial
106371,114785,106362,Pending
102338,144549,113087,Paid
108181,40634,31468,Paid
103771,149068,74304,Paid
107580,100537,114307,Pending
108645,78965,23984,Pending
100399,82300,149237,Partial
106753,122561,26397,Partial
107721,75502,75913,Partial
105692,114312,60520,Partial
101790,34772,75940,Paid
107024,124435,121594,Paid
109747,105755,107354,Pending
106591,50526,46482,Paid
103673,85934,95142,Pending
107821,74777,63604,Partial
109455,42259,122589,Paid
107321,104311,63634,Paid
109323,46096,89357,Pending
105093,69910,56290,Paid
108365,149739,32015,Paid
108203,84066,32799,Paid
102925,95173,105584,Partial
102887,94942,16693,Pending
107311,97887,13498,Pending
102622,123304,74694,Paid
105504,51311,147613,Partial
103071,115785,52912,Partial
106510,60077,112437,Partial
103699,68694,96921,Pending
101904,116580,136030,Partial
101734,62322,40139,Paid
106257,66024,16208,Partial
102917,79448,128461,Partial
104799,41912,56313,Paid
102039,32483,34309,Partial
106458,147577,73521,Pending
107521,141116,29697,Partial
108333,72856,100731,Partial
107174,137693,145949,Partial
106566,143364,44063,Pending
106192,139158,38081,Partial
106800,48490,75951,Paid
103236,71909,127170,Pending
102139,144790,135176,Paid
107652,93670,49466,Pending
109429,125489,91016,Partial
103943,103151,35599,Paid
106553,57045,125853,Partial
108068,64824,99105,Paid
106681,90055,97512,Paid
105926,48850,101208,Paid
100899,146704,48136,Partial
105082,145885,53304,Pending
100075,81918,38307,Paid
106488,50169,105374,Pending
107076,115938,104254,Paid
101998,78361,11293,Pending
100024,92886,93508,Pending
103101,72418,88019,Partial
104953,40200,48956,Pending
107558,72817,130517,Pending
102997,88861,109901,Partial
103785,119948,19989,Partial
108349,78612,107638,Paid
101976,84645,12781,Pending
105985,50144,81247,Paid
103758,53673,131121,Pending
109591,102215,66777,Paid
103319,122035,71300,Pending
100783,134445,80981,Pending
101700,92839,73368,Partial
102946,75904,64700,Paid
107413,38143,113665,Paid
109875,92637,110281,Paid
105907,71211,32824,Paid
104470,103173,81999,Pending
105212,131869,63550,Partial
109418,141239,118249,Partial
102601,111081,124536,Partial
104697,76461,49454,Paid
102391,62759,128828,Partial
108838,114709,126952,Pending
100123,84681,126702,Pending
100472,115364,30640,Pending
102922,149987,112002,Pending
104944,43073,134415,Partial
103462,131124,39513,Partial
104554,105656,148020,Pending
105258,105933,72433,Pending
104920,113691,84674,Partial
102523,49604,66428,Pending
105807,129123,59350,Paid
105604,95161,12698,Pending
103199,124284,102536,Partial
100573,101354,91869,Paid
105698,36251,22639,Pending
104500,34044,89008,Partial
100996,50647,93005,Partial
108177,125331,143122,Partial
108761,44463,89322,Pending
108852,126487,73099,Pending
109537,53583,21726,Paid
103158,92338,90934,Partial
105838,130031,33615,Partial
105559,87642,16445,Partial
101978,51573,59429,Pending
103167,30227,64222,Pending
107404,133497,34367,Partial
106050,140254,96755,Paid
101823,119023,34186,Partial
102344,141198,95183,Paid
100237,67810,61163,Paid
104021,91350,28477,Pending
108199,82632,29055,Partial
107348,53875,103641,Partial
106632,78771,56247,Pending
103839,89099,70369,Partial
107537,92627,44809,Partial
105139,74692,44492,Partial
102400,125885,10821,Partial
108312,53394,81320,Partial
105062,89386,147221,Pending
101613,71378,137223,Paid
101083,126842,75540,Partial
107690,85927,86015,Paid
100708,138764,77543,Paid
105270,76057,131388,Pending
107743,94843,66102,Partial
108916,52622,139337,Paid
103164,112447,141166,Partial
108903,93052,79393,Pending
108249,121033,30256,Paid
101589,79969,141172,Pending
105602,77321,23536,Paid
103355,62165,29029,Partial
106977,62374,37125,Partial
109926,116740,107591,Partial
100411,116474,46425,Partial
109852,148542,15228,Paid
103970,128113,65113,Pending
100306,121952,96043,Pending
101505,103520,112575,Paid
103795,57589,97985,Paid
102113,133947,64901,Paid
100393,50274,59813,Paid
107724,106192,133118,Partial
101568,83048,21014,Partial
103986,135915,47096,Paid
106812,148698,60757,Paid
109282,54812,50815,Partial
107228,134128,133447,Paid
107119,107350,62366,Partial
100787,143912,122345,Paid
107858,62174,41094,Partial
103660,111157,82851,Pending
109891,44761,143210,Pending
108936,65192,37262,Paid
105350,103983,16973,Paid
104776,146784,110737,Pending
104825,84119,40893,Paid
109816,122511,128857,Paid
105784,45586,65956,Partial
107506,42507,79681,Partial
101068,87108,79671,Partial
106626,146972,61533,Pending
105604,147605,15689,Paid
103441,148762,71306,Partial
103431,147953,24408,Paid
102422,122694,50940,Paid
106053,108701,120394,Paid
104019,104297,126752,Paid
106711,97564,135233,Partial
102305,106882,52525,Partial
106180,99373,50948,Partial
101424,110481,100361,Pending
106161,49827,111752,Paid
107818,77267,19324,Pending
107988,126864,76786,Partial
101578,55212,144957,Paid
107049,39405,78686,Paid
105689,84949,65630,Pending
107589,66389,42193,Pending
101191,137440,147711,Pending
100698,74199,94769,Paid
108164,94597,59616,Partial
104329,90758,113804,Pending
103012,37494,135705,Partial
101284,133030,87148,Paid
109364,89207,101920,Paid
104281,89961,140434,Partial
106920,127291,73944,Paid
106679,36125,111951,Paid
104029,63699,121271,Paid
105186,46725,119449,Partial
106180,130116,82782,Paid
106369,76411,114963,Pending
102963,31868,15763,Pending
100081,37707,98114,Partial
107845,95956,57562,Pending
102795,43468,148737,Paid
103954,132135,47880,Paid
104426,40844,137147,Pending
107478,103453,112585,Partial
100506,145839,84383,Paid
107505,109582,142725,Pending
104383,115470,49553,Paid
102078,66810,63764,Pending
101268,53536,83728,Pending
101718,49176,141389,Pending
105580,77428,27793,Paid
103856,64913,15105,Partial
104318,136419,111222,Partial
101626,105163,47989,Pending
107286,113378,18589,Pending
109247,38568,141767,Partial
105926,90849,41530,Pending
107786,43085,72446,Pending
107472,149778,64370,Pending
109695,52142,128862,Partial
105694,49219,108482,Paid
102900,62209,117974,Partial
101268,53047,12102,Pending
106912,85805,146891,Paid
109125,115318,109677,Paid
108961,142057,21425,Paid
106987,92596,133197,Partial
103428,90621,86104,Partial
102933,106725,110616,Paid
100976,126843,17700,Pending
107248,74758,88293,Paid
101557,52516,137960,Partial
109085,105237,45395,Partial
104912,60200,10673,Paid
109448,56151,117129,Pending
109978,147142,66161,Partial
107533,134946,32305,Partial
102891,57343,119164,Partial
108164,144856,118792,Pending
108725,42431,69242,Partial
104449,84918,86328,Pending
100712,52663,148627,Pending
106178,131498,76089,Paid
109934,56948,55373,Pending
100345,119078,134424,Pending
105497,104491,49129,Pending
107651,145062,88913,Paid
102165,102492,46231,Pending
102651,59425,27323,Pending
103234,146394,118115,Paid
101297,132677,117219,Pending
108851,112925,129549,Paid
102494,80562,78117,Partial
108432,134640,55441,Pending
100751,138615,122782,Paid
104973,83300,39226,Partial
108707,35079,73365,Pending
104828,141150,37648,Pending
105702,50241,80245,Pending
101877,100290,144702,Partial
107265,111047,148991,Partial
109809,115028,130709,Paid
102860,45385,115283,Partial
103041,106472,77929,Paid
107291,135098,109095,Pending
100427,115098,128684,Paid
101135,69665,66265,Paid
101239,107074,98403,Partial
105158,84901,23503,Partial
103629,117046,86957,Partial
108230,131984,87760,Partial
101283,56002,68856,Partial
107038,37395,17646,Partial
103657,52207,21039,Pending
105054,47565,47291,Pending
103503,137284,10102,Paid
101600,111215,20513,Pending
108984,110300,136260,Paid
100185,131640,89977,Pending
100939,139187,34374,Partial
104520,39708,100439,Partial
102579,58354,19632,Pending
108710,146603,131159,Pending
109030,58193,137916,Paid
109730,48050,115790,Paid
101033,110270,69678,Partial
106518,88954,87914,Paid
108144,37511,29930,Pending
104345,89477,51454,Paid
106995,59190,94296,Pending
101706,81348,103329,Paid
101035,126676,34826,Pending
109173,135104,30882,Paid
103545,84163,30797,Paid
109039,123311,85205,Partial
101862,62715,148464,Partial
106478,69593,45249,Paid
102734,131338,140589,Partial
105470,51392,46249,Paid
104575,63811,76734,Pending
109262,46429,146342,Pending
102515,103112,118415,Pending
100589,127370,101427,Paid
100213,104320,107171,Paid
102878,47093,59220,Partial
100908,60557,110095,Pending
107130,74054,61544,Pending
107936,141158,79191,Paid
107096,82707,88182,Pending
103357,127397,90485,Partial
106678,35367,69965,Partial
103241,113028,88555,Partial
107918,78888,11564,Pending
109548,105681,68271,Partial
103416,114605,117797,Pending
109353,146100,115752,Partial
108800,40624,123039,Partial
108216,147866,120194,Partial
105211,69717,135284,Partial
105778,132915,26768,Pending
105580,33842,50492,Partial
104437,78823,36350,Paid
102387,64721,30158,Pending
106572,85548,36547,Partial
100444,64745,15840,Pending
109807,55704,16917,Partial
108062,99634,132750,Paid
106125,133636,28828,Partial
106891,72709,66213,Paid
103133,110072,82506,Pending
109661,113738,64987,Pending
103030,54839,21193,Partial
109713,92380,125662,Pending
100224,96971,96417,Paid
100265,54691,143362,Partial
102461,56980,54841,Partial
104117,71735,115882,Pending
103655,56323,116154,Paid
108068,98518,61707,Pending
102600,51604,109416,Partial
103299,68706,82270,Pending
103171,107822,59625,Paid
102178,93488,106251,Paid
101806,34286,112636,Pending
108667,101927,125511,Partial
108165,125908,144870,Partial
108991,99530,111184,Partial
101627,88776,63706,Partial
108741,143560,31044,Paid
100194,133362,32082,Pending
100959,47524,110468,Partial
100293,65508,46976,Partial
102509,38956,130392,Paid
109384,144517,29382,Paid
101437,100814,63971,Paid
108766,142894,18761,Paid
104339,116756,40537,Paid
102171,87605,55253,Partial
105658,80195,100978,Paid
109292,44543,40288,Paid
107871,62486,39118,Paid
107441,75381,55270,Paid
106121,92158,35373,Partial
108156,84999,117525,Partial
103332,99358,133926,Pending
108993,75473,11679,Pending
105723,122300,58435,Partial
107660,129884,103882,Partial
104792,57787,91022,Pending
101345,69503,49559,Pending
104424,149861,135995,Paid
108898,105329,95375,Pending
100726,60063,106597,Paid
108156,124557,34320,Partial
108004,105700,17261,Pending
109698,73108,67913,Partial
107518,100669,66082,Pending
101990,58716,106063,Partial
106277,64351,133447,Pending
101506,65532,104381,Paid
108447,48700,108715,Pending
105540,58507,86924,Paid
101970,51416,92916,Partial
104475,94913,80958,Paid
104806,43660,62382,Partial
104438,103502,100631,Pending
107567,40604,149130,Paid
107668,35697,122888,Pending
104619,98259,62301,Partial
101554,72232,134468,Partial
106404,72959,118558,Partial
106592,94926,36514,Partial
100285,75102,47107,Partial
104983,87845,98200,Paid
103245,99374,110008,Paid
102058,111615,83221,Partial
100847,37528,24382,Paid
104907,30604,34917,Partial
105209,84247,49726,Paid
108121,83566,97757,Partial
106270,67749,144887,Partial
100410,97796,80802,Partial
108464,143678,129704,Partial
101860,60546,14898,Pending
103853,97800,124150,Paid
103958,92554,121936,Paid
106240,83481,134499,Pending
101900,124212,34786,Pending
101872,72874,102118,Pending
106555,82243,141854,Paid
109870,88868,46765,Partial
100954,97460,48061,Pending
102117,68666,118040,Pending
100471,149993,59013,Pending
108521,55050,95984,Pending
105230,111955,23296,Pending
106978,59197,141339,Partial
105779,142982,125848,Partial
109846,80314,80110,Partial
101148,106431,11458,Partial
101104,132498,131930,Pending
107750,83990,145967,Paid
102742,148370,72068,Paid
107415,135036,30726,Partial
101991,73198,61049,Partial
103965,70793,100610,Partial
100305,140149,11150,Paid
102285,57381,121002,Partial
109902,126138,131140,Partial
108053,54753,122244,Partial
107035,36359,105404,Pending
105185,77397,87201,Pending
105534,104548,35275,Partial
107846,110338,28106,Pending
108708,53975,149338,Paid
109365,40921,122516,Partial
101095,75278,97706,Partial
109637,41164,139649,Partial
104701,81493,87532,Pending
107695,94376,43054,Partial
108839,30490,32671,Paid
105565,125755,83755,Partial
100018,83737,44738,Pending
106008,139734,38276,Pending
103327,57050,11437,Pending
104577,67189,34360,Paid
105909,75421,57642,Partial
108894,63733,146547,Paid
106943,145212,141106,Paid
105967,57512,57154,Partial
100884,113907,51893,Paid
105242,47770,10226,Partial
105404,65705,111510,Partial
102892,146556,73675,Pending
109723,80337,128901,Paid
105869,58305,47066,Paid
109672,93391,131964,Paid
101317,75431,108280,Partial
109334,140580,90304,Paid
100326,127649,111259,Paid
101373,114598,40985,Paid
106145,141817,55448,Paid
101096,114688,90766,Paid
107403,100004,137255,Paid
100575,97881,56656,Partial
103321,98700,33485,Paid
108306,149460,32306,Paid
109767,105186,135696,Partial
106422,54189,49294,Paid
105775,54934,78862,Pending
101599,127488,38383,Pending
102293,38780,46755,Partial
102373,132703,46286,Paid
101203,101749,28312,Partial
104861,133243,149674,Pending
108075,107843,52273,Pending
108698,41838,38131,Pending
105204,124045,134037,Paid
109323,47661,127381,Partial
105617,82218,32065,Pending
100096,81764,88184,Paid
104031,115892,12687,Paid
103068,111067,102884,Paid
103790,148690,13823,Pending
109539,133647,72276,Partial
106884,82182,146822,Partial
102537,84522,55916,Paid
101952,89843,103393,Pending
103819,107340,126043,Pending
100836,36741,34186,Pending
106475,133040,53184,Pending
101575,62093,70253,Paid
103190,79764,92170,Pending
104426,112651,42186,Partial
109417,34416,149047,Paid
101089,94146,138943,Pending
108064,65188,17428,Pending
106351,108824,105661,Partial
107839,98407,73500,Partial
103366,34668,24271,Paid
105749,93704,84041,Pending
109100,70675,11112,Pending
109392,56839,63499,Pending
108156,117289,12458,Partial
100075,116960,30527,Partial
101953,61966,83969,Paid
103249,119304,89946,Partial
106818,46518,110488,Partial
105462,104862,70125,Partial
102738,100937,53502,Partial
102192,143753,81565,Paid
103306,44368,21103,Pending
107801,31863,117405,Partial
108379,105062,81723,Pending
103344,138456,72007,Paid
101239,148667,57590,Partial
104446,129666,49026,Partial
105411,69148,148371,Paid
108461,74920,114800,Pending
104566,62169,113436,Partial
105294,88762,111063,Paid
105394,106481,44154,Paid
108706,136312,118973,Paid
101102,44228,67369,Paid
105332,103230,72615,Pending
106424,116227,72387,Partial
103648,125271,64402,Pending
102420,112017,53980,Pending
101814,79873,68302,Pending
100101,41672,59025,Partial
101131,47331,39316,Partial
103594,59931,101633,Paid
109029,106392,60925,Partial
106896,75809,112624,Partial
109067,52454,109374,Paid
107595,77569,138927,Partial
109939,118636,123389,Partial
103914,83078,53542,Paid
100723,83829,18331,Partial
109925,98279,77058,Pending
100259,102857,31142,Paid
107258,54303,61170,Paid
109964,95514,137286,Paid
108683,93678,93435,Pending
103403,72968,86200,Partial
101748,76640,130650,Paid
106404,58720,90171,Pending
102662,112715,146751,Paid
102006,51994,124488,Paid
107432,146817,74893,Paid
103062,36310,59131,Partial
106921,78321,25729,Partial
106903,123182,63710,Partial
102046,128989,123740,Paid
108929,69934,124235,Partial
109308,63748,71341,Partial
108974,79991,44728,Pending
107925,95792,30645,Paid
105579,73120,131638,Partial
103615,97108,102413,Paid
105662,120185,43614,Paid
107182,92877,147362,Paid
107864,94833,58685,Partial
100797,48768,95436,Partial
100978,70693,34774,Partial
108810,127016,51773,Paid
108177,38119,53626,Pending
108053,30647,36919,Paid
103102,94872,64054,Paid
102977,69730,52429,Pending
108336,137206,97273,Paid
104291,41653,85364,Pending
104600,74671,129761,Paid
103369,138883,67388,Partial
103728,34535,28848,Partial
108908,51093,109746,Partial
103127,142227,36945,Partial
100030,43063,110069,Pending
103704,102532,71698,Pending
106211,135811,94501,Paid
103943,61290,123037,Pending
108690,126930,83148,Pending
100832,78944,65155,Partial
105756,70648,104521,Pending
103689,56262,115413,Partial
100022,135096,104772,Partial
100668,135835,39909,Partial
104874,76752,15026,Paid
106648,43372,55991,Partial
100631,110174,105058,Partial
108021,67796,46491,Paid
104571,110159,85643,Partial
104790,149769,107310,Paid
107228,94340,103950,Partial
106842,125353,80254,Pending
108091,40906,23084,Pending
109064,60090,79154,Paid
107609,98415,117976,Paid
106149,50708,146760,Paid
102977,64997,113719,Pending
100694,112644,145147,Pending
104446,98102,136180,Partial
100500,39152,115585,Pending
105024,40009,54478,Paid
100425,112136,119376,Paid
103897,122155,123424,Pending
106230,131369,49634,Pending
102503,85981,90328,Pending
101828,97660,31220,Partial
109827,137633,23291,Partial
100325,112602,60113,Pending
103821,41266,57887,Partial
102219,107713,103624,Partial
101778,34132,96831,Partial
102510,135673,13390,Paid
106442,82734,141625,Partial
102806,76817,25621,Pending
109535,81563,143013,Pending
100049,38027,51419,Pending
100706,32835,125005,Partial
102444,82378,43335,Partial
103935,141764,30710,Paid
107889,34565,22332,Partial
108465,49717,65684,Pending
105178,135790,56672,Paid
100344,76001,60030,Paid
103523,41959,43598,Partial
103733,139310,125772,Partial
102814,104177,59002,Partial
109812,149811,124732,Partial
100186,77040,102125,Partial
106841,92833,17661,Pending
107862,137858,105876,Partial
102472,121777,36589,Paid
104626,89938,136095,Pending
106308,145296,39535,Paid
102572,40369,26042,Partial
104098,42665,30009,Paid
109883,34593,144326,Partial
101716,127333,33760,Paid
102492,130820,146867,Pending
101571,102831,117789,Partial
104026,33515,117965,Pending
100624,37738,141326,Pending
103494,40402,52367,Partial
107259,131177,143491,Paid
103721,141541,103982,Pending
102969,32028,72536,Pending
102438,116817,13843,Paid
100012,40648,73288,Pending
105257,65917,54305,Partial
104071,143642,74523,Paid
105905,116659,84037,Pending
109529,149724,56884,Pending
102486,80997,50975,Paid
103051,73493,22421,Paid
101256,96450,59424,Partial
104070,56094,75147,Partial
108508,128909,78751,Paid
103503,147699,56047,Pending
103206,41415,106536,Paid
107387,118250,71619,Partial
100081,36650,126840,Pending
105370,111805,29760,Partial
100500,125828,71930,Partial
102879,48088,44887,Pending
109415,142341,15425,Pending
107295,142857,19800,Pending
104427,90039,24813,Paid
103872,75612,101277,Paid
103702,142178,148189,Paid
102106,104921,111982,Pending
102487,34671,79992,Paid
108087,39998,57127,Pending
102073,121493,108170,Pending
100035,73169,87977,Partial
108937,117574,79525,Paid
104961,64481,122529,Paid
102780,61017,72166,Paid
103266,43772,103926,Pending
106049,124838,25145,Pending
106645,98399,32960,Paid
100397,114882,96569,Pending
105013,30202,17869,Partial
109562,123517,10922,Pending
107919,55428,71109,Partial
109178,52028,126303,Partial
105101,31867,88308,Pending
104252,41688,105210,Paid
108277,37795,72267,Partial
102127,110444,21305,Pending
107544,92648,23081,Paid
101412,144260,90357,Paid
109535,75612,12683,Partial
108994,120202,17416,Pending
108177,42444,65379,Pending
100476,140572,106893,Pending
105571,55718,132731,Partial
104976,61015,93373,Pending
102587,89354,45429,Pending
105531,63560,101291,Pending
107278,108531,91737,Partial
100406,106006,51395,Pending
106919,78413,123143,Partial
101801,34900,12507,Partial
103866,125087,87715,Paid
101208,66337,57893,Paid
104758,97464,15784,Partial
105805,107929,15744,Pending
103261,148867,121095,Partial
101137,136009,40488,Pending
104276,69004,17506,Paid
107983,52888,43579,Partial
104910,124368,25215,Pending
100480,85689,15686,Pending
109238,121399,67867,Paid
103270,58526,26521,Paid
108194,49191,143124,Paid
100714,38122,24771,Partial
108502,146247,70710,Partial
105452,123096,113830,Partial
107689,65408,108116,Paid
105235,112051,139167,Pending
107022,33828,67343,Partial
108057,100829,12031,Pending
102467,100300,103056,Paid
109512,118900,121612,Partial
102184,101736,103320,Pending
108811,59892,21259,Partial
102984,126616,95056,Paid
100565,45837,35223,Paid
104447,62236,86888,Pending
102863,32229,95894,Paid
103152,122085,112317,Partial
106480,92143,80545,Pending
104332,96772,43717,Paid
102282,82341,121171,Partial
100175,65855,74255,Partial
101541,119591,124776,Paid
100304,134866,88320,Partial
102645,141264,75475,Paid
108381,67697,119232,Pending
105812,92693,91124,Paid
104264,77172,103933,Pending
105256,54688,73383,Partial
105711,147275,120027,Pending
106523,145485,93949,Paid
103937,144607,126480,Partial
109352,138018,70011,Pending
104533,127184,139086,Partial
104168,33773,111341,Paid
101278,98043,149946,Paid
109084,121132,26274,Pending
104771,78019,15324,Pending
101492,106065,145951,Pending
108565,128166,67485,Partial
101606,120502,53796,Paid
104413,113702,26807,Paid
108138,99406,57846,Pending
109498,131003,46481,Pending
101454,112791,120774,Partial
107554,50025,147948,Partial
104877,104948,135953,Paid
109077,130586,15249,Pending
109348,33893,70943,Paid
106697,142804,75322,Pending
108841,96116,71239,Pending
106438,109839,87268,Paid
109975,31400,66961,Pending
101150,116958,20796,Partial
101351,124136,33354,Paid
102952,35650,145972,Pending
105624,115551,73730,Pending
107277,58040,11473,Pending
100921,31037,106382,Paid
107726,67229,102491,Partial
109528,77569,47657,Partial
109775,73246,89453,Paid
104263,141110,23452,Pending
100462,104957,40359,Paid
109657,144855,145687,Pending
109762,48889,94634,Partial
100103,130992,30669,Partial
108585,115774,95009,Partial
106336,45964,77508,Pending
101197,111251,128590,Partial
103301,101293,58462,Paid
107227,44254,138292,Partial
103353,80587,115920,Paid
105857,34747,94907,Partial
104240,130990,16107,Pending
108526,145626,134983,Pending
104174,79889,36665,Paid
106579,54268,23483,Paid
106472,57558,120064,Partial
108009,48371,135659,Pending
109143,62273,23260,Paid
109880,128926,119503,Partial
103657,35543,49499,Pending
104564,141276,52590,Paid
109270,56262,56591,Pending
107228,145439,60925,Partial
103265,106863,30095,Paid
106475,92522,81355,Pending
101662,108242,118203,Partial
104440,40999,12344,Partial
104245,138003,30056,Paid
107641,33277,85450,Partial
105602,91318,76351,Partial
107306,99406,61342,Partial
105948,34615,89325,Pending
107368,53988,85540,Paid
104716,141318,56883,Partial
103479,96963,40240,Paid
101917,30718,68754,Paid
104966,77076,125635,Pending
101926,101617,138409,Partial
104140,142994,112286,Paid
101105,133341,144895,Paid
107706,43753,10120,Paid
101012,143624,23599,Partial
108147,143136,44334,Pending
107435,103733,55921,Paid
105322,144910,128088,Paid
108820,147465,135080,Partial
105858,119236,102950,Partial
101897,114292,32911,Pending
107687,110385,46418,Paid
102505,136777,131546,Paid
109264,146432,112721,Pending
104921,114003,27049,Partial
100763,118537,22086,Pending
100225,101833,35555,Partial
109020,66731,111490,Partial
103961,52583,123623,Paid
107288,77916,86147,Paid
106503,133760,88137,Paid
106402,109652,125399,Paid
100169,70493,140247,Pending
109571,100052,75630,Partial
107018,49029,118523,Partial
106119,124222,19787,Pending
107425,124120,22909,Paid
105759,120998,19777,Pending
105046,116728,37336,Pending
101621,113858,108822,Paid
104583,100081,101378,Pending
103866,85039,112030,Pending
107530,127522,84730,Partial
100955,67725,42726,Partial
100440,59666,50992,Partial
104193,52270,15294,Paid
108209,52112,73509,Paid
107239,33594,63808,Pending
103163,91768,18266,Pending
109216,128208,107310,Pending
103249,43341,25055,Partial
108621,46586,128409,Partial
106635,98707,95825,Partial
101991,82361,109885,Partial
102065,92991,74731,Paid
101256,38233,142446,Partial
103514,111881,82928,Pending
101310,90469,77635,Partial
104952,124685,117769,Paid
103753,126339,62686,Pending
102450,61252,74993,Pending
108017,126232,13097,Partial
108561,72255,140396,Pending
102238,110685,145391,Paid
102767,55242,11839,Pending
105962,56182,63469,Paid
105140,58146,84135,Paid
100899,62858,111462,Paid
106737,123947,94461,Partial
102292,103963,143203,Paid
101277,46920,114640,Partial
108959,57349,141011,Partial
102661,121690,113722,Partial
100714,79617,49160,Pending
107661,116957,92080,Pending
109464,50472,88369,Pending
108176,71191,104180,Partial
109405,145288,123350,Paid
105414,141418,52436,Paid
105740,136191,62550,Paid
109496,55454,50884,Paid
105712,119586,63904,Pending
101157,42157,11435,Partial
107340,88824,145488,Paid
100330,124721,97093,Pending
106309,89773,59082,Pending
104094,37396,129539,Pending
102881,118161,95366,Pending
102754,82440,84857,Partial
105526,57949,29078,Partial
105087,127005,31233,Pending
103669,100697,26930,Pending
101157,43217,20010,Paid
102898,116448,26188,Pending
103989,136033,135831,Pending
105806,114259,90956,Pending
107595,40718,48450,Partial
107515,59699,127310,Pending
103535,78245,139528,Partial
105558,147919,138880,Partial
109284,110825,91411,Pending
109388,141976,119147,Pending
105775,103945,147662,Partial
102926,111785,114330,Paid
100501,74521,118372,Paid
105183,142660,45640,Partial
106893,41617,15393,Paid
109003,38925,103526,Paid
100109,82887,101336,Pending
108530,47291,56215,Partial
108218,124052,41998,Partial
104784,146861,82179,Pending
107817,144536,48283,Pending
102234,35272,66131,Paid
108781,88200,69570,Paid
103398,37457,46065,Pending
105086,76955,26340,Paid
101598,115189,36782,Pending
103675,88629,145997,Partial
102281,126286,22849,Paid
103109,82967,20991,Partial
104041,118072,68516,Partial
105460,86420,111762,Partial
104705,83259,99950,Partial
101488,80413,116464,Paid
103721,83865,12528,Paid
101862,123126,110250,Pending
100041,88274,98406,Partial
107244,100175,33556,Partial
106434,99725,102116,Paid
100591,139864,69765,Pending
100303,71611,62953,Paid
109734,92170,80957,Paid
104138,60331,123318,Paid
107452,137043,33756,Paid
106652,43913,134096,Partial
101182,120943,123930,Paid
104581,68686,117236,Partial
101128,60112,123834,Pending
105281,39946,139241,Pending
106970,133677,66567,Partial
106717,70682,116029,Partial
108439,127467,59980,Partial
100019,61202,53064,Pending
102949,35432,90950,Pending
100794,38982,69569,Pending
107877,118755,127238,Paid
109791,36067,14417,Partial
108271,126404,60661,Paid
109174,117598,60848,Paid
106703,119860,55940,Partial
103906,115151,26407,Paid
103951,108043,143823,Paid
107372,54238,46142,Pending
103205,69240,138415,Partial
109847,138975,109702,Pending
101120,70237,73209,Pending
103061,94786,141655,Pending
103893,148077,23766,Pending
106963,135541,123508,Pending
109503,37443,92513,Partial
100009,72725,38238,Pending
107609,61419,112600,Paid
105201,71147,49218,Pending
100054,142634,74177,Pending
107660,76506,129260,Paid
103464,83380,117441,Paid
102752,60775,37178,Partial
103641,60422,12442,Pending
104565,64675,50306,Partial
109592,67347,145294,Partial
101333,104722,67382,Partial
101253,118635,88521,Partial
109657,117794,87234,Partial
108312,118994,28065,Partial
101051,74442,127435,Paid
103350,103521,114143,Paid
107020,95728,33372,Partial
101402,120062,113120,Paid
106052,126242,63708,Paid
104279,130897,93600,Paid
109482,45473,68619,Paid
105635,121665,93819,Pending
102967,104985,66122,Pending
106621,132359,48084,Partial
108514,47719,59188,Pending
101311,147872,120441,Partial
102759,124237,146101,Pending
103010,94213,35941,Partial
101228,66046,115418,Partial
107476,90078,139942,Pending
107517,112807,105173,Paid
103327,117201,67113,Partial
105862,105203,100240,Partial
104577,101834,142279,Partial
100133,108244,72681,Paid
109920,108679,62783,Pending
103485,77189,41474,Paid
102018,55058,120579,Pending
107598,90630,105887,Paid
105045,144440,78102,Partial
103123,53482,69694,Paid
100198,43697,74168,Paid
107038,30875,102497,Partial
101386,74737,110279,Partial
105697,79324,101747,Partial
103058,70835,118633,Partial
104778,32413,18273,Pending
107158,108325,105044,Partial
109621,108460,113241,Partial
100750,67908,19261,Paid
104300,38303,84336,Paid
107283,105453,80706,Pending
102819,54566,123021,Partial
106595,133203,53358,Pending
101434,136171,109700,Paid
104964,110370,59499,Partial
100597,122261,106437,Partial
108605,133757,81044,Partial
108955,73912,41750,Paid
100417,105734,142974,Paid
107648,51481,15265,Partial
101339,122982,137229,Pending
102840,123445,125802,Pending
108192,72229,45079,Paid
109248,86838,22586,Paid
104419,124332,142325,Paid
100422,70866,95693,Partial
109137,78723,79956,Pending
109082,125000,59474,Paid
108637,99668,20307,Paid
106071,63568,136389,Paid
105985,62907,13526,Partial
103164,49676,95736,Paid
107411,65490,60095,Partial
101545,59213,40804,Paid
106649,120827,44722,Pending
102771,138269,83677,Paid
109124,93991,68372,Paid
109004,132261,21824,Pending
100888,81318,145475,Paid
107137,110079,131009,Paid
102757,51733,62742,Pending
101088,81787,102128,Pending
101108,100676,118892,Partial
102405,111445,74076,Partial
102117,108541,14021,Partial
105953,98364,48008,Partial
107080,84074,113413,Partial
102769,142315,45016,Paid
103997,142709,134854,Partial
103943,85821,47222,Paid
105445,65272,55583,Partial
105339,64307,102879,Pending
106853,145785,139345,Partial
102345,68805,40245,Paid
105641,73522,15617,Paid
103928,97581,132539,Partial
103581,101612,26047,Partial
100077,65962,59925,Partial
106331,32548,58256,Paid
107654,57271,42463,Paid
108366,56684,80630,Paid
103461,42614,126585,Partial
100046,136063,111075,Pending
101389,144590,112673,Paid
106881,75325,39329,Partial
104517,81196,58946,Pending
105067,84916,120590,Partial
102532,70795,120892,Pending
107262,125216,136849,Partial
105692,122015,142733,Partial
104165,63872,84488,Paid
102566,40174,100694,Paid
102851,133904,40130,Paid
104488,118318,84794,Pending
104890,52004,124709,Pending
107052,81986,36561,Pending
106273,82891,24272,Pending
105501,90692,74289,Paid
104008,64736,88840,Paid
109432,45972,43098,Paid
103774,74611,17765,Partial
100788,122777,70624,Pending
102598,33819,73132,Paid
104219,77183,47007,Paid
105384,144412,89857,Pending
103144,108973,41095,Paid
102661,104970,22156,Partial
106217,133137,54318,Pending
107784,46622,25600,Pending
101476,82158,21422,Pending
104296,80809,143967,Partial
103359,36422,48757,Partial
103405,65765,109785,Paid
101766,77963,28615,Partial
100794,104847,59813,Partial
107064,97238,135265,Partial
104569,140948,40393,Pending
108172,76520,90582,Partial
105959,43637,104805,Paid
104369,143845,35919,Partial
106592,105522,49996,Pending
100222,99286,40356,Paid
101645,147187,138567,Partial
109701,94382,116767,Pending
108541,51337,108202,Pending
106263,87166,73410,Pending
100111,99534,119386,Partial
100190,33592,124154,Pending
100835,68903,32251,Paid
107914,58553,51712,Pending
102373,63042,50717,Partial
106195,81418,38379,Pending
105454,81559,27113,Pending
108262,93220,78726,Paid
105894,57049,17513,Pending
105857,128869,126280,Paid
101026,80048,20170,Pending
107956,119882,60791,Paid
108870,103775,141428,Paid
107775,128901,76780,Pending
100595,70779,115134,Paid
102875,123233,13301,Partial
101359,123480,93357,Pending
102456,136782,142562,Paid
109832,39697,76180,Paid
103121,123737,112773,Paid
104416,144431,41747,Partial
108270,100066,82731,Partial
108886,120383,107297,Pending
101781,62693,65945,Paid
103072,109398,19015,Paid
103961,144958,68351,Paid
107789,35936,26463,Paid
101652,122742,46148,Paid
104403,48587,56304,Paid
100190,70399,29255,Partial
103693,109884,42537,Partial
105383,130643,103513,Pending
102159,96744,141652,Paid
107360,104222,11358,Partial
108353,59206,96183,Partial
109963,44031,73477,Pending
102175,146614,110297,Paid
108498,105571,96310,Partial
108613,147802,57133,Paid
100666,57335,115467,Pending
109111,123807,134818,Partial
102973,120954,104122,Paid
105640,128375,79298,Pending
109345,135053,35152,Pending
107137,115871,108181,Partial
103314,133209,72498,Paid
106132,112935,136730,Paid
100281,56263,76012,Paid
103173,71292,132574,Pending
105424,113461,79823,Pending
103472,133816,116805,Pending
100485,75169,141378,Paid
105997,92981,65625,Partial
103602,113422,35005,Paid
107267,140165,63493,Pending
109275,63588,89171,Paid
107203,62145,57875,Partial
100638,59497,134789,Partial
102740,84964,27446,Paid
109758,47879,104747,Partial
104579,59177,67845,Paid
107698,71524,28252,Pending
103146,144516,68272,Paid
108509,84043,114958,Partial
108837,75091,115380,Paid
109624,92796,12868,Pending
103600,118019,140970,Pending
101833,128310,25307,Paid
108628,108658,19765,Paid
100012,93284,54144,Partial
102485,109167,105654,Pending
107961,90370,84091,Pending
109844,54342,120291,Pending
101598,41778,62127,Paid
103243,93248,130002,Paid
106799,45840,138053,Pending
104012,108287,146899,Pending
107134,140817,146652,Paid
105315,102776,148097,Pending
102440,108991,144416,Partial
109392,69026,32761,Partial
100074,78422,121988,Partial
108397,30243,50625,Partial
105739,78975,63953,Paid
105573,30601,80341,Paid
109789,78452,76799,Pending
109884,36660,61981,Pending
104384,30757,46067,Paid
105903,55253,87208,Partial
109747,74783,80957,Partial
108975,124374,42459,Partial
107019,57023,50462,Partial
109065,147454,128101,Partial
107423,76833,59221,Paid
101228,119824,128768,Paid
105174,40872,15589,Partial
108734,129193,147015,Paid
103490,113737,144391,Partial
102289,142208,113959,Partial
105913,77353,142416,Paid
109576,93701,43315,Partial
103241,81422,90599,Paid
108781,128170,95258,Paid
104001,108462,32221,Partial
105528,100004,83920,Paid
106867,94142,75741,Paid
106035,72513,54033,Pending
106747,124290,101443,Partial
106453,84834,136022,Pending
101727,100918,21958,Paid
109537,67427,113077,Paid
100309,130185,40511,Partial
108678,121405,20616,Pending
108001,130542,86328,Paid
100644,103908,120500,Partial
106125,59821,103930,Paid
104322,73588,14438,Partial
102091,85016,126914,Partial
107277,128693,34707,Partial
105637,42409,28796,Paid
100117,107945,92463,Pending
101909,111094,69989,Partial
106464,59597,43027,Paid
101761,111686,100510,Partial
106221,56725,29665,Partial
107705,46024,127248,Partial
103277,83650,36069,Paid
101306,64695,92959,Paid
109976,142857,146296,Pending
103597,136478,105704,Paid
101538,142623,86988,Paid
102782,40336,81680,Partial
103384,124775,97798,Paid
102650,86411,41316,Partial
100272,31517,70709,Partial
107262,44904,29312,Pending
109103,48749,17535,Pending
104611,52295,143518,Partial
105351,106234,16092,Paid
101802,85831,107167,Pending
105855,62432,136741,Partial
104408,120945,95171,Pending
100358,111891,87987,Pending
109501,94047,54995,Pending
100523,48606,94930,Pending
105619,99380,74774,Paid
102739,47574,140488,Partial
103415,47035,10724,Partial
109234,84736,78216,Pending
100285,49496,103222,Partial
105743,54140,23622,Paid
102752,65576,26341,Pending
109862,84519,79874,Paid
102126,34683,144861,Partial
105074,103268,53748,Paid
109995,114145,30396,Pending
100441,98932,26764,Paid
105939,74331,77213,Paid
107788,98775,116625,Paid
105926,120036,144070,Partial
101127,69603,132511,Pending
109175,127829,13692,Pending
109581,136299,54742,Paid
105629,109065,147567,Pending
101549,31115,146850,Pending
106666,112873,41408,Pending
104211,106499,89483,Partial
106903,36823,91696,Partial
104266,101881,36327,Pending
103932,100599,74018,Paid
107894,65672,127495,Partial
107926,59700,63416,Partial
100736,74383,61848,Paid
106654,149442,18485,Paid
103566,132103,126832,Paid
100991,120636,144875,Pending
106973,39281,58167,Partial
106315,91553,48130,Paid
108922,146099,73502,Pending
100886,85309,42854,Pending
102436,127667,137270,Paid
107124,69984,96224,Pending
108236,147692,118069,Partial
100750,107786,134217,Partial
109274,107833,43335,Pending
102769,124684,135456,Pending
105454,141016,27489,Paid
103150,146548,94998,Partial
102373,89773,113283,Partial
100799,139066,134322,Paid
106328,102421,146959,Partial
104224,43174,43683,Paid
108918,51493,41151,Paid
107742,82862,17367,Partial
102222,140477,131560,Pending
107195,124114,24560,Partial
104894,38688,57158,Partial
100399,133215,80565,Pending
106102,66029,134569,Pending
102970,138434,115517,Pending
109635,80821,77299,Partial
102307,63630,59097,Paid
107502,120627,17309,Paid
101015,132295,114737,Paid
104985,145422,57168,Paid
103141,84655,63136,Pending
102196,74947,21769,Partial
106946,141154,119235,Partial
108004,45681,43789,Paid
102042,75873,28594,Paid
102002,85822,32662,Paid
109157,125961,100379,Paid
103005,107339,44877,Pending
103059,115815,110332,Partial
105592,120539,95717,Paid
103167,88049,28917,Partial
109682,35925,94016,Pending
108439,41961,148729,Paid
108840,104006,140813,Paid
109877,92575,116060,Paid
107923,101365,148423,Paid
107405,100655,59499,Pending
102424,54766,56618,Pending
104797,98985,85268,Paid
105391,45723,81432,Paid
101167,144598,61108,Partial
101517,145637,86242,Partial
105351,59618,100022,Pending
101693,105465,83809,Paid
102582,64745,54018,Partial
108552,70261,50970,Paid
105327,37256,119809,Partial
102645,51215,53609,Partial
106582,31983,117214,Partial
103087,88825,122764,Pending
104344,98883,121471,Paid
103715,142195,119222,Pending
104231,96434,29660,Partial
101033,84659,62628,Pending
109492,96018,23343,Pending
103686,116957,24486,Paid
106972,71697,144001,Paid
101404,43957,58078,Partial
102095,122661,96813,Pending
101247,145900,109417,Paid
109143,52834,76728,Pending
100859,121931,45222,Pending
104354,132011,60279,Paid
102878,53373,143084,Partial
102663,144190,28619,Paid
109519,66382,81242,Partial
105163,30319,32792,Pending
106086,70848,62870,Paid
105361,95513,38814,Partial
101456,88725,126421,Partial
106639,92380,113489,Paid
101220,110455,123812,Partial
108740,134757,50934,Partial
104165,98065,81060,Pending
108584,123172,28722,Pending
100102,126086,73099,Pending
105509,105071,149639,Pending
109052,63604,23134,Partial
102110,61003,66840,Partial
106381,86643,137279,Pending
100530,101533,71821,Paid
102177,50249,122781,Paid
103338,123625,148882,Partial
105202,113757,74009,Paid
109973,56414,104571,Partial
109456,53316,61804,Paid
101503,85687,121651,Partial
105513,48922,48878,Partial
107319,146521,70942,Pending
102838,38623,124376,Pending
106005,51611,36428,Pending
104398,119662,80336,Pending
108400,48233,131815,Paid
108182,34202,104290,Partial
102800,74709,129936,Paid
107380,73270,127011,Pending
107643,120914,132111,Paid
106334,44787,87044,Paid
109325,146783,35609,Partial
101799,133547,125327,Paid
101070,51408,145683,Partial
105761,64776,104892,Paid
109009,50879,14469,Paid
102420,44821,65894,Paid
105421,123989,41561,Paid
101979,59377,115232,Paid
107319,34189,76341,Partial
106110,127654,17945,Pending
105840,86277,48090,Pending
108693,140110,42266,Pending
108685,71914,97884,Paid
107123,112800,121488,Pending
109003,81328,50070,Partial
101301,143088,80269,Partial
107557,74850,138777,Paid
100675,102063,109564,Partial
109505,30488,113617,Pending
108951,82590,75492,Partial
101611,116436,13409,Paid
103448,128602,42082,Paid
102145,113003,56780,Paid
107923,123517,143121,Pending
109096,142658,37954,Paid
107235,112651,106109,Pending
107352,99910,98732,Partial
105205,121561,55027,Partial
103666,65676,95199,Pending
106859,78045,57429,Partial
101883,52790,97110,Pending
101229,74317,18540,Pending
107842,114659,24457,Paid
106965,128535,18646,Partial
108479,105397,27289,Paid
100618,120222,52026,Partial
107707,131789,70360,Paid
109786,93491,125259,Pending
103252,45007,31640,Paid
106854,125687,100059,Partial
102314,120008,113458,Pending
109435,83057,92410,Pending
106481,40876,112577,Pending
101951,134799,79872,Partial
106525,53448,96773,Partial
100293,138562,11667,Paid
106375,34403,62485,Partial
107014,137767,38633,Pending
102246,84595,114935,Paid
108457,77179,120362,Pending
102018,96512,14293,Partial
109295,77269,102761,Partial
109313,35737,96429,Partial
106122,69967,120802,Pending
105395,127832,90341,Partial
109157,149549,51328,Paid
102763,71613,35499,Pending
105217,82780,88245,Pending
106545,55967,34662,Paid
104516,45970,86785,Pending
103346,99382,41884,Partial
104997,120893,137366,Partial
107715,53306,45495,Partial
100532,82845,72033,Partial
100622,93999,56956,Pending
106396,45170,60646,Pending
106367,71293,55354,Pending
100238,105860,142359,Partial
101791,36276,12205,Pending
103494,90101,55509,Partial
102241,30642,130522,Paid
108289,117123,40716,Pending
107193,35895,96023,Paid
108847,132882,59972,Pending
103991,148878,61739,Partial
105127,95781,119079,Partial
105198,90798,74042,Pending
102541,38559,89193,Paid
106971,52446,47816,Paid
105614,33351,51569,Partial
105738,126491,73721,Paid
109143,136477,95841,Partial
103720,146365,140736,Paid
101670,118001,47809,Paid
106020,53555,47152,Paid
104566,111196,15513,Pending
104451,53648,122711,Pending
108444,100407,47932,Pending
106891,104359,100935,Paid
105212,52899,149692,Pending
100032,94594,49053,Partial
100688,143724,36374,Pending
105728,133920,94510,Partial
108111,134206,102375,Partial
105172,116963,113904,Partial
100795,89215,101163,Pending
102072,84413,138110,Partial
109827,102415,117696,Pending
103225,81410,122072,Partial
101808,81601,82322,Paid
107644,48953,77260,Partial
109609,121926,76441,Partial
103149,53580,121182,Paid
108131,47061,112896,Partial
109322,77379,128381,Pending
102458,42057,123774,Paid
100827,46596,73793,Paid
109325,77793,70141,Paid
104644,49461,71810,Pending
109568,83772,88059,Partial
100271,47125,97567,Pending
103161,100546,47521,Pending
107878,59968,138412,Paid
104446,100181,76161,Partial
100269,69223,140072,Pending
108807,124500,90263,Paid
103518,69896,129920,Partial
101875,72927,116748,Partial
109275,95712,123785,Partial
109325,81195,143651,Partial
105495,51491,54551,Paid
104035,114880,114598,Paid
100973,31048,66077,Paid
108133,45407,45677,Pending
105656,114475,90467,Pending
104851,66368,35195,Partial
102509,60636,32598,Pending
103966,35569,15431,Pending
101448,65612,57566,Pending
105581,120521,25158,Paid
100903,130452,103587,Paid
108586,105903,97588,Paid
109870,101880,48098,Pending
108910,141693,81139,Paid
107966,83427,133623,Paid
103999,105865,74275,Pending
106923,117279,37888,Pending
107861,143075,113047,Paid
108411,149159,50427,Partial
104153,79518,32463,Paid
104294,77549,128898,Paid
106664,116412,120480,Paid
103716,52600,47747,Partial
109905,57335,120467,Partial
109186,119139,11303,Partial
100911,91503,127421,Paid
102068,52768,48610,Partial
107834,129345,88048,Paid
107931,112114,88576,Partial
103608,44715,102557,Paid
103180,81498,133648,Partial
109655,67946,11473,Pending
103742,40313,118805,Paid
108382,60330,136146,Paid
102261,51874,145265,Partial
107650,113100,102995,Pending
106336,88091,111508,Pending
109351,103504,103597,Partial
102032,68964,149536,Paid
105414,111939,88743,Partial
104461,102855,115216,Partial
101815,103309,52139,Partial
100648,33856,81358,Partial
100592,49763,82011,Paid
100449,74797,21078,Partial
105858,62060,107521,Pending
100673,142964,81220,Paid
105699,71481,19843,Pending
105495,95222,51152,Partial
103159,113461,67532,Paid
108654,70290,124659,Paid
108736,61273,88426,Pending
108834,135352,35519,Partial
108538,93279,143821,Partial
100596,90092,26084,Paid
101931,48346,100135,Pending
104267,129625,16922,Paid
107380,47436,54462,Partial
104885,115880,101121,Partial
103853,40708,114310,Pending
105428,68120,76383,Paid
100137,32610,10574,Paid
102344,57138,115329,Pending
103965,44819,109608,Paid
105184,31133,96121,Paid
101253,120375,100427,Paid
104431,105823,18775,Partial
102920,128599,25259,Pending
108972,36185,117964,Pending
100385,53320,30643,Partial
108150,110623,49337,Partial
108230,38001,140957,Paid
105306,97827,91763,Pending
103088,128394,31426,Partial
106552,143934,145633,Pending
100414,35549,35740,Paid
104143,40670,61692,Paid
109082,105340,114152,Partial
105624,34814,63026,Pending
100546,53558,140975,Pending
101658,111404,74404,Paid
105403,45411,87213,Pending
108685,144766,124236,Partial
102372,132301,77349,Partial
101547,124183,119232,Partial
104081,99016,117674,Partial
105141,83203,118229,Partial
100730,107584,105957,Paid
102440,132561,120866,Partial
106005,133518,84531,Pending
102426,115150,133838,Partial
100949,75948,81397,Paid
107045,105795,90239,Partial
106650,97956,81358,Paid
108997,60258,46536,Pending
100762,73247,24771,Paid
102239,149052,38379,Paid
101878,137598,65422,Partial
108488,143410,93213,Pending
103489,40231,53705,Paid
100156,98793,112996,Paid
107887,130847,40963,Partial
106717,35834,123425,Paid
108177,38001,126623,Paid
108111,118146,29434,Paid
101483,98925,15628,Pending
103542,102556,78745,Partial
105727,58761,135134,Pending
100381,48402,68256,Paid
108676,75355,39649,Pending
102186,90723,116634,Paid
107082,31246,61904,Paid
108717,50547,145345,Pending
102093,68165,11682,Partial
106816,57132,84705,Partial
104383,65375,96604,Partial
103980,54131,133750,Partial
104474,63222,127352,Partial
100245,52042,114448,Partial
106509,117967,56051,Paid
107422,48638,56021,Paid
100381,139603,118616,Partial
105513,131631,61155,Partial
105618,35204,52818,Paid
105412,54051,36086,Partial
102197,56481,21740,Paid
100553,92629,69738,Paid
109141,81341,106792,Partial
100288,71997,103738,Paid
105181,40730,38866,Pending
103762,114530,15480,Paid
104544,59007,115572,Pending
101493,139769,76223,Partial
109481,126047,136811,Partial
105564,64597,102997,Partial
102232,71037,136721,Partial
103444,49326,84812,Partial
103756,147604,97020,Pending
106988,53724,136536,Paid
100108,48284,38826,Paid
102428,94757,49059,Paid
105958,101391,95682,Pending
103407,85049,47703,Paid
101741,122984,62432,Pending
101342,143488,115809,Partial
107796,40528,85644,Paid
108597,143923,67666,Partial
100764,65130,54445,Partial
101112,44411,139339,Pending
104774,124129,140974,Partial
106880,72417,49974,Paid
100925,146672,101448,Pending
108374,64020,35159,Pending
109727,84406,26334,Partial
109957,130064,146560,Partial
105501,110379,15559,Partial
100411,52469,29951,Pending
109227,50743,149235,Partial
105473,115623,66919,Pending
107272,84436,11935,Pending
108137,77767,106101,Pending
103730,95722,90142,Pending
105366,33110,46513,Partial
108983,34405,49719,Pending
106679,109748,73646,Paid
106250,46856,109480,Paid
105451,115745,80506,Paid
102655,103727,15072,Partial
108575,122292,45238,Partial
101621,107179,99244,Pending
108145,117033,121619,Paid
105056,62412,84904,Partial
109821,44195,68853,Paid
104300,42835,129903,Partial
102096,54116,147953,Paid
109996,121006,94130,Partial
105518,105145,120279,Partial
108532,77390,75578,Paid
107751,140212,29117,Partial
106460,91309,139525,Paid
109366,36722,131342,Partial
103755,65231,111467,Pending
106094,58566,81884,Paid
107797,100019,30737,Pending
103262,102241,137788,Partial
107123,121536,114178,Paid
106082,56078,51684,Paid
101621,121095,22521,Partial
101906,122378,56093,Pending
107902,91608,37766,Pending
106361,94531,67532,Partial
100038,114726,141235,Pending
103808,147992,13899,Paid
102021,128700,52359,Partial
101714,41300,106295,Pending
100108,53086,105533,Paid
103687,34536,113746,Partial
103145,144511,22606,Paid
102887,102734,11178,Pending
107249,107499,50247,Partial
107909,38163,97086,Partial
109886,114299,87467,Partial
100939,89587,46936,Partial
101191,81761,145634,Partial
102020,60825,66542,Pending
100480,38100,63604,Partial
108017,39404,50502,Partial
103056,51614,129542,Paid
109897,32851,51762,Partial
107705,123450,25922,Partial
106984,117225,59249,Pending
101670,71758,83478,Partial
107151,52253,136115,Partial
101971,31862,26910,Partial
109677,141526,74081,Partial
109259,41196,87807,Pending
101876,116471,127748,Pending
103129,146125,126322,Pending
106849,107750,54674,Paid
106265,39016,109906,Pending
104945,30873,81119,Paid
105100,124214,136369,Pending
106247,65790,113817,Pending
104963,74225,120365,Pending
106593,82504,98440,Partial
106451,142646,27532,Paid
100677,129663,11627,Partial
107257,100189,132162,Pending
103195,102945,147771,Pending
108766,60377,116099,Pending
104087,131308,85624,Partial
101357,87654,102857,Pending
109115,54995,134481,Partial
101842,46764,53044,Partial
107459,52052,41213,Partial
103808,73769,26497,Partial
101092,130060,28034,Pending
109591,149145,138785,Partial
107336,117324,35151,Paid
106610,135915,40771,Paid
106049,133533,106657,Pending
101885,91889,37949,Paid
108363,43321,29412,Paid
101993,63436,98678,Partial
108731,72308,111793,Paid
103370,61118,17828,Partial
106666,101877,148088,Pending
101538,84571,123806,Partial
104831,140937,30886,Paid
101348,100721,82027,Partial
105826,43346,89339,Pending
100967,127000,68136,Paid
100137,43387,60028,Pending
101906,103585,61642,Pending
101012,45671,86793,Pending
101740,86826,20126,Paid
100175,132797,60159,Pending
108470,82110,98494,Pending
109074,124793,72991,Pending
103853,91742,22486,Pending
108210,96689,50978,Partial
102561,118934,96344,Pending
100425,129994,146755,Pending
109860,111413,118536,Pending
101745,52251,78967,Partial
104419,119656,126382,Partial
109751,41339,35139,Paid
105423,46917,22969,Pending
107259,91333,90381,Partial
106306,70492,64064,Partial
108119,126010,118281,Partial
100121,65504,36822,Pending
103357,145076,16769,Partial
101650,128643,124362,Partial
105990,67595,101813,Paid
102506,63304,117051,Partial
103377,79948,107779,Paid
103618,55189,105657,Paid
101957,143685,110109,Partial
109437,112088,134843,Partial
104917,140210,49733,Partial
101285,55396,134542,Partial
109411,40510,86358,Paid
103492,60788,120646,Paid
108347,108238,57380,Partial
103418,106406,21368,Pending
101590,87834,95011,Partial
103620,148504,51095,Partial
109061,129927,20809,Partial
108352,72522,79029,Paid
102976,73295,131006,Paid
108281,82003,52691,Partial
107705,99806,58170,Paid
101114,122601,55583,Paid
107508,127288,52621,Pending
100856,48814,36250,Partial
101352,130941,49534,Paid
104239,113190,114978,Partial
102696,40047,47166,Partial
101005,98954,51679,Pending
109472,140129,114578,Paid
107851,108645,66079,Pending
106674,36296,136149,Partial
106621,149897,33912,Paid
109581,86574,114023,Partial
109150,77277,104173,Paid
103156,86943,45192,Paid
107256,50072,94816,Paid
101442,34926,27446,Paid
105418,41785,18220,Partial
103535,93765,75852,Pending
108025,104063,85883,Partial
109606,58889,129038,Partial
107892,85061,25477,Partial
101938,142797,45301,Paid
101689,112986,118147,Partial
108759,68055,49931,Pending
107309,135330,148984,Paid
101080,49328,43748,Partial
104107,50116,73602,Partial
109475,81701,97090,Pending
106001,140643,100738,Pending
105867,86205,92686,Pending
104725,46930,98184,Partial
107245,102852,67800,Partial
103578,35093,24710,Partial
103497,37591,129823,Pending
101073,141038,70185,Paid
102722,62080,59417,Pending
107705,149561,44148,Paid
102881,132371,148034,Partial
100631,87693,72136,Paid
103695,44064,77254,Paid
107656,112289,14360,Paid
100892,109385,145001,Partial
104039,121712,76331,Pending
103915,100608,11137,Partial
106635,134062,79781,Paid
101959,135115,35843,Paid
101112,147169,42595,Paid
108980,84200,25950,Pending
103688,103790,19490,Paid
106625,80750,83947,Paid
104950,123434,116648,Partial
106154,36166,149635,Paid
105603,143458,118013,Partial
101826,56083,133638,Partial
106581,77230,107493,Partial
103296,43005,53475,Paid
105129,123303,70823,Pending
101920,147613,52853,Partial
100317,78661,25349,Paid
103243,47393,14252,Pending
108009,110519,76433,Paid
104656,52241,62067,Pending
104647,138976,81660,Pending
105060,125997,49153,Pending
108185,46274,62837,Pending
107374,96740,27763,Partial
108481,81702,11146,Pending
103118,41924,59032,Paid
104105,121213,113214,Partial
100241,48759,68251,Pending
107770,125687,28297,Partial
102743,143771,105173,Pending
109559,117818,119021,Partial
107334,51804,140525,Paid
106931,95566,56441,Pending
108285,93822,148054,Pending
109860,136702,44979,Partial
102463,49663,39060,Partial
102365,95596,51010,Pending
104200,51422,75537,Paid
101313,117982,31645,Paid
107527,60151,116140,Partial
101470,77170,33845,Partial
102506,48378,58488,Paid
104259,109488,68893,Pending
101811,102777,49383,Partial
108272,100935,77337,Pending
105542,69616,114869,Pending
100265,116493,23251,Pending
107251,145606,70431,Paid
101640,100283,98013,Paid
109499,140669,127184,Pending
107770,75929,135265,Paid
102982,85461,108900,Partial
104795,73221,87792,Partial
108956,111347,85919,Partial
109315,110672,37915,Paid
108963,100986,107961,Pending
109360,103284,113227,Pending
100281,84255,143704,Paid
106501,99386,54176,Partial
106639,140028,69095,Paid
107427,63810,126747,Pending
104740,141436,84196,Paid
107177,53721,144964,Pending
100741,99712,89546,Partial
107024,117867,120408,Partial
108392,119696,109712,Pending
104488,123905,54506,Pending
109712,98809,60723,Pending
105877,55669,75064,Pending
101981,89960,13663,Paid
104038,89299,112172,Paid
103339,137196,115901,Paid
101805,61629,110284,Partial
105142,127785,22653,Paid
103017,137525,71303,Pending
106976,128247,33053,Partial
104676,144435,90926,Pending
105670,115243,75484,Pending
109600,93222,39457,Pending
108217,116171,71415,Partial
107634,73627,102707,Pending
102297,129281,40111,Partial
105625,102947,28579,Partial
101208,88682,18735,Pending
104587,47563,119206,Paid
106659,83621,32116,Partial
101702,100722,103080,Partial
100847,31784,95977,Paid
106004,97301,105440,Partial
106395,143055,119770,Partial
105102,138299,42191,Pending
106063,52497,129692,Paid
109154,94032,120377,Partial
107698,83910,36185,Paid
104892,119878,16726,Paid
108223,51256,90061,Pending
109620,117460,74371,Partial
106672,42252,142302,Partial
101545,118697,113278,Paid
107180,94351,128667,Paid
100105,76383,86951,Pending
104381,59428,35041,Paid
107248,145175,121947,Partial
106468,120317,26513,Pending
108313,127891,73574,Pending
102771,147729,57138,Paid
107028,61674,96971,Paid
107214,123792,114229,Paid
101631,47108,102174,Partial
108172,126952,17439,Partial
104406,59195,50860,Pending
102560,95440,21140,Partial
108090,90133,85269,Pending
106953,132651,133804,Partial
105846,118734,98597,Partial
109184,126472,109617,Partial
105664,80510,63193,Partial
101629,37691,118749,Paid
107475,86838,108682,Partial
102758,100262,134890,Partial
106361,78366,104953,Partial
109208,123346,24667,Pending
107336,96226,61102,Pending
100593,46599,105710,Pending
108505,39281,55396,Pending
107188,90899,133455,Paid
108298,35028,38378,Paid
101552,101934,76572,Paid
106865,119273,50872,Paid
104036,118500,41453,Pending
106984,61440,54825,Paid
107443,144480,128016,Paid
107529,88933,108558,Partial
105271,54191,16876,Pending
103765,48856,51371,Paid
107734,145811,25557,Partial
102415,108029,113845,Paid
106574,64226,30225,Paid
104761,125751,87084,Paid
108671,102094,146573,Paid
104499,79483,89556,Partial
105402,50964,116614,Pending
105160,141089,66058,Partial
106642,33922,53300,Partial
103084,125110,65475,Partial
100454,50785,30958,Pending
109015,52857,20611,Partial
102036,56389,145065,Paid
103674,44877,45421,Partial
105941,146200,21914,Paid
108269,112634,68453,Paid
102867,127161,12110,Partial
106316,140003,107017,Partial
106596,87316,149764,Partial
102835,131241,143194,Pending
106722,73650,74047,Paid
105401,107323,102890,Partial
100381,130423,97267,Paid
102321,120803,23108,Paid
100512,31520,18870,Pending
102720,67153,49413,Partial
104657,52715,125157,Paid
105111,140231,134126,Paid
106028,67833,87582,Paid
105129,60875,49910,Paid
101667,109663,121861,Pending
109935,135913,95520,Partial
104155,85410,76451,Paid
105616,93334,96681,Partial
103228,119998,91094,Paid
107253,134852,22994,Partial
108575,103655,75306,Partial
102074,37505,123644,Pending
104049,82537,101349,Partial
109816,73743,15093,Pending
101294,136708,144648,Pending
103852,88230,132100,Pending
100077,34717,37369,Paid
103611,86823,26609,Pending
100553,139162,102716,Paid
101996,99875,124018,Pending
107208,31035,21748,Partial
106272,47396,39691,Partial
100373,62074,42117,Pending
107063,119055,114077,Pending
101645,59776,82995,Paid
101239,126552,92210,Paid
109352,147656,40577,Pending
104134,34314,66626,Partial
106094,81772,46940,Pending
106743,115601,148253,Partial
100252,83708,49928,Paid
102725,111400,27684,Pending
108026,122507,38490,Pending
101983,142829,126445,Paid
100776,89874,85481,Paid
104860,97935,25553,Partial
105428,147415,126639,Paid
106415,71305,66490,Paid
107315,117873,21944,Pending
101531,133907,36171,Partial
107718,65756,74947,Partial
108714,40759,55175,Partial
107595,137949,90086,Paid
108929,124972,90591,Pending
104642,45464,99130,Partial
101795,126927,40605,Pending
107907,46465,144749,Partial
109941,127183,142392,Pending
104204,71883,109368,Pending
103398,34945,95932,Pending
104756,34636,60726,Paid
101801,90306,127514,Paid
103784,64405,95631,Partial
107300,105909,112483,Partial
109308,31044,117287,Partial
104963,92551,56779,Paid
105955,127480,128644,Paid
104602,118632,61960,Pending
106316,43888,143042,Pending
103106,128470,94663,Pending
106693,96476,27006,Paid
106382,131210,147690,Paid
104612,144771,118752,Partial
102291,135810,65384,Pending
108443,143584,20357,Paid
109199,77430,135864,Partial
109289,69755,28791,Partial
109166,39443,60721,Partial
107359,40518,63200,Paid
100079,110092,145151,Paid
105095,81519,13267,Pending
104623,76585,18135,Partial
102430,60950,42456,Pending
103471,37599,89041,Pending
106654,89213,133229,Paid
105351,50210,62550,Partial
109907,95337,114889,Pending
100783,105573,37785,Paid
104486,132652,53535,Pending
109072,98966,109338,Paid
109669,66033,57470,Partial
108883,139140,60957,Paid
102081,77852,110546,Partial
108117,144412,111112,Partial
101397,90066,42783,Pending
106793,127833,113154,Partial
103549,106018,134973,Partial
109608,110726,51111,Pending
107048,74683,95837,Pending
107718,48764,124040,Paid
103853,79483,27939,Partial
108624,70430,120898,Paid
107483,60758,111746,Pending
103304,100440,48733,Paid
104409,141846,66295,Partial
104652,64273,93074,Partial
108022,130440,105558,Paid
105700,147142,57321,Paid
107983,47257,67113,Partial
102605,147936,99780,Pending
105967,126887,79583,Partial
109840,110844,36238,Paid
100012,35664,14246,Paid
102432,136218,76415,Paid
103076,133074,23729,Partial
100733,86347,128377,Pending
109769,128694,39393,Pending
104850,88442,148514,Paid
107622,106262,85136,Paid
101410,60875,25398,Pending
100395,42093,60295,Pending
108327,43833,95109,Pending
108461,125255,129336,Paid
106446,87132,16436,Paid
102814,144255,99509,Pending
105144,89770,145442,Paid
101408,108877,99505,Partial
100167,126709,29868,Pending
107249,103913,79433,Pending
107011,143421,134194,Pending
107933,98248,50226,Paid
107167,123119,19453,Pending
107751,107806,19209,Partial
107500,49355,93085,Pending
102394,47144,63284,Paid
106634,121904,92631,Partial
107272,70078,18954,Partial
107125,73740,63401,Partial
107571,53060,79975,Paid
104666,43020,79136,Pending
107439,91454,11686,Pending
107861,141885,70328,Paid
103589,48234,17115,Paid
104416,108973,29908,Paid
101842,64854,146098,Paid
106988,113519,78460,Partial
103064,62611,103865,Pending
100288,37042,96495,Pending
108059,143089,123147,Pending
104868,54352,59824,Pending
103100,83422,55780,Pending
109638,71265,105281,Partial
105729,71984,52003,Pending
103548,56725,37296,Partial
102492,43979,20501,Partial
107990,33548,39018,Pending
106138,115845,26414,Paid
107279,115282,110127,Pending
105590,94556,61913,Pending
102136,63461,105536,Paid
105013,113320,125501,Partial
102562,64137,104137,Partial
107499,84678,137439,Pending
109289,72394,72921,Partial
102768,87256,24936,Paid
104050,107816,76909,Pending
103061,85487,85539,Pending
108522,147022,89463,Pending
107124,88221,123633,Pending
103041,129126,80569,Partial
105890,74987,78285,Pending
103428,50666,124088,Partial
107994,105786,127740,Pending
101402,74947,71784,Pending
100119,35878,27075,Paid
101847,145164,139582,Partial
100512,139863,107563,Pending
104928,48910,46107,Partial
100021,74597,39244,Pending
107609,54021,19326,Partial
106092,98302,40706,Pending
105228,145111,120172,Partial
101266,74456,69393,Pending
106382,79456,125186,Pending
103010,117458,73873,Pending
100692,134154,26095,Pending
105981,127554,53142,Partial
105522,137965,35730,Pending
103492,146506,55469,Pending
101583,33767,101442,Pending
105240,32746,11891,Paid
109779,60486,34614,Paid
106256,149436,11628,Paid
106412,89099,19378,Pending
104166,71900,43796,Partial
107168,83239,104146,Paid
100143,53083,14392,Partial
109485,41018,63356,Pending
101087,42866,59877,Pending
107928,45980,66082,Paid
108390,95225,148454,Partial
107983,99702,47235,Paid
105289,115243,84334,Pending
106298,92680,134676,Partial
104475,90713,110291,Paid
102740,54240,135301,Paid
104002,89843,71021,Paid
108091,107746,94997,Partial
108523,138826,49597,Paid
105255,119621,99943,Pending
101875,35213,148264,Paid
106695,89731,124500,Pending
106059,59807,83724,Partial
107778,36250,31495,Paid
109274,139357,124451,Pending
109334,102893,58878,Pending
106069,73946,36152,Pending
105086,116320,25565,Paid
105801,120348,18720,Partial
101309,145363,24076,Pending
104570,87737,92061,Pending
103211,83843,140603,Partial
103328,114781,143794,Pending
101523,47900,137261,Partial
100391,110661,101981,Pending
109296,113893,16424,Paid
101298,50372,104321,Partial
106592,136359,33743,Partial
103494,144758,96621,Paid
102730,104966,89323,Paid
102957,132418,70885,Partial
107907,118343,90249,Partial
103839,42024,134361,Pending
107388,63469,53521,Paid
104517,89328,25602,Pending
108739,122067,91584,Pending
105735,76501,68341,Pending
100255,90169,16695,Partial
108450,107673,26475,Paid
101921,106042,118180,Pending
101757,39451,47566,Paid
100192,64582,69208,Pending
104909,132122,87174,Pending
101222,63820,122057,Paid
105888,132209,39738,Pending
109089,145081,29905,Partial
102002,81464,27878,Paid
103253,103913,46017,Paid
104395,55881,53821,Paid
108924,106289,70541,Paid
108443,52269,16455,Paid
108937,114190,35343,Partial
104515,137112,23003,Pending
106268,70504,27335,Partial
104595,107060,17305,Pending
105628,51461,101444,Paid
109823,32718,70813,Pending
101182,45368,53346,Partial
103384,99025,71726,Pending
107776,96781,58304,Paid
109442,130375,77802,Partial
106390,138707,42039,Paid
102039,113516,20180,Pending
109459,71372,103103,Paid
101851,76285,35356,Paid
109370,92647,82772,Paid
102811,130431,78128,Pending
105470,86726,114518,Paid
101370,120608,121984,Paid
109310,62936,65913,Partial
107743,39775,148092,Partial
103126,133984,41094,Paid
106017,141026,62048,Paid
108879,109554,121179,Partial
106934,133425,56304,Pending
101083,100544,137044,Paid
101251,106636,55110,Partial
108874,90432,31565,Paid
102314,31932,119024,Pending
107479,102031,72204,Pending
106441,148742,137974,Paid
104600,131466,143388,Paid
108221,38046,26600,Partial
104492,92254,63500,Paid
102725,118559,39307,Pending
107016,89139,99213,Paid
108555,134550,34632,Partial
100585,88650,126905,Partial
109905,41767,126269,Pending
104418,91963,29174,Paid
102666,104259,67085,Partial
104735,136265,134342,Paid
104273,90959,21503,Paid
104428,60959,11439,Pending
104110,135752,49567,Partial
109733,119731,88063,Partial
106372,43722,107697,Partial
106777,65875,36199,Pending
104084,112994,15682,Partial
107759,78346,47741,Pending
102898,73558,114003,Paid
103688,106912,139962,Partial
106622,56430,47915,Paid
107121,34995,115575,Paid
104436,136632,116463,Paid
105023,47738,78434,Paid
106771,143890,80561,Pending
103913,89319,18747,Paid
108391,82393,42174,Paid
106763,100216,63478,Partial
103415,32701,47401,Partial
101935,148513,97959,Partial
105852,62929,17223,Pending
104409,84085,140166,Paid
105844,123624,43386,Partial
107705,54392,105115,Partial
109698,96562,113304,Partial
109453,110840,25570,Partial
101296,129747,15157,Pending
109686,53385,148243,Pending
108628,111551,47558,Paid
101038,109559,40401,Pending
105668,126482,25825,Paid
103422,103723,128299,Partial
103545,89956,143556,Partial
101724,87308,135291,Pending
108539,133149,114606,Paid
106028,105137,101056,Partial
109262,101067,28437,Paid
100490,116830,144374,Paid
103340,140321,137623,Partial
102899,76007,102509,Partial
101929,116505,29613,Paid
103550,58864,148807,Paid
103018,137467,30222,Paid
100845,127639,105987,Paid
106342,86478,132510,Partial
102891,47580,39480,Paid
102550,54625,141685,Pending
108073,136628,126082,Pending
109549,89623,27034,Paid
108695,102382,79086,Pending
104815,60125,56837,Partial
106143,83025,122994,Paid
109013,60647,22861,Paid
103868,34875,13643,Paid
109677,114365,122630,Partial
109255,98233,78854,Partial
104706,49429,109721,Partial
103977,31393,98433,Paid
109088,35698,109611,Paid
102009,126920,140837,Paid
104699,91505,97574,Partial
100869,129884,84192,Pending
101925,127037,88596,Paid
104989,113053,18721,Partial
104018,77889,122416,Paid
105845,131981,149247,Partial
106066,61575,66298,Partial
106120,32701,43015,Pending
106199,134330,54941,Pending
106491,140158,69449,Pending
108562,113326,25462,Pending
106987,109096,21438,Paid
102884,40202,134728,Partial
101284,106842,149598,Pending
108283,82433,43917,Partial
109820,129373,15517,Paid
109070,124934,97502,Partial
103669,134702,112803,Partial
106456,53851,68062,Pending
103557,147111,61781,Paid
107632,122128,75398,Partial
100122,31192,121161,Pending
109146,41795,95604,Paid
109920,76922,97710,Pending
105404,35077,123705,Paid
102194,60445,56061,Partial
102054,112624,15081,Paid
106698,85283,109022,Paid
108058,93394,41796,Partial
106111,107987,91097,Partial
107833,55464,29324,Pending
100871,84027,99309,Pending
107490,41851,113256,Partial
107703,135878,135834,Pending
104271,32512,73424,Partial
102670,84379,118958,Paid
104830,119214,78256,Partial
107247,41800,127042,Paid
102659,32393,86186,Pending
106459,70366,93184,Pending
101979,140204,137993,Paid
100288,94909,102594,Pending
105126,87537,131454,Paid
108955,70788,130075,Pending
100402,47949,25338,Pending
100143,87444,79623,Partial
108054,48179,67250,Pending
100241,104408,123888,Partial
101397,125552,91069,Paid
103153,101508,138720,Pending
109706,129140,122143,Partial
109641,47926,88395,Paid
107961,122049,109293,Pending
103625,106478,72986,Pending
109087,82692,121339,Partial
101019,40257,87767,Partial
100602,88511,60828,Paid
102165,87678,138848,Paid
101898,44864,31761,Pending
107665,49742,52221,Paid
108836,39768,103274,Pending
109910,119013,16657,Partial
100050,144963,53677,Partial
105269,132944,96380,Partial
105235,134984,81341,Paid
100410,35619,133890,Paid
104637,45886,26162,Paid
100210,91583,77300,Paid
105780,88106,44313,Paid
101096,71698,55264,Pending
103310,123039,102877,Pending
103902,143952,50780,Pending
100862,67958,75422,Pending
100802,92103,50048,Paid
107946,64429,100342,Paid
101205,74911,54266,Partial
107768,129481,125656,Partial
109168,67141,93864,Pending
109353,63750,135259,Paid
107469,136850,77447,Pending
105166,86528,50998,Paid
101821,140917,23758,Paid
106224,34173,56668,Paid
107653,103889,130185,Pending
103763,100690,12549,Pending
108599,62139,26509,Paid
108990,144744,52664,Pending
107379,117428,21578,Paid
109349,74753,78440,Paid
105866,140251,109179,Pending
107326,140368,96397,Paid
109304,120384,24370,Partial
104329,101075,139755,Partial
109853,85980,105463,Paid
107623,136731,124911,Paid
104851,69055,147050,Pending
101164,149935,56738,Partial
105456,95854,45168,Partial
107822,143406,101381,Paid
108727,121858,146032,Paid
105068,144976,61432,Pending
102949,132300,45624,Pending
106457,119430,115269,Partial
107686,34651,111810,Pending
100359,136298,80984,Pending
105111,65306,93146,Paid
102151,56139,53418,Pending
108170,86522,46594,Paid
109849,34273,119141,Partial
102806,103249,54174,Partial
106455,58668,122630,Pending
108988,70507,33648,Pending
103154,125352,83952,Paid
104443,60066,77450,Paid
102343,93928,126085,Pending
100213,73882,138191,Paid
102347,125901,135342,Partial
108239,146218,145410,Partial
109621,140414,57755,Partial
102067,134686,70826,Pending
101874,49930,30475,Partial
103006,108492,67757,Pending
106153,33427,130109,Pending
103749,119780,140570,Pending
105183,111308,97204,Pending
107022,135506,140099,Paid
100509,38568,89025,Paid
105756,131894,112126,Paid
109196,113196,15984,Partial
102405,147975,127002,Pending
108445,99496,52524,Partial
100799,101961,140070,Pending
103825,77577,42657,Pending
107292,93324,126285,Paid
108836,147845,16210,Paid
106959,48505,18014,Paid
108861,139177,122971,Paid
105809,113282,20264,Paid
100130,59263,124311,Pending
109227,99968,87851,Pending
105531,104932,42735,Pending
107296,95697,90116,Pending
105477,61912,144097,Pending
105645,51539,66876,Pending
101416,111030,106719,Pending
103616,31510,97506,Pending
101007,52447,66146,Partial
105555,129142,28610,Paid
106766,104310,81386,Partial
104506,102987,94727,Partial
104935,31895,59843,Paid
100452,58003,107457,Paid
101157,56316,137073,Partial
104199,148724,97035,Paid
100811,42311,21753,Partial
102829,35960,11072,Paid
102706,78746,115554,Partial
104022,130976,32176,Pending
103989,63252,108044,Pending
101242,61253,132611,Partial
107911,43642,103963,Partial
102957,95789,131247,Partial
101144,36173,105674,Paid
107863,134173,71588,Paid
106406,52682,16140,Pending
106870,50643,137845,Paid
108046,149564,132444,Partial
101826,91696,138931,Partial
106325,120479,27527,Paid
108407,130580,20518,Partial
104454,38249,110312,Pending
104147,148185,17374,Paid
109620,36069,80455,Partial
109471,111348,62814,Paid
100467,87740,118474,Partial
103319,125887,12730,Partial
107495,71315,135573,Pending
100204,64805,62179,Partial
106333,76623,145896,Paid
106371,70784,47944,Partial
107082,40719,31674,Partial
102388,98974,116541,Partial
108830,120836,20948,Pending
109573,145555,70899,Partial
106449,133692,137788,Paid
100634,47573,45350,Pending
101266,70295,48229,Partial
105713,129663,96272,Pending
105211,109874,143605,Pending
107137,127740,10661,Partial
106654,49765,61791,Pending
106556,39669,49649,Partial
104407,92771,25395,Partial
101492,149744,49776,Pending
107396,90219,18138,Partial
108673,80573,33310,Partial
103506,66215,149355,Partial
109471,53103,143717,Pending
104959,115069,119092,Paid
107395,75593,51287,Partial
108417,69992,50842,Paid
108851,148988,36897,Partial
106475,51572,72816,Paid
104893,102895,40755,Partial
101589,48432,129611,Partial
104744,135514,68001,Paid
100248,38600,129730,Pending
108164,102970,51919,Partial
102395,144070,40338,Partial
101009,34039,37933,Pending
104992,145264,87238,Paid
105383,38659,46891,Paid
105567,35282,116069,Paid
101616,114436,147566,Paid
103988,56906,119839,Paid
106915,58287,136326,Partial
100123,101456,145273,Pending
104249,49845,59904,Paid
101174,119049,103295,Paid
100283,75171,51129,Partial
104674,134064,25198,Paid
107937,60740,107547,Pending
100251,73183,66141,Pending
102390,90617,107537,Partial
104528,89808,128614,Partial
108938,99927,61612,Paid
108795,96810,79474,Pending
106030,121660,113895,Paid
100421,67964,17817,Pending
104633,47102,144783,Pending
101681,32341,129636,Paid
107993,145885,56879,Paid
100442,74738,147457,Paid
106318,114022,79956,Pending
103256,136630,113128,Paid
107515,102941,94568,Pending
109245,130174,149571,Pending
107961,133995,119860,Partial
107032,30217,122685,Pending
106830,85798,113669,Partial
109653,111634,71738,Paid
102389,143830,10167,Pending
100668,102927,126944,Pending
104212,65225,59794,Partial
105894,36700,43492,Partial
108163,137915,78109,Pending
102052,125562,22906,Partial
101579,91364,11413,Pending
107691,61146,92038,Paid
108404,101095,10111,Partial
105448,124567,87862,Partial
106760,141555,149942,Paid
109718,124432,54809,Partial
105549,94412,128726,Partial
107393,139548,77817,Pending
100842,133720,27927,Paid
103373,38069,97128,Partial
103287,30009,49259,Paid
108785,69174,15347,Partial
109502,32991,88060,Pending
102234,122275,30007,Pending
103802,87934,86623,Partial
108052,69704,80619,Pending
105958,56380,92049,Pending
108816,63098,134696,Partial
101617,91461,110073,Pending
105539,124146,135209,Paid
106436,62854,121673,Pending
109679,142158,70959,Pending
104136,106711,80014,Pending
103609,115000,133231,Partial
104216,81715,109015,Paid
101695,112000,89955,Paid
105085,100567,45550,Pending
104996,68639,33056,Paid
104362,72316,110777,Pending
108675,104061,112630,Pending
105136,67837,82376,Partial
109313,59835,92610,Pending
107373,104626,43302,Pending
104016,56713,49813,Paid
105011,31110,26160,Partial
108795,51652,90756,Partial
109878,112330,16779,Pending
102025,99879,24879,Pending
105010,79868,88143,Paid
103743,64019,130850,Partial
105177,127109,127881,Paid
106879,45948,127271,Pending
109988,105901,57225,Paid
101176,92537,104209,Partial
100523,40076,135840,Pending
101987,64609,22162,Partial
101651,96243,44454,Paid
103877,114643,142556,Partial
104723,42358,93652,Pending
103694,50593,54924,Paid
101046,117885,57959,Pending
107695,117902,72354,Paid
108636,39698,24838,Paid
103167,113766,68156,Pending
100764,59103,115548,Partial
106247,102391,16888,Partial
100518,33499,12738,Paid
107342,53064,124423,Partial
106487,138621,11077,Partial
108700,39488,108631,Paid
105564,127359,74570,Pending
102485,87489,67515,Paid
106778,107322,149601,Paid
106651,71806,49973,Partial
100683,68771,97411,Paid
101512,75222,20449,Pending
107016,111148,105670,Partial
100225,98881,87915,Pending
104397,141435,85648,Pending
107430,121372,99983,Pending
109572,113805,64235,Partial
105693,148052,25495,Partial
106616,50986,103491,Paid
106096,143076,111162,Partial
108213,84098,77151,Pending
103402,146554,79166,Pending
100269,34239,106776,Paid
103823,94959,37040,Pending
108062,78133,111947,Paid
102870,107781,146833,Paid
102426,126457,148591,Paid
102374,49781,103651,Partial
105505,136724,42879,Partial
105919,93612,11265,Pending
108850,47254,42523,Pending
106300,33382,18696,Pending
103686,60727,99559,Paid
107162,77736,92558,Paid
103507,108601,56252,Partial
108902,31590,38666,Partial
107876,58911,29843,Pending
102569,132891,65659,Paid
102179,72767,59424,Paid
101686,50793,64366,Partial
104959,116076,65959,Partial
103426,143634,16491,Partial
108836,48434,109066,Partial
106955,105905,65079,Partial
107989,71518,100336,Pending
106969,126804,94776,Partial
106476,31855,101513,Partial
107489,142510,117266,Pending
106616,140897,55867,Partial
105558,80846,81237,Pending
105287,122525,52564,Paid
102339,46105,50304,Pending
105196,140375,106068,Partial
103434,75398,78400,Paid
102754,145116,35846,Partial
108373,74318,48248,Pending
105460,74357,17616,Paid
104444,97377,66982,Paid
104909,127145,70467,Pending
108102,93474,76779,Partial
105487,143253,21665,Partial
104773,113344,37054,Pending
103306,97434,148113,Paid
107287,131321,20548,Pending
109105,109461,29220,Partial
109589,129947,108234,Partial
102610,139515,46727,Paid
103475,60417,109662,Pending
107191,104754,93872,Pending
105636,84709,49111,Pending
101313,135656,127130,Paid
106780,95541,127005,Partial
107470,117863,53795,Paid
104683,138171,120386,Pending
105785,109421,107067,Pending
106021,36844,64344,Paid
103205,56920,89837,Paid
108594,57039,69008,Pending
104575,52068,98388,Paid
108269,117135,25935,Paid
107863,127330,135102,Pending
102346,124333,85613,Paid
103095,43851,80300,Paid
105123,98450,69555,Pending
107098,34409,36595,Pending
105438,128262,65453,Pending
107597,55353,27741,Pending
104046,138653,83558,Paid
107554,88858,45500,Partial
104551,111723,12597,Pending
103861,87535,29783,Partial
101044,119347,113682,Pending
104646,148706,36687,Paid
105560,107011,115368,Pending
102301,45084,33300,Partial
107317,114385,122590,Partial
105241,118827,15124,Pending
100033,96434,90003,Paid
105817,135419,44737,Paid
106421,40691,66759,Paid
101807,79250,88425,Paid
102368,90474,46698,Paid
107137,39625,57026,Partial
107215,33894,21482,Paid
106307,44323,104835,Pending
104763,75085,50334,Partial
102113,116477,25049,Paid
102426,103627,101575,Partial
107507,31427,140309,Paid
108925,83954,68199,Paid
106614,96245,87837,Pending
107180,50557,80996,Paid
106736,88892,80431,Pending
102969,101834,94052,Pending
103932,59386,109098,Partial
102802,92729,143603,Paid
109847,83793,99638,Paid
101484,113931,32258,Paid
102926,38118,115416,Pending
106542,70479,81911,Paid
103652,121779,13342,Partial
101101,54424,114150,Partial
102521,64145,107432,Pending
109273,98345,50423,Paid
103533,138175,132397,Paid
100081,103996,124662,Paid
101014,139960,119980,Paid
107199,71131,102189,Paid
107750,149200,97338,Pending
105593,132681,36404,Paid
104124,113223,26697,Partial
107215,110209,51539,Pending
109315,133992,93002,Pending
101346,85716,29410,Pending
105382,93114,130241,Pending
101560,127883,112510,Paid
109510,145667,79019,Pending
101519,81246,118603,Paid
105075,138295,70075,Paid
100021,75959,20232,Partial
105139,77976,54373,Pending
107087,49615,126378,Partial
108146,138530,60607,Pending
101966,147976,18465,Partial
103408,66560,122605,Pending
102705,94059,110612,Partial
100767,134086,65029,Paid
103313,52169,113238,Partial
101339,146908,22663,Paid
104340,118121,20392,Paid
109482,125295,15562,Partial
105217,109085,65394,Partial
106573,129994,65901,Partial
101153,137300,67415,Paid
104870,149032,16721,Partial
108513,72030,82797,Partial
102671,141735,52774,Paid
101722,56188,120867,Pending
105693,88076,89809,Pending
108395,103535,117303,Paid
106295,122463,77990,Paid
109251,91745,41833,Pending
102798,113652,98242,Paid
101347,33953,59001,Paid
106260,134200,123515,Partial
108302,93598,100270,Paid
104141,47428,102427,Partial
106743,64633,99111,Partial
101457,90960,40099,Paid
100806,114937,65375,Partial
105814,49164,36678,Paid
105080,111914,132910,Partial
104632,48019,95188,Pending
103304,95300,50371,Pending
105801,68105,99610,Paid
107157,110930,62908,Paid
102290,114293,15732,Paid
100077,82965,124450,Pending
104778,38509,85915,Pending
107746,67317,64597,Partial
104797,102518,96947,Pending
102061,94780,20541,Partial
105105,71925,43201,Partial
107255,95453,138067,Pending
103771,85561,53447,Paid
105935,105476,89078,Partial
104332,61814,99743,Paid
104030,57957,71055,Paid
100813,70455,55203,Paid
104792,121135,19729,Paid
104128,56732,71436,Pending
102569,50820,120253,Pending
108541,80274,92894,Pending
100444,131583,95413,Paid
109812,122417,145938,Partial
107848,81927,63210,Paid
101353,124919,70655,Pending
101498,63266,36932,Pending
102709,39195,93281,Paid
102952,125680,146678,Paid
109157,77409,78118,Partial
101264,70403,139255,Partial
107590,31602,82897,Pending
108728,81631,133071,Paid
105041,52550,25237,Pending
103695,132539,136462,Partial
104681,81139,60355,Partial
108712,55763,26843,Partial
108387,108784,141128,Pending
100709,47718,79332,Paid
108566,99468,86080,Paid
106762,97904,76223,Pending
101387,57250,87616,Pending
104941,141182,105407,Pending
109420,30360,145988,Pending
100091,146952,99133,Partial
106195,76165,35578,Pending
109315,96914,57817,Paid
104130,88770,13661,Pending
102302,65388,64028,Partial
105013,96440,39840,Partial
105255,104950,16029,Pending
100607,143649,125677,Paid
109746,122411,72604,Paid
105875,43196,99323,Partial
104373,128206,135613,Partial
109160,30368,91460,Paid
103114,63257,101214,Partial
104193,88536,111203,Paid
108667,114471,59216,Pending
105567,49040,25832,Partial
101781,146227,107024,Pending
101701,89920,65817,Paid
107657,56569,99395,Paid
103908,77159,40325,Pending
107457,99221,65550,Pending
107840,104169,25240,Partial
100517,59507,15681,Paid
102355,141733,112333,Partial
100279,134152,63686,Pending
107573,75778,133006,Paid
105187,128111,64228,Paid
105913,111132,41323,Partial
100471,127248,148425,Pending
103974,115521,113275,Partial
104794,62781,61626,Partial
105910,134117,114129,Paid
106473,137064,49386,Paid
103526,56727,40104,Partial
103574,60458,135855,Pending
103379,72095,30944,Paid
107219,93429,56315,Pending
102231,148053,40027,Pending
105764,113834,99151,Partial
107467,35609,108471,Paid
105976,49167,37552,Paid
105880,146047,21751,Pending
105147,58585,113474,Paid
102124,37667,47434,Paid
103274,135590,91486,Paid
106659,137425,42497,Paid
109159,92048,117105,Pending
107879,72314,17114,Partial
107208,92675,141199,Pending
101300,32390,90054,Paid
104265,83024,31157,Paid
106630,99106,35372,Pending
101495,45983,39316,Paid
109067,110288,129160,Partial
101549,41381,67645,Pending
104545,124966,16080,Pending
108303,67014,19444,Paid
109402,65811,118583,Paid
108233,96457,38343,Pending
105413,32381,148826,Paid
102654,137481,101047,Partial
100465,78945,13846,Partial
101464,75596,26806,Pending
104245,106225,30938,Partial
103733,113192,57671,Partial
101389,120998,125519,Pending
105142,137104,12954,Partial
105322,38555,29252,Pending
107237,35202,62546,Paid
101921,142202,33642,Partial
108436,95119,123884,Pending
103306,67941,129309,Pending
102740,41731,111397,Paid
101134,67002,34201,Pending
108703,30672,59902,Paid
105844,51276,81375,Paid
105078,33448,132646,Partial
105705,51936,69431,Paid
105715,30113,69894,Pending
103415,40580,141936,Partial
107292,82382,99951,Partial
103971,33411,41107,Pending
108611,52038,17247,Pending
104912,45843,144551,Paid
102395,79164,109648,Partial
102164,74213,125014,Pending
103856,141158,27278,Paid
102779,134099,138531,Paid
104823,53867,144296,Partial
101398,43345,143232,Partial
106677,143327,16368,Pending
103793,148109,56036,Paid
107603,93349,45808,Partial
102701,121547,71258,Paid
103748,63132,51176,Pending
109513,61342,88606,Partial
101149,38517,39113,Paid
100884,89944,52110,Partial
108700,48991,55208,Partial
101204,78562,108607,Paid
102762,124964,138630,Partial
100724,89224,108087,Partial
109665,136392,26254,Paid
105557,31018,29914,Pending
108665,125733,10841,Partial
105481,136544,18115,Paid
101304,137339,41388,Paid
107049,131819,34242,Partial
107863,126688,74761,Partial
104984,58641,53354,Paid
107898,43662,11614,Pending
102743,74988,16122,Paid
103871,135076,47627,Partial
107645,80682,121923,Paid
102869,128446,133099,Partial
107003,39302,127371,Paid
104301,48279,105994,Partial
106060,136971,140400,Pending
109612,121865,66715,Paid
106890,109394,27073,Paid
100576,101974,45632,Partial
105467,80391,76533,Paid
101509,146708,143499,Pending
108167,73391,46635,Pending
109851,131636,112027,Paid
106746,98150,149341,Paid
101482,46113,40243,Paid
105596,54531,64908,Paid
107959,56038,41911,Pending
103474,54168,40251,Paid
101778,149474,56180,Pending
102867,128757,33184,Pending
108660,122716,15137,Pending
103087,128961,29927,Partial
103045,145628,59957,Pending
108263,93001,120916,Partial
102077,62723,71243,Paid
107858,111273,42396,Paid
102360,53953,123605,Pending
108161,77857,129008,Pending
105850,67817,11183,Pending
101827,91585,131342,Partial
103441,108643,80858,Pending
108225,136671,112963,Partial
109821,30064,138227,Pending
109000,138399,62229,Partial
106053,39686,130397,Partial
100922,79167,136008,Paid
107124,71575,26379,Paid
105364,112890,32540,Paid
108935,63446,115816,Paid
108887,86313,13353,Pending
109437,146000,126745,Paid
108173,49287,36853,Partial
107283,50532,118520,Partial
106514,139805,53617,Paid
108328,130293,134920,Paid
106198,88791,69886,Paid
104849,39467,15802,Pending
109006,69734,15338,Pending
106019,81107,29163,Partial
107210,84682,31303,Paid
101424,74144,31881,Pending
101983,105336,131787,Partial
107453,89029,116056,Paid
101643,100601,89758,Paid
100766,34594,103508,Pending
109126,43719,132600,Partial
105005,67653,147889,Pending
108700,121154,55094,Paid
103291,117539,14165,Partial
105821,111018,44806,Pending
103105,35156,43057,Pending
102013,102736,100371,Paid
104357,121588,97663,Paid
106081,109990,45371,Paid
105025,133071,47457,Pending
103600,75730,123875,Partial
104730,39982,18474,Paid
101973,121709,18396,Partial
101775,48760,36372,Pending
107877,141956,120204,Pending
104842,81822,104640,Paid
107602,62337,113632,Partial
107167,133861,112494,Paid
103418,93353,133742,Pending
107453,121357,81075,Pending
109544,137737,50649,Pending
108251,86697,40563,Paid
100658,78419,58110,Paid
101233,113692,71365,Paid
109904,39188,60300,Pending
104300,127754,67157,Paid
100923,119789,27686,Partial
109461,38251,72512,Paid
104439,105203,76284,Paid
103694,142257,18698,Pending
101277,114936,94273,Paid
104455,37190,38883,Paid
100589,93988,40522,Paid
107739,102093,145157,Pending
104545,61685,10033,Pending
109949,120330,40043,Paid
106489,89223,114148,Pending
100968,126412,107083,Paid
105194,134341,38523,Partial
105107,96943,145414,Paid
102809,60657,99069,Partial
104758,104762,43066,Partial
106225,51670,139105,Partial
101760,32852,62914,Paid
102521,57594,30899,Paid
103156,44605,60514,Pending
102619,44058,21583,Pending
105273,30812,10992,Partial
109816,61088,19793,Pending
108467,74449,13848,Partial
104435,57496,135637,Paid
104803,126839,96056,Partial
108487,58448,101777,Paid
100775,134496,118689,Pending
102469,108347,147829,Partial
105390,97035,120483,Paid
107363,144623,92848,Paid
107548,143321,40214,Paid
106582,112250,52728,Partial
100918,42379,119048,Paid
108406,30855,65984,Paid
108940,122789,52578,Paid
106970,68574,118629,Partial
104120,117190,94436,Partial
100658,91472,112164,Paid
100630,126121,109143,Partial
101543,145336,105056,Paid
105035,142728,28084,Pending
106394,117779,115774,Paid
101619,147691,18896,Paid
107553,48629,44680,Partial
100143,58639,115907,Paid
108271,82131,57065,Paid
109437,79758,64046,Partial
105405,117249,128265,Paid
103861,80508,62734,Pending
103952,108034,41736,Pending
107389,36197,54134,Partial
104332,137228,44790,Pending
106268,79360,57758,Paid
107117,72373,114272,Pending
103680,106231,145502,Partial
101122,96526,130586,Paid
109399,33682,103223,Paid
104020,91269,110797,Partial
101359,76615,110313,Paid
107593,73355,67997,Pending
103580,35152,55674,Partial
108723,64446,82493,Pending
106389,130796,149473,Pending
105016,143487,110611,Partial
104199,108692,110718,Partial
108724,112745,43294,Partial
108415,122693,112750,Partial
104600,80385,34497,Paid
109796,88903,141142,Pending
108414,106354,56466,Pending
106558,133005,110981,Partial
106780,87388,145683,Paid
106003,104758,58453,Paid
107110,138259,14794,Partial
109336,123334,53408,Pending
104960,88770,23811,Paid
103802,122954,37043,Paid
107235,86201,22429,Paid
102698,58950,87621,Paid
109374,114510,118441,Paid
103203,47012,18467,Paid
105353,45922,73426,Partial
101841,37295,14659,Paid
100182,81599,91968,Partial
109407,58098,35776,Pending
104587,87999,126247,Partial
101898,146180,147854,Paid
105735,74407,89740,Paid
107338,97278,129872,Paid
105449,142764,67040,Paid
107266,80824,100157,Partial
108998,79668,33636,Pending
109077,117441,101735,Partial
102280,99002,146767,Pending
100929,134788,73473,Paid
107559,136453,126811,Pending
109288,131263,115297,Pending
106312,136191,45781,Paid
103336,69845,17482,Paid
109201,49500,127195,Paid
109959,47496,105250,Paid
101148,141099,111165,Partial
101256,112035,96268,Pending
109502,71164,10814,Partial
104351,98178,71052,Partial
103475,76401,25814,Paid
106918,89518,93669,Pending
107675,134136,15746,Paid
109806,90875,50968,Pending
104645,102621,42740,Paid
102047,72187,86476,Paid
107076,101187,33867,Partial
106759,79936,20920,Paid
106695,120088,77292,Partial
107413,52614,113498,Pending
109102,131000,49297,Partial
103724,97601,10504,Paid
103259,53452,61207,Pending
106070,99119,30784,Pending
108535,109887,114474,Pending
104673,115259,37907,Pending
104522,130130,72046,Partial
102947,59842,52966,Partial
104278,137766,22196,Partial
104955,131276,18564,Pending
102761,130421,142021,Pending
105585,88547,136530,Pending
108304,146808,37354,Pending
108374,64212,115047,Pending
100260,74463,140100,Partial
106372,44976,110748,Pending
107783,138285,79719,Paid
103029,83748,88730,Partial
103094,89358,37098,Partial
105133,79563,101088,Pending
103904,144533,86492,Paid
106724,55474,80895,Pending
103907,108221,70275,Paid
105356,91041,38936,Partial
102241,108926,50662,Paid
107393,106963,115486,Pending
108647,86801,120623,Pending
108479,54567,87434,Paid
101392,65008,37562,Pending
102680,143420,147856,Pending
105841,91662,113351,Pending
106858,48179,38429,Partial
102540,146759,93923,Partial
103322,42943,78508,Pending
100213,49762,57912,Paid
107677,107251,56107,Pending
104805,56681,119364,Paid
104147,147126,60276,Pending
107795,51749,44667,Pending
101489,30803,74563,Pending
103248,128621,144711,Pending
103860,56358,15297,Pending
107994,130688,113337,Paid
101669,52573,43843,Partial
101293,92597,43995,Pending
104303,139877,100633,Pending
100610,66900,143950,Partial
101536,80823,17859,Partial
106901,109275,128270,Partial
102506,87092,140981,Paid
105757,60873,37427,Pending
107240,55049,77097,Paid
106183,109452,47804,Paid
107718,127553,49740,Paid
109693,135801,15390,Partial
106829,143180,61879,Pending
106637,97136,46897,Paid
105849,123089,25969,Pending
100498,40781,87877,Pending
108470,72365,69535,Partial
108620,102252,11373,Paid
104555,39725,77760,Partial
101962,118606,53515,Paid
107342,95387,33972,Partial
103029,131413,75717,Paid
105383,100967,13640,Paid
100035,40188,101434,Pending
106278,87835,57563,Pending
103382,98357,146183,Pending
107276,80402,54744,Pending
109575,49374,22459,Pending
105434,84494,57583,Pending
100463,37113,102238,Partial
102406,87224,89565,Partial
102348,101302,71330,Pending
106835,70598,85426,Partial
104496,131561,63632,Pending
106179,125959,116579,Partial
108587,30580,79794,Partial
101400,44506,111985,Paid
101391,48394,10941,Paid
108912,102681,95862,Pending
104413,121881,137330,Partial
106453,67629,47113,Pending
100555,107483,149624,Paid
105340,62124,48258,Paid
103975,111008,25993,Pending
101511,44695,47394,Paid
103942,107782,137232,Paid
106300,58424,43948,Paid
106978,46119,86448,Partial
101766,91590,91598,Partial
108275,71486,98166,Partial
105991,70628,71633,Paid
107759,66895,68062,Paid
108827,129705,10060,Partial
102738,30489,109129,Partial
102586,88292,29996,Partial
107705,116321,135414,Pending
101364,81898,44133,Paid
107950,137228,40111,Paid
108972,90816,62477,Paid
100619,70671,17878,Partial
106732,105761,147158,Paid
100327,88591,18185,Paid
109472,131856,33342,Paid
104723,59366,122494,Paid
100117,118697,46520,Paid
101895,131044,24182,Partial
103430,43945,101104,Paid
105260,89435,117505,Paid
108925,84087,55932,Paid
109065,144633,106392,Paid
106067,63050,138031,Paid
107818,68251,69928,Partial
105438,129203,40728,Pending
108421,127142,99933,Partial
101585,53155,60744,Pending
103697,58919,50710,Paid
104769,41475,93618,Partial
103298,95595,39797,Paid
100940,82801,126622,Pending
106730,72548,53472,Partial
108552,54416,116626,Paid
106024,120169,69414,Paid
105849,54971,135506,Pending
108632,66169,92153,Paid
104937,119030,78122,Pending
103934,132564,110342,Paid
102850,104442,37342,Pending
104837,141651,121216,Partial
109866,126072,50777,Partial
102447,116207,26091,Paid
102554,106795,24210,Partial
105420,74166,78309,Paid
102695,61983,16754,Paid
107964,126245,118186,Pending
102173,81638,30363,Paid
106963,127156,89052,Paid
100640,122198,58780,Pending
107441,73957,75880,Partial
108398,119809,48280,Pending
103516,111285,86114,Pending
107996,33364,55994,Pending
109225,132067,49476,Partial
100137,42264,115505,Paid
104694,126272,145619,Paid
105742,40995,124247,Pending
102335,83006,28586,Partial
103378,41289,76888,Partial
105352,98934,93968,Partial
103670,97083,50588,Pending
103086,70695,44731,Partial
100383,103404,76308,Partial
100841,137436,139652,Partial
108376,76163,35568,Paid
109715,108873,99779,Pending
101265,41115,81741,Pending
103569,43535,62416,Pending
105335,92487,95818,Paid
101575,106114,123129,Partial
104199,120393,114392,Pending
105968,47864,16849,Pending
102239,119489,23914,Pending
107322,34711,35318,Pending
105530,36731,74212,Partial
107129,103452,12068,Pending
102968,92884,52617,Paid
103027,67723,60440,Paid
108863,99988,16536,Paid
104010,147603,91907,Partial
104187,139498,147936,Paid
106789,86543,29776,Partial
102749,135891,45763,Paid
103293,38555,59256,Paid
106371,120385,94891,Pending
100135,124876,19511,Paid
102809,82050,69976,Pending
106657,118391,76066,Paid
103343,124702,19278,Paid
101993,127423,136526,Pending
103054,73605,127565,Pending
105771,139585,147938,Paid
109734,117208,96413,Pending
104779,93369,99797,Partial
105970,56216,24421,Paid
104680,56801,88663,Pending
104188,89934,18027,Partial
107162,95882,85167,Paid
101564,69058,129352,Paid
101606,143922,54708,Paid
104883,95866,68914,Partial
107367,100240,98713,Partial
107010,81505,30176,Paid
106235,44969,88781,Partial
109310,55026,80038,Partial
108776,49932,125700,Pending
101678,98480,136840,Partial
107706,141665,104462,Paid
107993,128930,122895,Partial
103501,34365,114551,Paid
100592,84711,115554,Pending
103348,95988,138452,Paid
108165,52868,88816,Paid
103192,149021,131338,Paid
101029,42046,25997,Paid
101678,141168,37363,Partial
106284,65413,124928,Paid
103537,124463,140331,Pending
105198,110429,26663,Paid
107585,82162,54969,Paid
102605,31384,46096,Paid
108518,141266,18635,Partial
109196,95686,129259,Pending
100831,86629,80110,Partial
109096,133201,142441,Pending
100949,122335,84040,Pending
103980,130168,104920,Pending
108050,34710,133219,Paid
102070,30106,128224,Paid
100378,84233,107114,Paid
101131,112421,13250,Partial
102137,133588,123076,Partial
103863,84479,24587,Partial
103944,106171,71512,Pending
101891,120661,42409,Pending
103878,82837,33411,Paid
104097,39996,60173,Pending
109049,104836,77450,Pending
102953,83966,83423,Pending
109626,43662,31818,Partial
104782,99750,52435,Partial
108543,39984,42778,Pending
107995,61598,94407,Paid
101408,46133,142089,Pending
106756,148420,111237,Paid
106721,77543,127377,Paid
101326,128640,71590,Partial
104360,133871,130918,Paid
100042,136948,52599,Pending
101712,52827,79918,Paid
109461,54901,51749,Pending
104046,115232,79807,Pending
101357,136231,87193,Partial
104172,30140,44896,Partial
101159,60933,135677,Pending
107602,133784,13455,Partial
104946,67335,57910,Paid
105894,144305,68704,Pending
107731,94021,29254,Partial
106042,60968,43645,Paid
109442,51529,70178,Paid
105901,112826,139970,Pending
100562,62049,93817,Paid
100681,35700,25315,Pending
100152,43901,105889,Partial
105309,128846,36422,Pending
102837,128602,119234,Pending
104000,64405,110513,Partial
103575,134477,77528,Partial
109487,143605,27334,Paid
104444,122207,85425,Paid
107595,51145,42331,Pending
107240,118343,128831,Pending
107982,66161,40858,Paid
101798,108392,73866,Partial
101166,110811,48114,Paid
103811,149291,146557,Pending
108506,40938,68010,Partial
102043,77724,25306,Paid
101816,94972,139072,Partial
102363,83308,21057,Partial
108455,74828,133352,Partial
102774,62003,92715,Pending
107738,105068,77641,Pending
101258,49539,109966,Paid
105421,84482,11640,Paid
100569,36767,108312,Paid
108760,119395,81114,Paid
105940,114180,14229,Partial
101412,41110,29484,Pending
107052,54261,70279,Paid
100375,147554,93060,Pending
109479,107023,131492,Paid
109701,93237,132470,Pending
105593,95418,41756,Paid
101786,97296,93922,Paid
100561,51295,127338,Paid
104349,48221,11974,Paid
104576,94528,69796,Pending
103350,127225,142018,Partial
109727,104551,142617,Partial
100746,42843,61648,Pending
102068,91205,133247,Pending
105885,90468,39804,Paid
105481,42862,89166,Partial
104054,141295,54194,Paid
100629,121160,144981,Paid
106899,91855,127724,Paid
102281,107606,91882,Partial
105862,102421,46038,Paid
100503,107859,74737,Pending
106569,84275,113274,Partial
109806,40903,140875,Partial
108216,133156,86984,Pending
104026,103828,98098,Paid
107177,34640,117293,Paid
108650,119681,12168,Partial
108553,37316,88037,Partial
101820,45061,92075,Paid
108102,85442,68874,Pending
107813,41462,20467,Pending
108842,73152,138279,Partial
104753,69097,112803,Pending
101884,144305,87709,Paid
109168,133699,63436,Paid
101543,114973,88529,Partial
101098,136139,25762,Paid
109535,52189,125821,Pending
101133,143490,17469,Paid
105204,33836,88220,Partial
101818,148515,101418,Pending
105179,92721,72752,Paid
107930,56764,96878,Partial
105480,140994,14476,Pending
106754,142819,98436,Paid
102618,129495,10524,Paid
106955,109286,127126,Paid
105488,112895,48004,Paid
106204,98847,63540,Pending
101007,73168,113786,Pending
100130,142596,100169,Partial
104978,125682,34219,Partial
107997,126141,57034,Pending
104197,65597,147021,Paid
103018,61652,44028,Pending
101471,75064,118646,Paid
108464,114735,45379,Paid
101758,44671,83759,Paid
106341,129396,109184,Paid
102444,70035,38289,Pending
106469,93705,119379,Partial
103346,130332,85018,Partial
102458,149767,126147,Pending
104064,48395,98831,Pending
105996,71666,94618,Pending
104090,45778,29044,Partial
105861,102202,22173,Pending
104357,111301,38906,Pending
107626,148538,23532,Partial
103202,68861,78703,Paid
100481,77227,46576,Partial
106970,120956,53970,Paid
107150,51010,25816,Pending
104745,143289,93602,Partial
105365,45615,130315,Paid
104605,148129,24184,Pending
108374,139702,64659,Paid
109799,118870,130435,Partial
103146,36625,130541,Pending
106194,47656,147420,Pending
104381,62718,65662,Partial
102434,30705,135642,Paid
106053,144734,133372,Paid
101620,48554,100871,Partial
108479,51630,30955,Paid
105943,50369,142547,Paid
109613,113836,76165,Pending
104870,50506,127328,Paid
108382,37613,139440,Pending
100810,100249,125858,Pending
109287,123302,136359,Partial
106386,103812,64242,Paid
104385,47329,58543,Pending
103838,141039,61530,Paid
109524,118654,10507,Paid
103254,124857,72922,Paid
106835,83369,76303,Pending
103920,136703,28758,Paid
108914,82427,132988,Paid
106826,121957,17344,Partial
105275,80424,59649,Partial
108361,121924,33211,Partial
103320,105468,40134,Pending
104006,81207,93831,Partial
104842,67975,48714,Paid
107498,139489,145502,Pending
107443,40581,92463,Paid
100481,52549,19545,Paid
108562,30086,92853,Pending
103123,93020,91990,Partial
103448,132411,93683,Partial
104899,87815,24809,Partial
102925,91724,61640,Partial
109045,49966,60311,Pending
100602,137711,41139,Pending
107136,79101,92807,Paid
109630,101188,49500,Pending
100747,51792,138544,Partial
106009,100975,84475,Paid
102320,84043,125135,Paid
107242,97065,56098,Paid
100917,71647,35009,Partial
107745,106203,19932,Paid
100501,32231,35797,Pending
105661,139653,49477,Pending
103285,108220,44364,Pending
103493,105536,82260,Pending
104060,115394,67589,Partial
101309,72318,135312,Pending
109932,137091,99775,Paid
105437,113626,21680,Pending
109997,145034,90035,Pending
107491,61063,144772,Pending
107157,92975,149934,Partial
105999,127876,99029,Partial
105078,120346,56959,Partial
105288,147193,36873,Pending
108712,73630,143576,Paid
105891,39775,127468,Partial
100188,146305,116690,Paid
100902,67538,115698,Pending
106497,35838,63732,Pending
102560,82882,32568,Pending
106279,72118,54982,Pending
108084,141538,21236,Pending
109283,108563,86195,Paid
103190,89372,114763,Pending
100564,115906,15817,Paid
102883,67296,92872,Pending
105723,67886,127152,Partial
106611,128694,77980,Pending
105045,98999,104759,Partial
103037,71861,96855,Partial
104650,118201,12437,Pending
101604,33048,65848,Partial
106553,123000,20486,Paid
101119,95995,102531,Paid
104950,53075,12045,Pending
100330,86489,74848,Partial
100531,54670,24402,Paid
105109,80193,30927,Pending
102704,109268,121364,Paid
105554,146482,21657,Partial
106453,138342,72132,Pending
106945,105321,138963,Partial
108674,34804,13895,Paid
100919,93599,55060,Pending
101712,111636,61545,Pending
107824,33135,40045,Pending
101818,48846,40512,Paid
107523,44914,101448,Paid
103627,47812,12179,Pending
104324,147605,113614,Pending
109333,39570,86063,Pending
106201,32543,108339,Pending
102457,60991,56916,Partial
109786,69252,78960,Pending
105294,58114,144332,Pending
106193,118282,51289,Paid
104779,127484,140816,Paid
103345,122638,13934,Pending
100785,109580,20179,Pending
108629,43494,102264,Partial
101678,131698,110617,Paid
104696,70629,117599,Paid
107456,133656,36423,Pending
109183,94360,101330,Pending
101448,117847,135657,Pending
109912,111391,73760,Pending
108355,75715,27108,Pending
101066,93446,140632,Paid
104677,146440,58401,Paid
103472,117105,104646,Paid
109163,113175,23689,Paid
102853,41587,98992,Partial
108309,136724,148606,Partial
106464,70787,133527,Pending
105165,127356,135650,Partial
103285,95191,95990,Partial
100883,122383,107840,Partial
102379,79932,26310,Pending
109950,105177,55059,Paid
107243,136937,15552,Paid
106500,43245,93495,Pending
107352,44103,93952,Pending
105545,86065,133590,Paid
107686,39660,131343,Pending
105724,128393,24861,Pending
104991,91189,106108,Paid
103805,38241,134992,Partial
103084,39468,53528,Pending
100258,39228,25856,Pending
104738,64263,31101,Paid
102262,94224,124081,Pending
106655,119203,75601,Paid
107266,131110,136768,Partial
109285,95940,43868,Partial
109460,103237,136599,Partial
104023,94246,28071,Paid
100345,125041,129747,Partial
101441,141339,71240,Paid
100532,144501,91389,Partial
100327,113550,82585,Partial
107847,47128,22742,Partial
106552,127154,113231,Pending
109843,40686,59815,Paid
104218,61862,32486,Partial
107699,79333,58358,Paid
101530,60983,101086,Pending
109451,70459,10405,Partial
102355,35944,61737,Pending
109288,98614,43710,Partial
106728,140462,124242,Partial
109950,38200,41127,Pending
105977,125476,25906,Paid
109371,130035,102196,Pending
101279,106873,86240,Paid
107305,99404,130888,Pending
108699,36554,127052,Partial
101585,45602,116279,Paid
101057,86959,73712,Partial
108775,111455,34396,Partial
108370,65470,74170,Partial
107320,97173,139018,Partial
106480,79578,78192,Paid
104723,127382,27434,Paid
107254,106065,65814,Pending
109008,92601,72137,Pending
108244,66720,47048,Pending
106461,41368,125273,Paid
107007,90819,99356,Paid
109764,68921,131592,Paid
102592,94464,120649,Partial
103748,78206,34946,Partial
100729,105128,129229,Pending
104378,101187,134346,Pending
104498,101313,110242,Pending
104437,149003,113980,Paid
108536,30147,137979,Pending
104181,85148,111694,Partial
100906,33181,133523,Paid
101017,42237,119037,Paid
106671,134880,107032,Pending
109305,86440,57750,Pending
108525,66014,91506,Paid
100395,84729,130920,Pending
106689,60625,61088,Pending
101881,115484,15937,Pending
108021,52052,89811,Pending
101193,111594,45966,Pending
100410,116508,53323,Pending
101880,149140,140237,Paid
104534,104528,112521,Paid
108961,134904,74386,Paid
108607,140867,145488,Partial
104393,123166,107664,Pending
101728,93977,143925,Pending
106262,63343,59786,Paid
106750,125521,12317,Partial
109057,39152,142587,Paid
106788,58887,43442,Pending
107529,146508,13274,Paid
100221,135818,125753,Pending
103861,149714,15382,Pending
109355,85700,61913,Pending
101975,146194,59125,Pending
104772,142491,47803,Pending
106918,101106,22592,Paid
109939,67788,52198,Pending
100071,54354,55085,Paid
107431,124032,30182,Partial
103117,99640,71854,Paid
109879,135537,147115,Partial
109117,94193,35117,Partial
103564,83789,122147,Pending
104483,113049,77910,Partial
102966,59385,116977,Pending
102969,135995,22013,Partial
104114,100682,47984,Partial
109413,36411,125087,Pending
108891,148534,99714,Partial
102797,84118,114266,Partial
100935,149362,30271,Paid
108504,125257,89169,Partial
102594,55703,19224,Pending
107462,34793,123036,Paid
103040,67238,56757,Pending
107101,56533,74990,Pending
102923,106138,62919,Pending
101515,31221,79292,Pending
108684,47292,99395,Pending
107034,71939,91035,Paid
108248,84239,79875,Paid
109641,138290,44437,Pending
103605,61966,123167,Paid
102714,88263,123596,Paid
108979,35267,109752,Pending
105806,145864,87066,Paid
109375,30955,124831,Partial
100975,40601,111671,Pending
108696,109851,13720,Pending
104873,130720,19854,Pending
103050,66020,97960,Partial
100270,69367,30164,Pending
100685,35326,60716,Partial
100961,118479,78611,Partial
102212,64393,106486,Paid
101841,138485,90871,Partial
101355,39908,22079,Partial
105307,113163,25904,Partial
104392,92827,88341,Partial
104192,77254,25347,Partial
103277,78257,108061,Partial
100509,73131,49615,Pending
109878,84707,78200,Pending
103369,119845,80350,Paid
102230,117330,129929,Pending
102943,35628,71805,Paid
105298,88204,51582,Partial
107009,84886,117431,Pending
107654,81326,30770,Partial
107198,140772,31977,Pending
102414,137126,38288,Partial
107936,113700,41030,Paid
104240,90087,51920,Pending
109569,140008,112657,Paid
105948,117245,25150,Paid
100519,36882,31614,Pending
103720,34595,59514,Paid
102164,129008,33856,Paid
100143,78067,79275,Pending
109339,147280,115908,Partial
105998,110640,119253,Pending
103639,41344,10016,Partial
108332,102399,147574,Partial
104328,55365,70127,Paid
100248,129050,27220,Paid
100674,73117,62655,Pending
108672,52739,102287,Partial
106322,85228,63622,Partial
109245,136808,86356,Pending
101473,112174,31183,Paid
105339,68044,72807,Partial
100694,148596,10170,Partial
107619,87277,111904,Pending
103973,149064,109599,Pending
107069,78183,13946,Pending
108439,76525,12848,Pending
103592,128460,111785,Paid
109291,127026,15668,Pending
102473,68183,65845,Partial
102918,92850,38114,Paid
102211,33472,40977,Paid
106009,124222,41669,Pending
108523,44822,72285,Partial
106452,82178,115740,Paid
105034,47577,84022,Partial
101167,35691,138861,Paid
108218,60939,96294,Partial
100776,59661,94089,Partial
108388,58945,83566,Partial
104727,31579,47145,Paid
104573,48571,141140,Paid
109150,85157,51327,Pending
106852,31014,24720,Partial
100461,147368,114737,Partial
108706,139393,118635,Paid
105601,44591,38230,Pending
101164,126190,66524,Paid
101193,101501,61528,Paid
105866,138433,113763,Paid
105690,144933,21454,Paid
101398,108366,36786,Paid
106971,128472,107353,Paid
107038,146692,107407,Pending
104441,102244,17760,Pending
104299,107812,63931,Partial
102740,54355,105635,Pending
106513,123636,105722,Pending
105210,40925,107178,Partial
107901,141516,14271,Pending
109979,138119,95879,Pending
102258,48845,67446,Paid
106807,129195,95509,Paid
103509,136813,65473,Paid
107497,46979,101577,Partial
100674,50745,119221,Paid
102735,55766,141414,Paid
103254,33705,117019,Pending
105552,51999,115460,Partial
103824,41117,94002,Paid
105468,91692,144580,Partial
102778,53088,149186,Partial
107303,147665,91310,Paid
103787,43157,13216,Pending
106694,87436,19053,Paid
101368,103652,12850,Paid
101350,38699,85259,Partial
101304,112212,127144,Pending
105371,105215,25181,Paid
103577,80709,118060,Pending
108830,120266,42531,Paid
109483,95933,15621,Partial
108682,77120,81217,Partial
109894,41130,14557,Paid
100852,50835,110953,Pending
106709,93181,84308,Pending
107031,38478,93883,Paid
107141,148163,139558,Paid
106549,41222,53582,Paid
103645,58654,92053,Partial
103495,66282,101082,Pending
101982,60561,27722,Pending
101162,99527,31209,Partial
108175,109799,96880,Partial
105940,80784,32814,Pending
103770,78075,135315,Pending
100754,123119,143513,Paid
102228,86508,76736,Paid
106437,75671,19929,Paid
101109,119992,104590,Pending
101577,108390,136442,Partial
103145,138378,83052,Paid
102560,140501,112202,Paid
107325,88637,95242,Pending
104157,113457,110017,Partial
109439,119490,130631,Partial
105840,139331,115626,Partial
107033,106767,58637,Pending
107246,69660,95022,Pending
103430,120099,97097,Paid
100970,85393,10320,Partial
105720,124105,60937,Paid
105423,37586,31346,Paid
103969,60965,51941,Partial
100629,88334,74298,Paid
103193,97160,94544,Paid
104846,95854,44530,Partial
105373,119840,31366,Paid
100030,75334,117516,Partial
100747,55547,101435,Partial
106937,86462,143761,Partial
105348,92604,14827,Pending
101312,114182,39068,Paid
103096,137406,10474,Partial
109240,90018,33370,Paid
106434,127756,38989,Paid
107957,79454,39383,Pending
106932,113067,67456,Pending
106943,68906,57146,Pending
101478,81455,84390,Partial
104949,46190,98647,Paid
100045,126392,106907,Paid
102015,54278,74187,Partial
104986,123309,102350,Partial
105329,42376,146270,Pending
102301,35795,100823,Pending
101645,112763,147724,Paid
108972,64780,101171,Partial
107201,83946,48113,Pending
106035,57830,18458,Pending
106874,110236,67649,Paid
103793,146666,106028,Pending
106560,46998,47759,Partial
103915,149524,140953,Paid
105042,124889,80035,Paid
104562,146817,35478,Partial
100318,130527,48941,Pending
100679,133509,16893,Pending
105410,100132,30618,Pending
100652,65308,92716,Partial
105522,127825,115601,Partial
109520,127289,85678,Paid
102075,121838,31558,Partial
104914,96534,35911,Partial
101723,131507,99098,Partial
102056,104637,58953,Pending
105631,141516,10046,Partial
106961,61722,145098,Partial
104017,144481,85345,Paid
109378,86815,59289,Partial
106967,41608,27019,Partial
102964,97390,15957,Partial
104549,148181,103269,Partial
109010,37936,45533,Partial
109272,43891,102647,Partial
107880,51115,63665,Pending
104458,47453,52966,Pending
105664,141211,23802,Pending
108777,85650,101819,Partial
101573,105712,25079,Pending
109950,54368,67076,Partial
106970,105823,49328,Pending
109571,102427,16179,Partial
105028,141838,82039,Paid
106137,86009,20362,Pending
101310,122986,84666,Paid
101046,80171,115853,Paid
100965,85826,29097,Pending
107387,40343,63606,Pending
108648,39989,60943,Pending
105126,105303,80097,Pending
100041,93155,52341,Partial
102814,143595,147054,Partial
106124,56014,149752,Pending
101340,65786,34902,Paid
108614,38774,146027,Partial
107547,139325,75788,Pending
102362,117812,75598,Pending
103092,145976,104972,Pending
109219,83693,141414,Paid
108156,66832,140821,Partial
109390,92138,20727,Partial
105423,52117,135611,Pending
104598,135123,39300,Paid
104612,36039,53554,Pending
103092,75559,72821,Pending
101590,117650,14277,Paid
109726,144644,137867,Partial
102169,113347,143965,Partial
105731,41249,119822,Partial
104882,81618,93988,Paid
105659,67293,63624,Paid
106515,62731,29017,Partial
104961,35590,25779,Pending
103595,122444,100331,Pending
103150,93423,18128,Partial
103459,98638,51222,Pending
101653,130124,90619,Pending
103728,132173,18516,Paid
105723,92570,104120,Pending
107707,86224,28437,Partial
107126,86733,44769,Paid
105461,107351,138131,Partial
101716,73565,38569,Paid
106569,118690,104094,Pending
100002,123298,122675,Paid
103608,116575,27611,Partial
106840,99059,40075,Partial
101041,137229,44654,Pending
108222,68514,17011,Pending
105964,103341,24177,Paid
109136,104860,58377,Partial
105734,90219,137615,Pending
105847,67113,82758,Paid
100663,91464,72329,Partial
108237,116602,27107,Partial
107900,41363,116759,Pending
108121,137577,77991,Paid
109877,91907,133884,Pending
104837,142916,102334,Pending
109385,125198,109493,Pending
100924,78628,93366,Pending
107653,55594,132331,Pending
102668,35842,22459,Paid
104845,113112,131637,Pending
107158,69220,135971,Pending
105320,119032,88531,Partial
108523,107286,119085,Paid
101969,104059,33241,Paid
103521,83763,133898,Partial
106620,68811,87764,Partial
101503,67115,89056,Pending
101862,147640,75068,Paid
106703,41641,131552,Pending
106619,101635,51110,Paid
109906,104893,121078,Paid
104654,121040,75105,Paid
107288,45249,65728,Paid
106230,80454,18481,Paid
101920,121317,30099,Paid
105787,65306,49599,Partial
109622,63072,61544,Pending
104628,67812,113332,Paid
106489,123230,19051,Paid
107602,42774,17960,Pending
101455,94714,52692,Pending
105304,103356,20746,Paid
109533,44022,86718,Partial
101947,82122,96963,Partial
100546,42332,116756,Paid
104515,129555,144337,Partial
104640,53765,57393,Partial
109632,104473,31357,Partial
106582,141080,25558,Paid
103082,132628,74922,Paid
106015,71783,141954,Pending
106436,108213,111054,Partial
104264,104519,109271,Pending
104018,57916,71361,Pending
106173,93213,19457,Paid
102692,149983,75049,Partial
100772,116721,100970,Partial
109562,35880,129895,Pending
107143,110899,69440,Paid
106005,128511,80241,Partial
105502,71265,12013,Paid
106316,117104,129837,Pending
108015,54818,38050,Paid
105836,66091,146419,Partial
109575,57782,132224,Pending
109173,117246,117222,Paid
102093,45392,44189,Partial
108863,124913,59238,Partial
106055,42508,17042,Partial
105646,76252,76073,Pending
101304,107574,68152,Pending
102260,97057,83347,Paid
105906,63059,139254,Pending
100193,64351,80058,Partial
101179,55473,91317,Pending
105625,37113,56518,Paid
105457,63757,19005,Pending
108632,37613,100954,Paid
101011,83944,92121,Paid
101771,66245,53631,Paid
100480,67035,22484,Pending
104690,115573,128011,Paid
107611,88348,72348,Paid
105412,55155,143950,Pending
107784,72167,105835,Partial
102092,98463,140729,Paid
107146,37290,32223,Pending
101784,136863,144153,Partial
108362,30752,80177,Pending
103388,77871,61679,Partial
100966,43295,89871,Pending
101663,125252,129035,Pending
109937,121713,78956,Partial
101434,149447,23950,Paid
109869,68846,99806,Pending
108440,30494,60152,Partial
106208,99195,91648,Partial
101547,75416,72692,Partial
109160,115920,79528,Paid
108344,65096,78271,Pending
105778,134605,27923,Paid
109755,42472,125645,Pending
109079,146951,36603,Paid
100465,51757,72135,Pending
105470,82767,147082,Pending
106330,131667,133687,Pending
108606,137243,97631,Partial
104018,54218,38161,Paid
101485,95696,131377,Pending
103670,146812,89500,Paid
105451,91376,40804,Pending
104281,60098,12913,Partial
107269,82720,133415,Pending
107513,82558,53869,Pending
102026,141645,130095,Pending
108043,113187,55380,Paid
102964,43784,11304,Paid
102553,96204,125337,Partial
108143,76739,50843,Pending
109695,104595,22989,Partial
109289,132897,142332,Pending
108611,43493,146821,Pending
109663,49594,26647,Partial
106804,129520,111299,Paid
101970,34694,129996,Paid
100951,68523,101140,Pending
109300,35779,130738,Paid
102897,113389,74217,Partial
109445,33443,15055,Pending
106864,129484,135467,Pending
100714,32327,18072,Paid
103719,130888,73277,Partial
104927,128653,25280,Paid
109161,126488,119414,Pending
106233,56659,92045,Partial
100588,43476,115107,Paid
100476,149914,59263,Paid
101116,39885,141763,Paid
109295,141241,37923,Pending
108944,139647,109918,Pending
106935,107168,144222,Paid
100766,90703,72381,Partial
100289,72537,131165,Paid
102457,35699,71201,Pending
108081,115132,32611,Pending
100942,44588,16437,Paid
104400,66826,10198,Pending
108476,97998,11277,Pending
108196,96331,144059,Pending
102687,111622,148935,Paid
103524,77547,22087,Pending
109681,85948,81616,Pending
102285,32530,11064,Pending
106154,138478,104133,Partial
104282,90219,103462,Partial
108450,128329,24867,Pending
102612,147043,119148,Partial
104674,114473,50714,Partial
107597,35658,26900,Paid
107809,67939,121982,Paid
100292,48250,121447,Partial
101325,63023,16452,Pending
108542,123461,21735,Paid
102671,77033,145031,Paid
104059,86268,104030,Pending
101443,92602,126004,Pending
104502,81475,137197,Paid
105208,54325,33444,Paid
100424,71527,130317,Pending
100771,39892,14258,Pending
101269,133564,125919,Pending
106949,87813,34880,Paid
103115,134380,137502,Pending
108432,71527,106110,Partial
101028,101983,62675,Pending
107441,51109,51482,Paid
106260,105488,79012,Pending
102053,98198,21919,Pending
107256,98116,131345,Pending
103807,117940,136804,Paid
108250,38349,120852,Paid
106443,32329,146042,Pending
106517,131015,136522,Pending
101118,81553,42928,Partial
109331,127495,50913,Pending
103998,37226,65814,Paid
106944,89012,29342,Partial
104060,83522,54746,Paid
109199,112039,146502,Paid
106285,40322,80126,Paid
104100,80951,139946,Paid
107058,33428,19027,Pending
109602,82249,11771,Paid
100226,110141,57693,Paid
101272,114375,37732,Pending
100611,127659,118514,Pending
109308,117055,73551,Partial
108213,113289,129529,Paid
106759,134639,101793,Paid
103873,91591,76689,Paid
104606,52943,127493,Pending
102813,53446,138859,Partial
106736,101416,146954,Partial
104624,137795,101158,Pending
106147,38561,17422,Partial
107670,76547,63932,Paid
107780,114230,146631,Paid
102807,137502,28032,Partial
101818,82906,19140,Pending
104782,137303,90425,Pending
105170,62576,11433,Partial
106022,78947,61613,Pending
101043,113031,130432,Pending
105674,96905,72731,Partial
102934,59213,83774,Partial
101918,144890,14516,Pending
105169,117024,53494,Partial
102715,90684,134925,Partial
104615,61506,15022,Pending
103457,64629,38385,Pending
105262,88440,62104,Partial
109609,90492,107448,Paid
103718,71576,39495,Partial
102796,87775,38347,Partial
107430,77601,86970,Paid
108767,118867,123164,Paid
103777,134548,119905,Paid
100553,135210,68478,Pending
106841,63949,65236,Pending
103078,82237,121449,Paid
105998,91332,115551,Partial
100718,123101,96125,Paid
106491,117859,66388,Paid
103402,115386,47550,Partial
109117,126604,106036,Pending
106044,65553,68896,Paid
109228,104770,145095,Partial
100943,30596,82401,Pending
102717,47513,53317,Partial
108563,60205,66428,Partial
106931,102761,64362,Partial
105550,139696,19654,Pending
105886,92781,84354,Paid
107952,137288,44419,Pending
103393,84296,38646,Paid
105521,65076,119682,Partial
104972,63779,80455,Paid
101866,114263,133797,Pending
104817,92559,59193,Partial
109782,54650,98919,Partial
103245,70137,73498,Pending
103363,109285,143543,Pending
106491,96392,67664,Pending
102951,86175,23816,Pending
100816,131494,133268,Pending
100958,47365,123273,Paid
108900,77179,98433,Paid
105784,72308,106263,Pending
105225,133747,10694,Partial
104126,133346,109804,Partial
104639,47995,57360,Paid
100090,30956,11597,Partial
101564,69987,125547,Paid
107911,102440,11976,Pending
105360,79832,115306,Paid
103764,107337,26297,Pending
100051,76940,28894,Pending
101261,56100,60660,Pending
108317,127232,49172,Pending
103768,118448,25655,Partial
106375,30976,23003,Paid
101468,103317,149576,Partial
101785,125492,78920,Partial
109985,57588,119946,Partial
104181,76751,18704,Partial
108046,35046,107311,Partial
108870,120893,145707,Pending
102655,129909,11531,Pending
108896,118583,101277,Pending
107815,65010,137454,Pending
102451,34441,89975,Paid
108872,88729,102835,Pending
109678,77279,57686,Paid
106477,120661,77837,Partial
104770,86372,73479,Paid
101799,49032,11309,Paid
104584,134992,120088,Pending
103047,57345,95496,Partial
101730,35590,92852,Partial
106196,66140,31001,Paid
107057,118905,30902,Partial
104136,121812,50275,Pending
100280,128636,91158,Paid
103069,121720,45619,Pending
106593,115263,81454,Partial
101587,115465,12174,Partial
105348,126297,146935,Paid
104276,36000,73388,Pending
105055,137135,121030,Pending
105077,50363,111712,Pending
107177,44084,127350,Paid
100243,102166,108182,Pending
107926,93759,90081,Pending
108691,67496,16894,Pending
106823,100814,96892,Pending
101630,105409,44424,Partial
101291,54389,68882,Pending
104473,43704,70997,Pending
103601,135447,142187,Pending
106082,35510,117704,Partial
105602,127206,23588,Paid
105967,139802,67107,Partial
108623,33132,97325,Partial
106205,46758,26029,Pending
103038,129086,52794,Paid
108623,61123,90309,Pending
102504,74294,115590,Pending
105659,67743,56522,Paid
106655,136723,139913,Pending
108730,91566,90815,Pending
103168,51644,131973,Paid
101222,75000,103202,Pending
100647,36268,56223,Paid
108622,110596,34475,Partial
101145,91271,129221,Paid
108211,84663,141442,Partial
107479,119792,87845,Partial
102823,49897,11718,Pending
109023,145166,144367,Paid
103705,37757,83994,Paid
109355,42052,142048,Pending
101588,86927,44810,Paid
106520,47439,141842,Pending
103196,146035,50832,Partial
105387,54996,101763,Pending
100471,107093,141835,Paid
109213,37874,129342,Partial
105144,58666,14115,Partial
107639,111636,53044,Paid
102262,58140,57981,Pending
100489,99096,115608,Paid
101819,133650,58669,Partial
104612,91828,63778,Partial
106872,43057,24444,Pending
102434,73135,69804,Partial
101394,93493,26492,Partial
106903,126694,72612,Partial
102848,75946,98583,Pending
106090,135892,64093,Paid
107679,118468,24074,Paid
104026,111324,143346,Pending
102924,57020,38729,Pending
102434,108599,97953,Paid
101812,84327,60403,Paid
102887,85965,106438,Partial
109428,44970,14197,Pending
104431,70858,57018,Partial
105671,131293,86462,Pending
105342,37268,46520,Paid
105034,129885,140307,Partial
105484,138980,97328,Partial
100372,118863,18900,Paid
108464,141694,145975,Paid
104173,70844,114338,Pending
106134,67608,119336,Pending
101855,62423,98893,Partial
106748,40256,147759,Paid
102969,104850,99354,Pending
106421,72711,80067,Pending
103625,117389,90308,Paid
100286,107156,132298,Pending
101204,115402,112457,Partial
102233,131569,50475,Pending
100225,38778,18123,Partial
105265,31192,126105,Pending
101337,103213,80454,Partial
102296,34904,90788,Partial
108983,73174,14878,Paid
108258,44617,62642,Partial
105027,47197,55762,Pending
105691,72643,11193,Pending
103832,143069,125372,Paid
102770,77060,145045,Pending
106919,52365,93697,Paid
104226,39316,148623,Pending
107173,114897,129651,Pending
103641,103541,136401,Paid
100449,125567,149735,Paid
104710,120696,122225,Paid
108884,135093,50012,Pending
104386,119225,56279,Partial
107165,74018,138448,Partial
108124,111794,22638,Partial
108801,67977,89352,Paid
103934,91929,33322,Pending
108906,130307,56276,Pending
109217,141369,143415,Partial
108371,54558,57298,Partial
103139,120882,140403,Partial
102225,104531,56819,Partial
101744,56525,103088,Paid
103140,52753,56777,Pending
103965,147163,68787,Paid
104522,33115,135161,Partial
109020,48238,93981,Pending
102717,98631,98039,Pending
105006,137486,15778,Paid
100782,144082,127313,Paid
102738,53069,25743,Partial
103533,66077,11720,Partial
103586,50290,24176,Partial
102840,57926,149910,Paid
107303,139603,94065,Paid
103910,143834,71608,Partial
106499,111477,103908,Partial
106582,97247,11148,Partial
109650,106381,25275,Pending
108544,58115,82440,Paid
101680,124806,91003,Paid
105691,66965,47765,Partial
101789,49936,112748,Pending
101822,47771,129437,Paid
108547,108871,40263,Pending
103308,132814,19127,Pending
105295,120023,106085,Pending
101446,52034,126295,Partial
100179,95629,11644,Partial
109163,59311,79891,Paid
109870,47995,43822,Pending
106706,65023,64893,Partial
107225,59648,112997,Partial
103452,34383,22288,Partial
101521,58055,97982,Partial
100426,134547,17529,Paid
109304,42796,72318,Pending
101394,148698,10058,Partial
101884,43219,98993,Paid
106014,45411,131707,Partial
102943,49477,57789,Paid
103095,90908,71315,Pending
109926,114877,111102,Paid
100227,41123,69162,Partial
108514,60145,140484,Partial
105564,111302,109608,Paid
102476,38974,138800,Paid
107190,65285,112775,Pending
106950,145573,132099,Partial
105276,94765,48863,Partial
102574,133658,67371,Partial
103563,135213,106603,Partial
104998,148230,50022,Partial
102819,146622,63593,Pending
104663,61881,127937,Pending
101110,130431,78053,Pending
103078,84889,17875,Pending
109578,95873,28263,Paid
102552,93698,95351,Pending
107357,76066,78564,Paid
101970,134028,103652,Paid
109253,139248,116834,Pending
108382,36079,111997,Pending
103243,93765,64327,Pending
108798,55391,140513,Pending
108031,146291,94871,Pending
106736,125179,73523,Partial
106254,109793,25329,Pending
100128,82196,48684,Partial
101878,38162,88080,Paid
106590,131325,14557,Partial
108036,112521,18097,Pending
107397,84030,13750,Paid
109737,109631,122250,Pending
109068,117110,16404,Paid
105454,128914,144909,Partial
103033,47542,51804,Paid
107864,88869,78879,Pending
100685,66116,135090,Paid
101819,65746,70070,Pending
108826,111541,83617,Pending
106699,42809,14102,Partial
102960,148265,123132,Partial
108330,97231,147086,Pending
108185,89788,39471,Paid
103933,88728,39956,Paid
100356,103330,104102,Paid
106031,88967,30319,Paid
100150,99696,119377,Partial
103343,123083,14303,Paid
100636,49670,24424,Pending
107230,84635,123809,Paid
102942,31481,17899,Paid
100827,136649,87234,Paid
109631,79674,67526,Pending
103028,95804,77255,Paid
103899,109167,103358,Pending
101255,111167,97922,Partial
101082,130275,24666,Paid
106208,100616,123771,Pending
107903,49813,106899,Paid
102251,44603,54084,Paid
100130,132268,110548,Paid
102631,51018,115032,Paid
105464,49551,98190,Partial
105866,38784,80023,Partial
106284,54513,19100,Pending
100374,124610,99050,Pending
103305,99879,74840,Paid
107616,143718,96033,Pending
106770,123013,23571,Paid
102521,77099,69296,Paid
102068,106102,33464,Pending
100192,104992,106049,Partial
102335,78258,86810,Paid
105082,51376,49324,Paid
107607,75126,39553,Partial
106815,92533,60827,Pending
103895,109532,120518,Pending
100043,92764,18782,Paid
101728,133845,70501,Pending
100809,65645,28661,Paid
100106,52764,102414,Pending
108490,116040,71406,Pending
107731,87764,88738,Paid
107248,134860,89958,Pending
102913,45391,75363,Paid
101105,75660,25704,Pending
100434,38574,134297,Paid
101209,102924,67951,Paid
107456,105192,95754,Partial
101895,53892,37194,Paid
107140,111460,21185,Paid
106312,106400,39238,Pending
101043,86651,98678,Pending
103261,52555,61089,Partial
103672,75355,112038,Partial
103189,102529,94735,Partial
108309,33062,93533,Paid
108066,140383,25303,Partial
109740,128836,27907,Partial
105687,34811,66798,Pending
105688,62041,145446,Pending
107771,36282,84255,Pending
106476,53366,90696,Pending
103920,86102,110210,Paid
107526,98745,91135,Partial
100798,128355,101801,Paid
101811,75628,72143,Partial
108600,142180,138453,Pending
104187,114278,135698,Pending
102576,83567,47266,Paid
106796,79485,115320,Pending
105255,95356,92567,Pending
106298,74280,142653,Pending
102835,89977,49875,Pending
107063,105694,25143,Partial
104005,103749,146323,Partial
100549,128663,16356,Partial
103425,80621,139963,Pending
101496,96291,57114,Pending
107047,79114,77676,Paid
104590,42918,74070,Partial
106465,147296,56194,Partial
108355,80981,76888,Paid
103524,87330,29103,Paid
107374,67710,74745,Paid
101746,119501,32923,Pending
104242,56220,22669,Paid
109427,140919,75596,Pending
103041,78131,64654,Paid
109625,84125,49503,Pending
102622,63852,79260,Partial
102365,136541,126222,Partial
103854,42882,57091,Paid
108119,115166,50782,Paid
103395,126430,20441,Partial
109269,71048,117029,Paid
105405,139786,14992,Pending
104558,140547,13934,Pending
101570,145918,147366,Partial
103026,107033,103282,Paid
102176,69710,102744,Partial
106671,77676,26082,Paid
100431,85127,84627,Paid
100888,134714,80930,Paid
104769,62623,51588,Paid
106610,121858,39346,Pending
106360,38633,76653,Pending
109151,125759,87792,Paid
108827,106527,137039,Partial
102136,142659,51617,Pending
103305,45902,116861,Paid
109357,131847,54735,Pending
101266,104473,58156,Partial
107848,82075,67061,Paid
103187,78070,18321,Partial
105213,117713,47066,Partial
105128,111978,87259,Paid
108275,31997,84999,Pending
105096,106689,142445,Pending
104070,53432,101051,Pending
100460,133672,24085,Paid
105013,117422,119525,Paid
106105,91664,80736,Paid
100179,129409,82714,Partial
104327,93782,42369,Pending
101019,67948,91167,Pending
101143,41154,89288,Partial
108905,124940,63613,Pending
107811,42201,65245,Pending
106869,120178,113061,Paid
105408,64864,38588,Partial
106176,137352,72331,Paid
106663,103836,144161,Partial
104929,149353,49319,Pending
100838,145211,27555,Paid
106527,128838,11866,Partial
103261,64685,95007,Partial
102901,118348,62413,Partial
102905,63176,66303,Paid
102473,140211,90715,Pending
105328,130624,127909,Paid
102388,71712,106969,Pending
109556,47452,88564,Partial
102071,149162,90378,Pending
105162,48551,28838,Pending
107622,100800,49629,Pending
103663,94814,77460,Pending
101278,149467,35876,Pending
108030,68746,34964,Paid
102024,47140,85078,Paid
103479,86358,30344,Partial
107109,63918,134098,Paid
104947,67113,20410,Paid
104213,54726,38599,Pending
103804,146228,52337,Pending
109684,78202,35014,Pending
108797,140080,51026,Paid
106679,120928,101685,Partial
102088,107203,12432,Paid
108389,130054,21073,Paid
108266,36052,81557,Partial
108162,134211,57787,Pending
103643,95829,47403,Pending
108602,140501,134115,Paid
105065,56504,28495,Pending
109184,147090,46808,Partial
107191,106262,26015,Paid
105343,135267,119622,Pending
106799,87986,108653,Pending
106373,84917,38420,Pending
107839,140817,14367,Paid
103520,87657,10932,Partial
107884,120105,77530,Partial
108219,75404,68527,Partial
106922,125113,116881,Partial
100710,113343,127593,Pending
101807,112793,41658,Paid
108089,45814,21750,Paid
102981,64615,106344,Pending
106945,92846,65124,Partial
104138,110132,109460,Partial
109118,111280,45180,Pending
104636,51568,112755,Partial
105366,64740,74499,Pending
100163,68696,39121,Paid
108276,49897,74697,Partial
106952,63770,114210,Partial
102233,65466,129570,Pending
104719,123152,31392,Partial
102283,50970,140063,Partial
100142,42345,38843,Pending
105119,136537,120580,Partial
108628,89780,143927,Paid
105857,64154,48690,Partial
106448,134023,86414,Paid
105543,121751,109842,Paid
107672,121237,51356,Pending
105822,54796,97062,Pending
102833,78232,15909,Partial
101515,48143,16171,Paid
109095,100473,64908,Paid
101320,32548,25735,Pending
107944,49362,117994,Partial
109231,85728,134636,Pending
109739,65970,37706,Paid
100006,67300,22282,Paid
105902,52344,83409,Paid
104776,121555,32329,Partial
107258,52285,75004,Partial
104580,59243,102289,Paid
109048,137201,97833,Paid
106455,110888,98076,Partial
101354,60540,147853,Pending
106591,80211,24844,Pending
107015,127808,73707,Partial
106366,130316,143843,Paid
106520,42439,45876,Partial
106238,110535,116198,Partial
100302,71480,21124,Paid
105065,75988,105542,Partial
107294,131569,139332,Partial
103318,62350,34171,Pending
101653,42684,130512,Paid
109681,84983,139008,Pending
100643,72314,34480,Partial
104906,30250,131759,Paid
105192,61141,68718,Partial
101273,131193,61715,Partial
102425,146753,135189,Partial
105522,88641,12668,Paid
106366,76640,27776,Partial
101502,41600,147765,Paid
108294,33813,65387,Paid
109536,143310,39078,Partial
108285,105541,10860,Pending
105713,87791,96844,Pending
100971,80458,13140,Paid
100814,135907,47615,Paid
108770,82535,59349,Pending
104616,131509,78092,Pending
107487,106265,147378,Partial
101249,65028,103417,Partial
105583,40930,71813,Pending
106293,122737,91789,Partial
104017,79856,47578,Paid
104697,136297,48114,Partial
106972,101034,75088,Paid
104889,48837,77865,Pending
102399,108415,32240,Pending
109087,84651,126438,Partial
100745,117895,42919,Partial
102789,142272,112872,Paid
108480,44416,35360,Paid
109687,38604,90554,Partial
100549,116445,16513,Paid
108176,87559,24840,Paid
109532,109113,35328,Paid
103668,68363,141938,Pending
108221,109672,62698,Pending
106629,31271,57533,Paid
105795,107828,62604,Partial
101329,69629,18665,Paid
100785,139792,128295,Pending
106598,47259,89002,Pending
100176,66044,45464,Partial
100853,43588,69223,Partial
100690,101639,85189,Partial
106379,51150,138377,Pending
105307,39057,84171,Partial
109303,35054,86535,Partial
109867,30067,61731,Partial
100852,117573,127853,Pending
105668,44202,116079,Paid
100303,114536,110687,Partial
101616,141998,27551,Pending
104540,77799,78964,Partial
105729,133349,53188,Paid
109022,53491,80392,Pending
108105,93210,16572,Partial
105454,130896,71189,Paid
105352,119339,24029,Pending
108250,110247,32642,Pending
106085,145548,52467,Pending
109086,70470,93829,Pending
106283,120041,58807,Paid
103292,52772,137703,Pending
102374,111973,13194,Paid
105633,52895,60768,Paid
100287,116984,82710,Pending
104452,59931,12905,Pending
104504,122196,66789,Partial
102263,38936,91574,Pending
107236,131433,37702,Pending
101737,131782,100620,Paid
109256,95155,125234,Partial
109856,65948,140880,Partial
100921,134954,43817,Pending
103416,46483,94091,Pending
105483,64416,149302,Pending
108569,132506,113460,Pending
100043,85020,27330,Partial
105562,61059,10648,Paid
108937,53698,62562,Partial
108442,33212,39312,Partial
101816,32793,107623,Paid
101533,141618,38931,Partial
105642,121798,23878,Partial
105728,108219,33135,Paid
100730,107364,95373,Pending
107521,105657,87775,Paid
107651,59328,33691,Partial
106114,138182,84383,Paid
108694,93403,64234,Partial
102614,146841,72162,Paid
107065,40637,72828,Paid
101278,80145,128026,Partial
105714,47616,107378,Pending
101930,94764,139681,Paid
104027,109501,38986,Pending
101665,39694,73466,Pending
109333,71857,120338,Partial
107904,35342,135909,Paid
102090,55435,10105,Partial
108092,105623,39939,Partial
105296,143413,149923,Paid
100606,36394,145270,Pending
101939,128603,146579,Partial
106234,105212,120337,Partial
103332,103980,67026,Paid
104682,73430,138090,Pending
109687,106895,32197,Paid
109906,95121,11098,Pending
103856,62195,142845,Pending
107569,144085,72153,Paid
102467,67235,91535,Paid
104333,30175,38307,Paid
106932,60671,65863,Partial
104773,50670,120576,Pending
101106,74082,59718,Paid
102224,95966,84174,Pending
102150,97970,89169,Partial
101211,121859,95009,Paid
107109,97340,58988,Pending
103180,75680,137395,Paid
103298,49079,94239,Paid
107095,135836,48653,Paid
101573,109515,52133,Pending
102971,34832,122288,Paid
107444,126057,12896,Paid
100667,130247,83065,Paid
108998,43922,107609,Partial
106064,54635,114253,Partial
107592,83412,148790,Paid
104847,130593,86894,Paid
105695,53012,92673,Pending
100786,66291,85392,Partial
101949,99912,11961,Partial
105200,101452,125558,Paid
101489,99246,93186,Partial
109311,65207,104264,Partial
102500,148395,142207,Partial
101727,79350,138325,Pending
107900,117128,80305,Paid
108791,125312,148983,Partial
100547,143918,134434,Paid
109678,144743,108430,Pending
105158,135156,103597,Partial
105845,46446,13156,Paid
101788,38828,72028,Pending
103741,44749,24035,Paid
102175,96429,76732,Pending
105517,118970,28958,Partial
104126,68840,13699,Pending
103364,116815,13656,Paid
103656,64500,121833,Partial
108918,136795,42480,Paid
106936,96226,76965,Partial
108602,107321,62111,Partial
101943,59881,72979,Paid
109788,52014,61209,Pending
108895,39796,106411,Partial
103364,104938,89597,Pending
106891,100088,126365,Partial
109489,119707,59879,Partial
105680,54013,48033,Partial
105785,108974,62139,Paid
105935,57308,39388,Partial
103331,135196,41350,Paid
100195,113189,39309,Partial
107773,61768,23454,Paid
101707,106989,115466,Pending
104027,62062,15529,Pending
108723,45004,32630,Partial
105842,43245,102202,Partial
100298,106203,114638,Partial
100729,95411,84047,Partial
109054,35893,130996,Partial
106775,44130,23702,Partial
100620,106341,133688,Partial
107527,49475,10523,Pending
109353,85462,115396,Partial
103652,95221,37488,Partial
106445,117879,115002,Partial
100560,138595,20051,Paid
106137,92409,120639,Paid
101442,104950,21336,Partial
109936,116519,43590,Partial
102246,30334,83028,Partial
101657,100664,62128,Paid
103634,71934,12721,Partial
107833,100704,95545,Paid
104112,106594,27012,Pending
100767,96675,128492,Pending
103058,61838,37231,Partial
100455,86564,118798,Partial
102072,108134,28993,Paid
107301,94684,127989,Partial
109910,87386,101051,Paid
109922,115764,44586,Pending
106580,72861,139754,Pending
101614,113579,89934,Partial
101651,52104,149109,Pending
109392,109004,58018,Partial
103852,106702,36564,Partial
105721,145778,100827,Paid
105375,110355,49108,Pending
100900,31886,119587,Pending
100230,65322,135983,Pending
106975,96809,54920,Partial
105848,78194,56748,Partial
101530,96432,82196,Paid
105084,36992,59465,Partial
108780,39916,96070,Partial
100702,43007,32415,Pending
103172,135812,47873,Pending
102948,48720,84854,Partial
109250,54785,52791,Pending
101662,83897,18919,Pending
103993,113741,51531,Pending
103397,58491,13564,Partial
104572,63313,91564,Paid
100636,106556,91373,Pending
106445,66642,130677,Pending
106746,115996,72683,Partial
104740,38386,25535,Pending
109015,133127,93517,Partial
104735,111033,42991,Paid
106707,89314,28897,Paid
108768,74504,62724,Partial
105358,139150,21724,Partial
100058,149054,108623,Pending
109271,98663,75224,Paid
107320,120561,138932,Paid
106486,130601,142920,Paid
104745,33056,15348,Partial
100673,137206,145839,Partial
105460,50121,140847,Partial
106735,145201,49307,Partial
104901,140098,26137,Paid
104271,148084,83413,Pending
105600,122419,91174,Pending
108713,67883,145608,Partial
109389,62017,81774,Pending
109305,64463,124713,Pending
105146,127785,81033,Partial
101567,32169,73843,Partial
106155,140297,129039,Paid
105565,117012,58690,Paid
104318,142136,48265,Paid
104287,130190,55894,Paid
102482,143359,42572,Partial
105112,139273,66887,Partial
100462,55672,50040,Paid
105704,113179,85884,Paid
102728,77405,23616,Paid
104001,134548,39297,Paid
106622,141992,104236,Partial
104790,144547,36401,Paid
101361,97619,79077,Paid
109152,125747,28550,Pending
109532,77673,38013,Pending
103814,52704,95191,Pending
109980,45143,54981,Pending
101125,77762,20447,Partial
107202,112322,47265,Pending
101243,96511,116514,Pending
107516,40185,27377,Pending
100498,111201,46164,Paid
106249,116934,143353,Paid
108313,127507,15370,Pending
108557,144074,20030,Partial
106780,99159,134641,Pending
105152,129903,21206,Pending
101203,141692,78990,Paid
105395,98694,35066,Pending
104821,43202,52934,Pending
104673,49015,86513,Pending
106773,100577,101831,Paid
104870,81340,137291,Paid
108581,135731,95453,Paid
108826,66439,36128,Partial
100521,107832,79284,Partial
105634,108896,43793,Pending
105302,96592,46972,Partial
106058,52858,52800,Pending
103015,45709,20966,Paid
105843,136627,16070,Pending
109408,133496,36670,Pending
106375,85994,48389,Pending
105933,119222,128407,Pending
109224,80360,81863,Pending
100314,115526,55244,Partial
104179,53533,42350,Pending
101855,130707,38327,Pending
104101,141463,42206,Partial
108723,90702,37238,Pending
105547,130331,26547,Pending
102798,148185,15883,Partial
102813,90276,34991,Partial
106876,91453,130076,Pending
104303,70665,97541,Partial
101315,124820,50882,Pending
105490,100493,144249,Paid
108488,143755,38326,Pending
105792,43703,88256,Partial
100493,72774,147250,Partial
106585,77010,144647,Paid
103315,68174,133015,Pending
107369,104424,62558,Pending
102225,86968,48275,Pending
103459,31331,115184,Partial
103873,88812,18934,Pending
102192,33005,10628,Partial
106680,117128,131635,Partial
105411,74604,132137,Pending
108175,104410,71576,Partial
101528,115451,133029,Paid
104573,87126,130726,Partial
107846,79258,21378,Pending
101802,103540,59235,Pending
102566,115033,24319,Pending
109705,60323,16513,Pending
100892,59113,112535,Paid
103374,31779,145292,Paid
107781,48947,51186,Pending
103050,85876,52331,Paid
107951,118210,37508,Pending
102050,142761,38302,Paid
106456,50203,97261,Pending
106202,93162,122740,Partial
100903,130118,108197,Partial
104321,61722,130937,Partial
108402,85833,24873,Pending
107361,64986,13175,Paid
100466,137043,149949,Pending
103141,48621,85778,Partial
102426,138437,129710,Partial
102143,97910,135912,Partial
108633,122851,100009,Partial
102528,36471,61720,Paid
107311,55622,145417,Partial
100672,131480,129763,Partial
105605,113778,104116,Pending
107228,143105,15456,Pending
107505,123479,97346,Pending
108860,61535,109782,Pending
106169,133534,146570,Pending
108714,74459,66777,Paid
106653,123108,85835,Partial
108475,96401,101891,Partial
108964,35584,106991,Paid
108430,115958,140877,Partial
105013,94818,111189,Pending
107045,111601,90311,Partial
102161,64219,17931,Paid
104811,72906,82132,Pending
109887,35838,112201,Pending
100209,134371,131011,Partial
106456,89337,145754,Partial
102618,63422,100807,Paid
104454,103993,65643,Paid
106144,50882,61238,Pending
103633,76857,119074,Partial
103173,97741,119695,Partial
109462,86039,129905,Pending
107649,104480,148200,Pending
108304,57845,62445,Pending
105864,130296,131826,Paid
102126,135401,29619,Paid
105964,97332,111272,Paid
104624,104430,129414,Paid
100315,67228,92405,Pending
100234,47727,135063,Paid
105793,58838,99440,Partial
108643,59726,21066,Partial
108149,83913,88474,Paid
105240,117918,62385,Pending
105694,40337,131230,Pending
101530,139881,128710,Pending
108221,43789,30529,Paid
101969,111543,26028,Paid
104672,37902,27501,Pending
109949,42093,101120,Paid
102041,31674,34520,Partial
103663,100448,135087,Paid
106272,69508,115681,Paid
101570,55658,124932,Partial
107064,74446,109976,Partial
107154,85449,49361,Pending
108199,82587,120321,Paid
105296,93651,10553,Paid
100331,52935,89843,Paid
101883,69799,105384,Paid
108196,107872,138919,Partial
109367,74032,53150,Paid
109955,61187,142367,Partial
109402,72199,105464,Paid
106975,65041,67348,Partial
102292,149679,66022,Pending
108092,68832,36638,Paid
101585,64799,81625,Paid
104778,74715,135236,Pending
106313,135851,73203,Partial
102807,86278,123275,Partial
105801,86255,22640,Paid
103814,80713,126390,Partial
104727,127458,45984,Pending
102076,133229,23553,Paid
103915,124912,134441,Pending
103424,138064,19551,Partial
102793,84835,80933,Partial
105563,124237,56928,Partial
106345,70814,52296,Paid
103834,80460,81706,Pending
108564,34887,132779,Pending
108754,143267,108913,Partial
102110,92978,98291,Pending
101631,130327,41080,Partial
102200,44403,50738,Pending
102028,143969,73920,Pending
107049,80182,104169,Partial
108168,93915,81215,Pending
109497,93744,147756,Partial
104499,80380,131512,Partial
109392,52269,75312,Paid
107073,105912,109491,Pending
102825,48349,46357,Paid
108395,68205,73740,Paid
101875,111548,129991,Partial
106450,137518,14990,Paid
105166,80703,138041,Pending
107030,123108,128072,Pending
100962,77379,132312,Pending
108767,137730,69265,Pending
101894,42280,120888,Paid
102741,90893,138662,Partial
106984,143452,104729,Paid
102769,57720,98183,Pending
108647,118060,125730,Paid
101256,92155,106214,Partial
102508,50643,125802,Pending
108745,140496,108665,Partial
104627,92964,67240,Partial
107202,89783,52808,Pending
109863,102378,100555,Pending
104914,120687,99414,Partial
103862,122226,66139,Pending
108169,37356,23892,Pending
100362,96566,142770,Pending
101198,38543,25268,Paid
102392,33555,130983,Paid
108800,119660,76422,Paid
100079,52852,42933,Paid
107985,64807,58251,Pending
101091,137366,107811,Paid
103538,77277,103915,Paid
108347,123134,113708,Partial
100870,30208,27966,Pending
101190,36369,92744,Pending
106255,77875,59452,Paid
106750,126342,110392,Paid
106463,102766,49483,Partial
101556,59923,90347,Pending
107027,98098,55783,Partial
107072,89755,80272,Pending
102970,63848,73843,Paid
105949,34017,46469,Partial
101786,32083,77740,Partial
106682,66527,102777,Paid
105770,66246,65281,Partial
105349,133902,87097,Partial
100077,95918,107403,Pending
101649,141677,18284,Paid
103544,51732,91860,Pending
106766,133038,84981,Paid
109157,143587,126765,Pending
102452,74407,13899,Pending
106717,149591,98076,Partial
104529,93002,49577,Partial
109583,107614,87695,Partial
103312,88291,74164,Paid
107821,113837,114727,Pending
107582,133977,49021,Partial
106695,124369,145107,Partial
101795,104126,98957,Pending
104339,35160,40989,Partial
101933,112100,31961,Paid
105882,144850,104417,Partial
108124,131756,141267,Partial
102598,73392,73702,Paid
106410,64661,108002,Paid
105620,123258,60396,Partial
104865,77400,111717,Pending
108260,90003,48087,Paid
108254,52934,65240,Paid
108396,125400,94866,Paid
107881,124811,50049,Partial
108315,34674,114867,Pending
101418,47620,112863,Partial
108751,149041,38141,Partial
105712,30738,26299,Paid
106077,46241,46593,Partial
100838,52004,103276,Partial
108149,135895,122786,Pending
109659,83757,119482,Pending
100960,114954,130148,Partial
109997,58072,117477,Paid
109116,76775,56971,Partial
103628,77188,84909,Pending
104221,102323,121106,Paid
105927,69718,143342,Partial
100834,64263,95187,Partial
108848,101305,67415,Paid
106369,107152,17809,Partial
101464,90041,31493,Pending
105603,89440,26391,Pending
106775,48686,44277,Pending
102926,82206,42726,Partial
103953,38202,16603,Pending
109787,128763,82412,Partial
100757,48986,80879,Partial
100876,52403,22857,Partial
106047,79352,129729,Paid
106442,84249,49380,Pending
107830,33146,121258,Partial
103849,36645,23664,Partial
105254,51004,105292,Partial
109749,148932,66493,Partial
102610,111152,59650,Partial
101762,74161,96563,Partial
105444,89495,146919,Partial
102302,53194,39135,Pending
104007,33133,64065,Pending
108060,128942,134233,Pending
109467,105756,139848,Pending
104299,36655,11160,Partial
106729,133784,32723,Pending
101822,86209,98099,Partial
106135,84691,94839,Paid
107626,143925,71476,Partial
108180,149911,59994,Pending
104574,87875,57407,Paid
109114,93067,26887,Partial
103675,127771,132519,Pending
103442,149098,147571,Paid
102817,119629,116586,Partial
101396,106621,134397,Pending
107906,109446,65923,Pending
102483,35594,130915,Partial
106512,115245,87623,Partial
102831,60915,120280,Partial
103611,130061,60782,Paid
100705,53622,99048,Partial
107355,138749,128379,Paid
105343,127293,90280,Paid
100844,46367,81925,Paid
109623,57901,62461,Paid
107303,54601,73199,Paid
107548,90351,121375,Paid
106076,122646,11444,Paid
106451,133745,36657,Pending
102592,106568,13183,Paid
107017,118001,91844,Pending
105146,148573,29941,Partial
108141,37058,132924,Paid
101907,130449,23906,Partial
108995,36953,25805,Paid
107417,98077,79003,Paid
105220,124201,66872,Pending
102178,127351,112651,Partial
102060,76978,34662,Pending
102955,84393,88439,Partial
108086,39154,11822,Pending
100449,137279,24579,Partial
106544,65767,60836,Partial
105404,105575,19568,Pending
100547,41746,138545,Paid
102807,102142,36523,Partial
100241,141149,29141,Partial
106195,85407,42036,Pending
105093,145637,53103,Paid
104432,115610,69283,Partial
104541,62233,60526,Paid
106474,113361,24130,Paid
103559,89060,92857,Pending
100926,57216,149018,Partial
102468,123130,101130,Pending
102551,46388,54691,Paid
103777,31206,43257,Pending
109780,105931,51033,Partial
106628,119900,77962,Paid
101804,138828,68049,Partial
103248,53250,12809,Partial
109164,89503,43830,Paid
102202,72166,63798,Paid
107283,141438,101684,Paid
105720,133963,89797,Paid
107543,32665,74463,Partial
101488,113743,65698,Partial
109669,91135,140757,Paid
105236,124390,68200,Pending
106327,77323,111886,Pending
109167,49840,79008,Partial
109879,108623,142178,Paid
106874,120640,42283,Partial
109044,128084,38674,Partial
107186,65777,146685,Pending
106555,30693,122939,Paid
100858,49301,10319,Paid
109468,96255,37817,Partial
107512,99151,123677,Partial
105285,104912,72088,Pending
101139,112108,93576,Pending
100371,113746,116418,Pending
105185,93878,61246,Paid
104055,47219,141299,Partial
105313,98797,137544,Pending
102482,134270,10012,Partial
107975,111391,85446,Partial
109156,146897,108967,Paid
104414,95516,38709,Pending
101150,43799,104006,Paid
102795,114095,144531,Partial
108244,128807,51465,Pending
103454,76179,79251,Paid
104748,95636,139361,Partial
103653,47801,67523,Pending
101403,127025,142210,Pending
108182,144727,118192,Partial
104566,122409,50742,Partial
107523,137780,146754,Pending
106943,33164,103236,Paid
101824,91851,20199,Paid
108021,32274,23710,Paid
109021,84676,59318,Pending
101710,73139,88048,Pending
102644,120905,45648,Pending
105591,134150,87919,Partial
104326,113935,129376,Partial
109086,38238,98687,Pending
100864,39769,132874,Pending
104801,63763,24090,Partial
109223,78515,66693,Paid
108459,133922,109770,Paid
101050,120207,124410,Partial
103399,61877,58438,Partial
108034,94875,139048,Partial
108192,62871,96839,Paid
104306,84136,44624,Paid
103392,57031,93667,Paid
100134,113685,72616,Partial
103039,58649,17319,Paid
107367,68420,120012,Partial
101516,42008,54707,Paid
105140,128348,78291,Partial
102625,41066,29665,Partial
106501,33783,99419,Partial
105971,76300,10815,Partial
107362,132458,34770,Paid
103993,36529,133425,Partial
101886,52686,12812,Pending
102046,95603,27483,Pending
109516,73408,89539,Paid
100592,37964,10561,Paid
100760,53785,98590,Pending
101834,36753,75860,Paid
101021,100571,73731,Paid
109108,109750,94396,Paid
103011,89373,75150,Pending
108810,93043,135652,Paid
106003,79520,73526,Partial
109937,55244,28101,Partial
107608,130566,27763,Paid
108434,76918,38467,Paid
107558,46642,127372,Pending
108981,55967,104949,Partial
103990,148871,41428,Partial
102726,87332,92758,Partial
107901,115081,75605,Paid
100696,122592,72637,Partial
104737,42407,92386,Pending
103160,40939,59239,Partial
107016,139190,104273,Paid
100880,117418,55890,Pending
100297,125008,129307,Paid
108174,33388,117968,Pending
108517,100663,97001,Partial
108592,42779,131747,Partial
101729,55321,20823,Pending
107764,37637,65610,Pending
102873,83387,16754,Pending
108110,141301,27651,Pending
109807,127717,144349,Paid
101313,35665,130442,Pending
104800,61223,140877,Paid
104400,100824,94777,Pending
101067,33561,30688,Paid
108230,54791,27486,Paid
102462,101721,73231,Partial
104395,58275,71069,Pending
106003,66237,23153,Paid
107959,93401,126417,Pending
107373,142487,141634,Paid
104186,80157,97026,Pending
106108,144215,14825,Partial
107547,90172,81398,Partial
105585,76152,94358,Pending
105517,136869,127021,Pending
101564,126758,66411,Pending
105797,111550,103353,Partial
105801,80602,137335,Paid
100927,33333,43297,Pending
103866,131776,33585,Pending
105934,105465,77175,Paid
102176,125569,112513,Pending
109977,113563,146712,Paid
101268,45282,44495,Partial
109898,106452,17961,Paid
108932,65557,58647,Partial
102911,105399,45065,Pending
102295,32068,73999,Paid
109727,121933,129353,Partial
107279,98440,40051,Pending
104884,31182,28191,Partial
104148,68714,15347,Partial
100389,47417,23435,Paid
102250,102381,11366,Pending
106473,118044,130039,Pending
104197,68184,107537,Partial
105022,135833,46820,Pending
100177,42961,75713,Paid
105783,144025,146228,Paid
105595,102399,27439,Pending
108309,134722,57247,Pending
109217,60632,133635,Paid
102303,110894,45426,Partial
109742,128970,18745,Paid
108065,38061,56001,Pending
101213,124314,14786,Pending
100659,124878,40109,Pending
105699,56728,123790,Pending
102572,122982,37566,Partial
104497,137800,53338,Paid
107816,40236,65595,Partial
104457,98196,94472,Paid
107623,93129,137707,Pending
105521,115657,10180,Paid
107227,95544,128119,Paid
105858,60535,43362,Partial
105372,58267,129552,Pending
108425,122836,64757,Pending
106746,116701,82658,Paid
102452,98919,70981,Paid
104637,76466,31504,Paid
108047,94906,15594,Partial
102928,136010,22934,Pending
108741,33570,59191,Pending
105246,115717,16555,Partial
109369,80021,104387,Partial
107949,125751,27845,Paid
102286,36120,45572,Pending
105653,38561,39152,Partial
101155,119010,126355,Partial
101897,34092,12254,Partial
107085,126732,117365,Paid
105843,61559,117239,Paid
101796,54733,137049,Partial
103218,79074,94854,Paid
104797,142801,54643,Paid
106994,133249,108759,Paid
107771,145354,129844,Paid
107751,57228,38611,Paid
101342,111037,57593,Partial
100562,103669,27742,Partial
103051,38857,89430,Paid
105310,68490,30440,Partial
104314,96399,69740,Paid
104935,138097,93916,Pending
100720,97680,92320,Paid
102496,99564,35696,Paid
103813,100044,116265,Paid
107032,128388,22764,Pending
103316,74869,89566,Pending
108810,119929,115074,Partial
109120,147416,123442,Partial
102964,138575,116912,Pending
106471,30955,19078,Partial
103581,81964,49963,Paid
101320,124521,63647,Paid
100624,112221,23144,Paid
105086,110377,12848,Partial
106526,149034,14461,Pending
104381,46692,118358,Paid
100348,63148,35311,Pending
101808,55361,118296,Pending
109745,124685,41464,Paid
100103,82543,95286,Paid
105576,103770,42479,Paid
104062,61491,146030,Pending
108684,57589,107776,Partial
107771,67710,135515,Paid
103271,108991,23616,Pending
104746,133381,140596,Pending
104397,96465,130108,Pending
107086,105059,75707,Paid
101454,82831,138556,Paid
107578,69027,140494,Pending
107983,69932,100926,Partial
107030,117476,117489,Pending
102468,147756,136997,Partial
109310,119104,46152,Paid
108800,58563,36884,Partial
101297,95427,23940,Partial
102692,42909,62221,Paid
105516,77312,137820,Pending
107040,106336,36243,Pending
101476,129909,125113,Pending
104854,43862,76073,Partial
107386,97609,65442,Pending
104739,39590,12865,Partial
107820,113366,146796,Pending
103874,141681,108044,Partial
100861,54898,34818,Partial
102948,44549,149316,Pending
104104,128516,140050,Partial
107792,31468,74712,Pending
106827,90189,92851,Partial
109809,61985,116549,Partial
103650,99575,49354,Pending
109814,126173,37055,Paid
108454,87379,120084,Partial
105510,140207,35053,Pending
103451,116840,146186,Partial
102239,107020,13839,Partial
104164,138728,76348,Paid
109068,71068,77954,Partial
105374,124913,13061,Partial
108546,102362,82540,Partial
105642,101211,20518,Paid
100735,143944,112010,Partial
109799,114741,132871,Paid
109311,72447,53678,Partial
106277,81504,134362,Partial
105861,148949,95587,Partial
101343,149862,112077,Pending
108936,73176,79311,Pending
103594,30081,76751,Paid
100792,120029,111301,Paid
106118,44805,51255,Paid
102486,114526,139594,Pending
108749,93386,67428,Partial
105062,115083,25680,Paid
107920,112277,23570,Paid
108137,55715,17243,Paid
105166,34851,76115,Paid
108788,33206,59988,Paid
100155,97675,131122,Partial
107018,117846,34111,Paid
104423,137832,85798,Partial
108545,50950,128442,Pending
101768,63373,101629,Paid
108363,50107,144950,Paid
106885,53320,86377,Pending
103803,102515,127912,Pending
104298,120688,65941,Partial
106377,84744,148114,Pending
102748,111096,97176,Partial
107717,102518,34023,Partial
103912,139571,121793,Partial
100047,99098,76294,Pending
105275,66209,104716,Partial
104732,93289,130427,Pending
104805,68273,14893,Pending
105826,110529,137363,Pending
106782,100469,65688,Pending
104155,85724,24955,Paid
106692,43050,23096,Paid
104535,55807,147352,Partial
107964,126800,50098,Pending
102861,54992,100221,Pending
109515,72090,127361,Paid
108498,130251,14613,Partial
101566,56809,121815,Partial
101151,83008,71820,Partial
108957,44911,76620,Paid
105400,118256,103162,Partial
100733,100530,24527,Paid
103973,60487,40975,Paid
103309,44471,21199,Pending
108515,66373,30782,Paid
102606,131903,107207,Pending
105183,97892,53173,Pending
104655,77713,121037,Partial
102095,91476,98077,Paid
104534,68953,78615,Pending
105120,77751,31423,Paid
107476,38957,117245,Paid
102159,52394,144607,Pending
107624,64655,21492,Paid
100443,92849,115470,Partial
107469,64536,97361,Partial
103998,78502,46704,Partial
108289,59668,54689,Partial
109109,69119,99393,Partial
103293,49565,49474,Pending
104809,146599,142516,Partial
103266,146532,56707,Paid
108246,137228,85175,Pending
107922,72119,98079,Pending
108046,128372,36207,Paid
105979,31843,21224,Pending
107900,64916,81630,Partial
108539,38131,85745,Pending
104063,65737,145117,Pending
101788,114652,71817,Partial
106629,106599,49112,Pending
105356,120600,64317,Partial
107595,130852,99094,Partial
105919,82984,144496,Paid
102330,65518,112122,Partial
105994,32495,128210,Pending
105238,63348,126868,Paid
102950,113551,94614,Partial
103897,136886,23607,Paid
102406,128843,117763,Pending
102913,55391,146967,Partial
109557,69568,110608,Pending
106771,118730,49065,Partial
105394,90590,22214,Paid
105085,111219,68100,Partial
109376,106963,141187,Partial
107350,34044,112063,Partial
108747,61418,99695,Pending
101185,48106,135207,Partial
104833,137681,51959,Paid
105217,64937,38797,Pending
108195,82680,134402,Paid
109089,120276,120745,Partial
106786,31353,50978,Pending
103473,31972,79503,Partial
107466,66609,126427,Partial
104494,54197,124411,Paid
109689,54358,58634,Pending
100113,64892,72071,Paid
109293,114046,34353,Paid
102789,106633,51629,Partial
104179,93177,90802,Paid
103227,93686,10947,Pending
101331,93878,129911,Paid
103197,114558,100105,Pending
108178,65347,101509,Pending
106182,95131,81818,Pending
101347,146094,77332,Partial
109689,138988,112151,Paid
102051,133820,106206,Pending
105343,74670,129228,Pending
106061,43377,113156,Paid
100083,55787,37544,Partial
107456,62128,106822,Partial
109963,105692,29144,Partial
109243,83815,91892,Pending
103511,132146,91106,Partial
105905,32446,87143,Paid
101473,69756,122187,Partial
100767,121483,136127,Partial
107476,75317,111671,Pending
103685,89790,149995,Pending
100372,100305,73328,Pending
108481,80264,62576,Pending
103656,121812,147640,Partial
107817,136784,61142,Paid
107109,92799,45664,Partial
100608,101773,46693,Pending
101591,108493,65889,Partial
103459,138732,40745,Partial
104276,91353,11211,Partial
109164,81522,37283,Partial
106470,64990,16584,Pending
105358,134678,97516,Pending
102528,36156,104083,Paid
106884,97193,42339,Partial
107276,49649,145699,Partial
107995,31579,64046,Paid
108583,59878,86947,Pending
101278,140330,96481,Partial
105561,61750,63280,Paid
107085,34110,81768,Paid
109616,71144,58793,Paid
108629,138319,71304,Paid
108981,55477,133412,Pending
102039,35258,50008,Paid
107322,130702,90090,Pending
104173,39408,131841,Paid
108658,80770,80801,Paid
107967,69142,63426,Pending
100689,83211,112060,Pending
107755,77379,96460,Paid
107164,55713,74201,Paid
104985,49360,60611,Pending
103405,74097,22274,Paid
103736,108079,128966,Pending
109198,98900,148381,Pending
105223,78447,138433,Paid
101117,134750,27958,Partial
109730,51300,13080,Paid
105929,38093,86056,Partial
103996,49121,69640,Pending
101134,80308,116806,Paid
104690,110077,129506,Partial
108041,128004,26806,Partial
109717,32232,60744,Partial
101383,125697,73051,Pending
108937,145865,116510,Paid
109559,96972,110588,Paid
101021,72795,62880,Paid
108743,80162,99815,Paid
105193,130505,23727,Pending
106366,71125,53269,Partial
101134,120434,45032,Paid
109780,38635,71829,Paid
105734,97027,108199,Partial
102365,82114,49150,Pending
102898,100927,39962,Paid
105973,30360,16866,Paid
107708,74406,66147,Partial
103084,44657,60279,Paid
103916,35261,44087,Pending
105970,82818,133686,Paid
108097,30202,145227,Paid
105915,82816,127922,Pending
105031,64049,145205,Paid
105196,50070,24718,Paid
106022,31072,42885,Pending
105934,127453,42224,Paid
109732,61722,107181,Partial
103115,113162,14086,Partial
101032,97136,104372,Partial
109913,110472,142710,Paid
102098,112242,40247,Pending
107638,57470,90100,Partial
104618,141320,77097,Paid
109013,49852,17044,Pending
107091,55809,135785,Paid
102097,33130,117281,Pending
107652,89398,28557,Partial
109034,146810,119429,Pending
105024,149353,39559,Pending
109810,81686,64176,Pending
104392,59650,73107,Pending
109615,146160,50753,Partial
106463,85783,71399,Partial
107751,133256,105479,Pending
101267,99643,47211,Partial
106496,115441,44371,Paid
100521,42664,147540,Paid
101536,62570,22281,Pending
101694,72312,57518,Pending
103849,90200,127184,Partial
104780,137729,133851,Pending
106516,149712,100102,Pending
102183,104223,11154,Pending
106696,135033,19446,Partial
102967,144494,60977,Paid
102595,133472,121807,Partial
101255,119857,55483,Pending
105409,83317,63286,Partial
103122,70146,100377,Paid
105655,94880,15826,Pending
104403,97262,109786,Partial
106464,114287,70991,Partial
102345,88132,44053,Partial
100744,144763,106356,Paid
107823,139018,36674,Paid
103466,36012,136640,Partial
101866,78619,128253,Paid
101150,136189,63352,Partial
107673,112112,94724,Pending
109194,105601,81681,Partial
101382,72771,59018,Paid
108326,114795,118413,Paid
108005,45190,51970,Paid
105505,122009,80297,Paid
105669,44750,38745,Partial
102263,122154,92028,Paid
103727,56880,66533,Pending
100684,94531,74105,Paid
104921,127969,125253,Pending
109001,113948,148373,Pending
106859,96802,61066,Partial
109426,130461,65574,Partial
104719,43739,49146,Partial
108396,144162,148118,Paid
104687,78665,120904,Partial
100671,97044,69460,Paid
105306,72154,24288,Pending
104827,31788,75632,Partial
109591,116772,59398,Partial
102995,46410,82161,Partial
107365,73212,93912,Paid
104499,54045,62890,Partial
107203,83025,115762,Pending
101591,114473,80926,Paid
100915,134734,123551,Paid
101681,105391,97344,Partial
107731,146146,11753,Paid
109429,56196,94803,Partial
101879,107277,94025,Pending
105684,53612,83433,Pending
101264,104902,119476,Partial
102970,47599,105697,Pending
109201,71907,115816,Pending
101847,53498,100168,Paid
106927,37234,114777,Paid
100952,69791,137392,Paid
104758,91010,17374,Paid
104465,134233,88670,Paid
105795,58074,28249,Pending
100289,56986,103001,Pending
101037,111950,30435,Paid
101192,124347,55332,Paid
104324,119107,133142,Pending
106159,119069,120136,Partial
109798,81672,42706,Paid
108734,139782,131855,Partial
106609,88351,136539,Paid
106895,68317,77601,Pending
103201,87150,79214,Partial
100350,77445,129827,Paid
105326,121925,49637,Partial
104631,88849,10723,Partial
102698,47437,56932,Pending
108352,55927,13580,Paid
102368,44716,127970,Pending
103927,75443,139459,Pending
107584,136061,62812,Partial
101107,70930,37290,Partial
105175,91586,109794,Pending
106279,112443,24218,Pending
104545,126084,34666,Paid
108795,107504,98687,Paid
103222,124920,124483,Pending
103987,92740,73631,Pending
107016,122899,87709,Partial
105939,34335,31658,Pending
109393,108557,120331,Partial
107898,86519,116338,Pending
100334,119390,113847,Pending
101860,30250,22597,Partial
105985,99143,123808,Paid
105501,34583,73858,Pending
101444,102939,95920,Paid
106989,41935,91834,Partial
102514,109347,57600,Paid
109352,57129,123092,Pending
102866,121682,12677,Pending
108635,116392,60608,Paid
101549,36526,130935,Pending
109564,36495,122550,Partial
108777,72069,114279,Paid
101815,141043,63506,Paid
102809,87345,17702,Partial
101729,53059,83166,Partial
104400,67749,23388,Paid
102241,93654,47984,Pending
106218,75116,129977,Partial
103816,75218,96120,Paid
102472,115537,51387,Paid
107017,34986,55080,Partial
109432,120755,97450,Partial
107261,77951,85064,Pending
102645,51125,93965,Pending
101514,59550,93208,Paid
107567,120993,23604,Partial
103928,116528,82310,Pending
104386,35375,104180,Paid
107053,141376,82379,Partial
108938,96945,132623,Partial
107952,50041,149411,Pending
104837,54568,46397,Pending
107005,70761,105289,Paid
103538,140852,108124,Pending
109990,142469,89140,Partial
108327,60158,20506,Pending
100241,52698,96421,Paid
107589,54892,130648,Paid
102206,39659,23541,Pending
101321,84831,85908,Pending
107221,117099,96820,Pending
100203,77016,114079,Pending
108145,30056,11733,Pending
103741,40820,73856,Paid
109102,109388,132068,Paid
107528,111710,112187,Pending
106761,33562,41360,Partial
102026,137562,134411,Paid
106801,123020,39703,Partial
101715,61262,100081,Paid
109657,56396,20059,Partial
106325,145185,82322,Pending
104906,68646,111663,Partial
109175,68531,132888,Pending
102909,115781,34229,Partial
102145,131867,80206,Paid
104275,56585,103403,Partial
106825,101446,13073,Pending
104184,51744,102172,Pending
107108,72401,68990,Partial
101063,121890,22382,Paid
104294,71400,146023,Partial
108033,146203,114585,Paid
104030,113831,37304,Paid
105350,44718,72841,Partial
101875,31535,137456,Paid
100249,82144,26452,Pending
100044,61935,11774,Pending
101147,147732,46092,Pending
108901,64825,99047,Paid
109121,103039,82396,Partial
101780,56226,30676,Partial
109602,31704,76382,Pending
105374,128442,110998,Paid
100425,45316,51620,Partial
102017,34609,77495,Paid
104815,121484,116016,Pending
103075,101036,95916,Pending
100040,107196,94105,Partial
108683,95908,59947,Partial
104392,46814,101297,Pending
103665,133554,45362,Partial
106004,91175,71964,Paid
104962,43706,131636,Partial
109068,142224,10470,Paid
100000,118019,67019,Partial
102028,67388,35038,Pending
103516,126299,10019,Pending
104286,73279,51117,Paid
106307,114505,108654,Partial
109408,93310,26852,Pending
108361,124167,121042,Pending
101901,47746,88362,Paid
109090,121509,59995,Pending
104668,34458,132739,Paid
103138,127036,112264,Paid
108679,105634,38215,Pending
107987,48821,146568,Partial
106876,130982,139456,Pending
107991,62297,49395,Paid
108857,54646,120840,Partial
101202,39903,35690,Paid
104393,117312,47385,Pending
109346,107637,118484,Paid
102157,41667,142618,Paid
102742,97901,130726,Partial
102878,145556,68835,Paid
103955,124337,90095,Pending
104377,126118,42278,Paid
106508,131041,22970,Pending
105238,132804,102779,Partial
102272,88786,68515,Pending
103923,67825,147355,Pending
100312,125917,12550,Partial
104384,138456,29687,Pending
103883,49470,90527,Pending
100005,86400,142745,Pending
103842,96217,31332,Partial
104194,108242,128976,Paid
108626,57535,46404,Paid
102839,64650,58412,Pending
108335,79450,62903,Paid
103086,36749,98793,Paid
103661,149335,19712,Partial
101556,45062,135782,Pending
100548,78865,75042,Partial
104199,144441,133859,Partial
105759,149370,20305,Partial
102297,131317,54949,Pending
109207,148381,79011,Partial
104293,85004,93326,Partial
102549,69895,43828,Pending
101415,80976,35765,Pending
102499,107678,27700,Partial
104809,123413,70824,Pending
108305,132267,125664,Pending
101673,69672,138664,Pending
101571,128913,25664,Pending
100108,31042,130580,Pending
108976,79629,52933,Paid
103329,51172,126740,Paid
103791,78397,92627,Paid
107103,111120,140393,Partial
107041,132683,22567,Paid
109647,56235,40404,Paid
101430,141827,54168,Partial
109461,30436,144781,Pending
108340,78779,82032,Paid
107296,121149,93789,Pending
103423,126572,117671,Partial
102054,82771,118553,Pending
105552,72241,90906,Partial
109088,70872,56331,Pending
108823,30872,60166,Pending
100125,78887,87459,Partial
105971,45669,40394,Paid
106934,149042,42977,Paid
108993,33541,54450,Paid
105420,40392,80516,Paid
104704,94259,116311,Partial
107865,99357,45309,Paid
107448,84414,116486,Paid
103011,87906,48673,Paid
106954,59065,49193,Partial
101420,43106,19873,Partial
102591,116167,84468,Partial
105220,66525,35643,Pending
105569,99815,18991,Paid
101950,98195,75569,Pending
107205,128227,104284,Partial
109510,47734,79881,Pending
103466,70684,16552,Pending
104309,128476,149298,Paid
107554,51894,113778,Pending
106394,106682,57718,Pending
102851,37332,133822,Paid
104529,33799,113841,Pending
104612,52755,148715,Pending
100463,139438,20613,Paid
107749,45634,89020,Pending
102907,35127,24978,Paid
104157,113723,88576,Partial
105982,123532,88596,Partial
100951,112955,78163,Partial
106261,121899,78827,Paid
101103,76064,66608,Paid
103551,37956,116304,Partial
107274,117193,118342,Paid
101436,81541,133715,Pending
100177,128269,96664,Pending
108319,90506,29667,Pending
103769,36330,49858,Partial
106034,101589,76638,Paid
107358,145771,130324,Pending
108358,110480,52383,Partial
104833,89573,30753,Partial
108399,69305,23643,Paid
100297,52599,96273,Partial
101028,84747,45901,Paid
109584,90239,68783,Paid
104757,33219,12534,Paid
104859,114370,10622,Pending
105653,80258,136948,Pending
105622,62899,64067,Pending
100702,84980,73836,Paid
108221,47300,39522,Pending
102600,49309,119731,Paid
106835,147210,75745,Partial
105920,50502,121805,Pending
109384,129309,66678,Pending
104973,63702,79398,Paid
104882,80887,131969,Paid
105273,79003,26578,Partial
106136,32464,24777,Partial
106207,93359,111502,Pending
101148,77007,67041,Partial
108175,136140,145861,Pending
106512,146940,144976,Paid
109334,137548,25989,Pending
108123,143906,143633,Partial
105182,98097,12758,Partial
108856,139973,145581,Pending
108508,58504,62982,Paid
100136,79568,56305,Partial
103406,114586,59972,Partial
107050,85039,89657,Partial
107105,107329,63246,Paid
105504,100157,139121,Paid
107210,57644,119884,Paid
109246,70711,98844,Pending
108138,37393,90971,Partial
102004,103974,74220,Partial
103343,107619,106588,Partial
101500,86706,108144,Paid
107233,75388,42066,Pending
105255,100226,97570,Pending
102979,49027,83162,Pending
104616,119533,19946,Pending
101613,72606,34218,Pending
108916,125600,19277,Partial
108294,64293,86189,Partial
101782,33433,134870,Pending
103191,41311,80572,Paid
106666,40807,128598,Paid
102172,125963,114129,Pending
105217,133116,13041,Partial
104492,75479,60294,Pending
102720,108930,12311,Pending
107744,93284,123203,Paid
104110,36188,11080,Partial
100643,94156,77473,Paid
105169,61343,142209,Paid
103864,60087,61546,Partial
105463,83963,128248,Pending
105172,32103,47328,Pending
105402,37057,32564,Partial
104040,145770,66646,Paid
106651,81102,124738,Pending
108924,99587,69161,Pending
100283,46691,77060,Partial
109540,31849,20244,Partial
107303,107078,92396,Pending
100734,109183,18819,Pending
102204,41285,143154,Partial
105791,105435,49959,Paid
101223,35336,118577,Partial
108000,56068,146471,Partial
108808,69735,42282,Pending
104280,98056,90192,Paid
106336,119351,101429,Partial
109597,78581,91613,Partial
103430,50354,18239,Paid
101975,117760,24757,Paid
109227,51238,66811,Pending
103781,58934,23643,Partial
102805,124270,102253,Paid
102569,137974,109717,Pending
105659,32817,133137,Paid
106267,125165,64965,Paid
104311,119307,62252,Paid
107196,105119,31564,Partial
104603,122542,21965,Partial
108865,63943,88670,Partial
109710,104898,134457,Partial
106821,62145,73695,Partial
108935,31381,51596,Partial
109062,96356,70002,Paid
106669,124398,38095,Paid
107223,93167,55754,Pending
109293,143607,109158,Pending
109860,99773,25129,Partial
102934,127828,101956,Paid
102794,92888,117837,Pending
100578,126191,16769,Pending
105719,88251,101287,Pending
109820,104833,80767,Partial
105082,45754,42949,Partial
108927,113040,94429,Paid
106380,34559,42665,Pending
101145,137389,14040,Paid
104816,46772,85399,Paid
100026,99041,33579,Partial
100563,47365,70601,Pending
106823,92086,46928,Pending
109159,123916,142298,Partial
100524,58655,47606,Paid
108175,137799,92703,Partial
107191,131739,79210,Partial
105450,123186,114943,Partial
106158,47747,35241,Paid
101106,131098,128476,Partial
105250,43686,83884,Partial
104834,60688,117843,Pending
108554,85860,111755,Pending
106849,80244,81189,Partial
100313,40830,76449,Pending
109003,70544,56669,Paid
106316,42987,133391,Paid
103010,139242,90088,Pending
109548,140273,132061,Paid
100081,37071,141123,Pending
100916,135391,77198,Paid
107285,114401,56690,Paid
107004,149597,132537,Partial
105129,133512,67696,Pending
101145,39026,54924,Paid
101196,124500,66478,Pending
107963,127719,124273,Paid
107781,149112,101942,Partial
101318,101051,113174,Partial
108108,91345,10095,Pending
103805,119447,16612,Partial
102019,32338,146962,Pending
103291,93942,78740,Partial
100762,90084,99066,Pending
106229,69679,73711,Paid
102665,101910,15846,Partial
107640,78274,38159,Partial
103718,118042,129884,Paid
106070,123825,87394,Pending
102547,140557,15241,Paid
101623,48799,96623,Partial
103006,66726,87511,Pending
101738,37887,119388,Partial
103671,122284,126197,Paid
108087,88825,94863,Partial
104770,121686,73055,Paid
104620,128286,103043,Partial
105358,76458,138049,Partial
101801,96793,129581,Paid
106282,33477,121836,Pending
108079,109441,78058,Paid
106762,97071,88152,Partial
106750,64757,103545,Pending
106706,62411,55942,Pending
104488,85345,37983,Partial
100287,132727,70793,Paid
105567,94119,119475,Paid
106136,38028,35819,Partial
100428,68312,93646,Pending
106033,31228,113072,Partial
105054,54901,10279,Partial
109208,144911,75327,Partial
107764,146713,116301,Paid
100529,64830,101365,Pending
109605,120185,119916,Partial
104241,65715,37635,Partial
101703,84527,87905,Paid
106988,76253,107581,Pending
104345,56773,73399,Pending
109406,48658,93078,Paid
103204,126434,61807,Pending
107057,135564,78190,Paid
106875,62426,47737,Paid
103894,88779,109679,Paid
106243,106470,45922,Pending
100430,53462,118866,Partial
103701,88321,44052,Partial
105817,133029,14393,Paid
106202,133279,43603,Pending
109343,102059,48808,Paid
108885,56059,27230,Paid
105039,108103,82946,Partial
106591,33780,148715,Paid
104248,48939,41479,Paid
101604,144754,28133,Paid
108158,80333,147697,Partial
100002,81494,118122,Partial
101875,131574,105883,Pending
105217,116109,16965,Paid
102021,123419,78830,Paid
109121,94779,29203,Partial
109223,143141,82647,Paid
108110,46821,42280,Partial
108959,144438,148060,Partial
107368,36153,99585,Paid
109804,115715,73492,Paid
102759,124282,131972,Pending
100134,130786,57500,Pending
108249,123867,72349,Partial
101902,43160,15470,Paid
102296,51324,60586,Paid
108956,128731,71842,Pending
100410,88745,81728,Partial
106929,134652,146871,Pending
102458,94560,18030,Pending
104507,113256,126219,Partial
102653,40672,35398,Pending
106849,110801,135994,Pending
104104,128478,103772,Paid
106247,131348,80808,Paid
109838,100036,93639,Pending
104143,58822,41361,Pending
107467,32070,100894,Paid
107078,35282,17388,Paid
108832,137650,52546,Partial
104121,55922,27042,Partial
101191,79727,87932,Partial
107303,91514,22578,Paid
108221,149578,55216,Pending
104151,67264,73452,Partial
108155,127580,118939,Partial
103618,121442,15427,Pending
108928,86559,131825,Partial
105479,37048,126934,Pending
104634,125908,138902,Paid
103014,40692,115491,Partial
108709,148630,122283,Paid
104088,57841,17519,Partial
100030,68272,64464,Pending
102271,123266,134457,Paid
106343,120159,66514,Paid
105314,126298,100078,Partial
105942,67420,77355,Partial
105976,124600,95832,Partial
102876,64465,147316,Pending
108773,120119,57150,Partial
105968,143047,62434,Paid
104594,78866,94749,Pending
109758,116515,85497,Partial
103870,114481,38769,Partial
109048,84937,89249,Partial
105258,135085,13994,Paid
106409,81689,51694,Partial
104717,48724,20184,Partial
106172,71649,89306,Pending
103476,71852,103777,Partial
108701,47384,54302,Paid
104972,127597,98549,Partial
107397,45474,133591,Pending
103583,143965,95292,Paid
100957,38347,69575,Paid
106207,81284,134813,Partial
108873,38255,74579,Partial
108349,144692,66242,Paid
100731,78058,52239,Paid
107414,48774,142961,Paid
101174,129330,57184,Paid
104761,133106,74820,Pending
102135,81082,13858,Pending
106359,53439,89606,Partial
108194,113338,123316,Paid
102710,128052,55122,Paid
107137,66984,127928,Partial
106854,141598,22675,Paid
108327,108345,90000,Partial
106386,34036,11227,Paid
108697,138081,130839,Pending
108790,145323,101466,Paid
103028,62395,70936,Pending
101988,139314,16613,Paid
108331,110503,89253,Partial
109704,105799,50396,Pending
107224,100590,39524,Pending
103132,136312,44572,Paid
105763,109827,16060,Pending
108260,31172,123826,Partial
101899,104063,39259,Paid
108983,146798,138118,Pending
107375,98950,127111,Paid
106033,112173,27846,Partial
102264,77702,10696,Partial
100415,133191,49338,Pending
108511,77013,148177,Paid
104149,78906,21263,Partial
100081,126443,90639,Partial
105393,37185,88229,Paid
100779,116810,82485,Partial
108731,97837,121625,Pending
106412,108219,75023,Paid
101389,108898,50862,Pending
107865,68310,91576,Paid
109846,102726,55915,Paid
109280,84350,131763,Pending
105987,128275,26522,Paid
104911,35973,76064,Paid
100719,67553,31421,Pending
108052,133549,75345,Paid
109607,99731,143053,Partial
101423,120710,143487,Paid
102895,145690,49973,Partial
108501,85046,96958,Paid
107825,106583,33140,Pending
106061,94523,76587,Paid
102094,45606,57639,Pending
105955,107222,82801,Paid
104220,77237,148216,Pending
103507,92422,25183,Paid
102170,82794,20085,Pending
100347,100217,62919,Paid
108385,136644,95905,Partial
102074,112731,43787,Paid
102139,77858,101304,Partial
102065,32929,147432,Paid
107430,96697,106743,Paid
102498,115340,137225,Paid
109809,77038,108987,Paid
108222,120595,41267,Pending
104244,35376,15963,Partial
104452,68894,101026,Paid
105722,132763,141180,Paid
106623,43123,48324,Paid
101874,57176,124875,Paid
100556,48655,103545,Paid
109521,147358,113357,Partial
105809,58014,112490,Partial
104350,123345,62442,Paid
105517,61240,120719,Partial
102527,77594,12525,Partial
105918,106730,44390,Pending
103085,49192,12242,Partial
103827,31692,125071,Partial
106108,99047,138878,Partial
105154,40645,124289,Pending
102330,60617,143102,Paid
100766,84696,120930,Pending
107758,41654,121865,Pending
109243,96260,106385,Partial
103376,77256,54948,Partial
106495,87787,23731,Pending
106039,55563,126823,Paid
102543,114686,80882,Partial
105185,76158,78528,Partial
105225,107055,78092,Partial
104265,83875,96288,Paid
107573,56905,92510,Paid
105667,55339,39638,Pending
102182,49028,105736,Pending
102150,74911,108536,Pending
107104,106114,143625,Partial
104415,46412,55641,Paid
106945,135876,64400,Partial
109132,90210,41322,Partial
101721,149687,87284,Pending
100871,54460,134409,Paid
108695,90621,11245,Pending
103269,52339,82448,Pending
109710,140758,80649,Pending
103695,93435,146723,Paid
104733,76379,30315,Pending
100539,117563,56086,Pending
108894,54892,71286,Partial
107152,66249,103047,Paid
100117,117031,115168,Pending
109850,136211,77082,Partial
103530,79157,66283,Partial
106565,32075,80659,Paid
104847,67580,126219,Paid
108241,47921,81033,Partial
100916,141182,149673,Pending
102181,104498,108505,Partial
108610,83048,123152,Partial
109221,62527,75215,Partial
107875,133535,108510,Partial
107595,111414,26052,Partial
103012,71850,88397,Partial
105296,31817,130098,Pending
105345,109091,139893,Paid
104300,82702,17897,Pending
105649,103015,23211,Partial
106983,83657,89290,Partial
103381,108914,94500,Partial
107401,88569,124718,Paid
107297,135575,106623,Partial
105364,91295,106087,Pending
107378,43758,133932,Paid
101351,136279,113558,Partial
103768,64913,79937,Pending
105851,85750,31189,Paid
103115,44659,145693,Paid
104634,136465,49544,Partial
106344,71686,26018,Pending
100508,45789,47294,Paid
100910,121723,84113,Paid
107411,141737,68823,Paid
101219,120521,55388,Pending
107254,40689,75895,Paid
109545,68210,55186,Paid
107345,32426,25492,Partial
100775,144983,11108,Paid
101628,34832,43312,Pending
100206,56225,149426,Partial
105498,60466,23985,Partial
102803,32498,122576,Paid
104512,35403,118876,Pending
108392,69416,135267,Pending
108714,119711,31922,Pending
104873,123749,85505,Pending
104191,89889,120149,Partial
101956,58948,149581,Pending
103498,134995,43123,Paid
108843,144118,92745,Paid
108272,38990,110899,Partial
107776,58210,95782,Pending
100539,134502,79717,Partial
101523,42919,26873,Pending
105435,96816,13972,Partial
105786,54816,60154,Partial
106033,89244,63248,Paid
107694,65420,142479,Partial
101847,32219,113226,Pending
103421,142410,149169,Partial
109543,69600,90123,Pending
101953,32450,48844,Pending
102232,50252,47949,Paid
101930,35598,28556,Paid
102843,71871,59469,Paid
106055,78296,56350,Paid
107955,33343,127216,Pending
103940,73720,59829,Paid
108416,44573,42735,Pending
107135,50168,53926,Pending
104175,37914,134593,Paid
109545,80452,20642,Partial
101360,42848,145729,Pending
102116,82639,37584,Paid
109337,63786,39590,Partial
105371,127404,74870,Pending
103943,141633,102244,Pending
101988,90164,27154,Pending
100167,100797,46244,Pending
108862,113040,77311,Paid
106725,36772,78917,Pending
108693,117788,129701,Partial
106383,113534,37889,Pending
102623,44002,42425,Pending
103313,44335,87757,Partial
108703,71434,114899,Partial
107377,126287,86072,Pending
102243,125871,99390,Paid
102747,86106,74684,Partial
104801,64708,46999,Paid
102624,140303,110293,Partial
109356,66185,65928,Pending
108805,89960,59479,Paid
108366,61177,13565,Pending
108542,129472,16121,Partial
105819,31901,133007,Paid
108648,66672,92086,Partial
104622,132969,37549,Partial
107582,39601,122380,Pending
107099,75073,116390,Paid
106936,120801,101508,Partial
104109,112877,100409,Paid
108444,91165,30807,Paid
105374,68803,99398,Partial
102620,112541,37442,Paid
104418,68907,16794,Partial
103171,42611,97244,Partial
102782,74122,126584,Pending
105544,42952,94747,Partial
107045,111708,13473,Pending
108516,66272,119039,Partial
109866,47567,56236,Pending
102262,100289,137423,Partial
108223,49806,35794,Partial
108388,128393,16503,Partial
108839,122379,34642,Pending
101458,48051,118035,Pending
108909,77674,129054,Paid
102617,114457,45207,Paid
105671,107123,116013,Pending
108903,70252,61284,Paid
109592,114716,83217,Paid
100411,99835,65020,Pending
105458,55407,40696,Partial
100978,42627,45478,Partial
100757,107155,45802,Paid
104249,67062,61068,Partial
104699,134345,14869,Pending
108710,69344,66498,Paid
104731,96728,133843,Paid
106804,81526,109184,Pending
109136,115975,62319,Pending
101091,124689,125113,Paid
106050,118548,41177,Partial
108028,114760,136055,Partial
101706,31024,77525,Partial
108342,149102,120142,Pending
109363,75552,61493,Paid
108548,111775,69361,Pending
107778,110673,94320,Pending
100183,98572,83804,Paid
102076,39300,85594,Partial
106419,59086,84450,Partial
102767,146059,118652,Pending
104905,60833,135329,Pending
108177,113718,90560,Paid
109746,35433,31774,Pending
101019,54168,95186,Paid
109711,89857,43457,Partial
108801,71129,126151,Pending
105051,86093,68202,Paid
106842,50157,56913,Paid
103007,33983,129536,Partial
103611,103087,23503,Partial
108592,71478,115726,Paid
108660,37461,67300,Pending
100071,149095,62649,Partial
101067,68319,105595,Pending
109381,142138,83041,Paid
107964,59177,22467,Partial
107720,128316,31967,Partial
106646,113887,125873,Paid
102116,118240,15228,Partial
102709,38762,133431,Partial
109837,116096,120223,Paid
100853,149449,51390,Pending
104319,34448,75732,Partial
109997,108623,110165,Paid
102496,48137,20296,Paid
100725,141447,33446,Paid
108534,148271,107935,Paid
105616,100087,41835,Paid
105945,51441,83901,Paid
102923,97061,52473,Paid
105439,53657,63616,Pending
109208,110875,113544,Partial
100257,51546,46541,Paid
102438,122342,38744,Partial
101522,75200,104108,Pending
106115,142279,59276,Paid
106113,77923,13866,Partial
109336,34532,29611,Pending
103268,63742,40226,Partial
107323,128802,83320,Partial
109655,56979,63063,Pending
100495,35245,106301,Partial
107714,139131,124593,Paid
102613,104861,94421,Paid
108949,91244,29706,Partial
104059,116049,122990,Pending
109799,64902,70659,Paid
102587,35986,72848,Partial
108983,109418,69435,Pending
100952,100907,82347,Paid
106938,108562,41696,Paid
107903,46158,104512,Pending
108100,54508,37494,Pending
100109,117256,124636,Partial
103197,58168,61366,Pending
104957,107864,132586,Pending
105859,112806,73453,Paid
108843,118984,140639,Partial
103653,54134,33958,Partial
109812,109309,95486,Pending
109953,73566,37311,Pending
100364,89475,92218,Paid
108229,54332,123482,Partial
101005,129186,23644,Pending
102857,36512,44498,Paid
104434,133748,126512,Pending
107511,35266,109448,Partial
101755,115628,53655,Pending
107534,113809,61852,Pending
105639,63905,144025,Partial
104660,41904,32955,Paid
102717,114031,125073,Pending
102831,96597,50274,Pending
101234,65623,129048,Partial
102481,53705,114220,Partial
107478,105314,140294,Paid
101843,84466,143112,Paid
102183,76532,31838,Paid
103795,35483,44498,Pending
105557,113264,12654,Paid
103155,83048,46495,Pending
100442,79660,107452,Pending
104422,132232,24792,Pending
109034,93734,64329,Paid
100718,77727,91567,Pending
108357,71691,14353,Pending
107752,41778,17787,Pending
100577,149270,65894,Pending
101200,130732,49026,Partial
108286,129626,68559,Partial
105398,136180,38826,Partial
103730,79756,123250,Paid
102444,49339,51880,Partial
107733,114044,140996,Paid
100487,44831,79536,Pending
106694,97243,85100,Paid
104274,82019,121963,Paid
105957,106738,88906,Paid
106839,126122,14461,Partial
105634,69856,135870,Paid
103729,79578,42011,Partial
101667,134064,63084,Pending
106508,30757,39132,Partial
101983,76826,47222,Pending
101376,146966,117650,Partial
106542,62493,43871,Paid
104555,66396,71943,Partial
106447,145271,32453,Partial
106834,48944,20379,Pending
105187,71230,114888,Paid
106747,138489,13392,Pending
104490,136543,84304,Partial
109591,63000,133209,Partial
102183,122605,126524,Pending
102558,52210,12350,Partial
107177,109520,89164,Paid
109729,68203,33218,Partial
105401,73359,125106,Paid
106177,147675,84495,Partial
105148,42715,24213,Partial
100661,132625,141405,Paid
107626,98420,80063,Partial
102421,144972,66401,Partial
102037,134558,41753,Paid
109215,78800,146593,Pending
104656,73367,56792,Pending
100263,131634,54709,Paid
109801,111040,11012,Paid
107235,84409,28619,Partial
109450,125717,91086,Partial
106822,94781,88317,Paid
107498,120442,142287,Partial
104523,133711,20574,Pending
106261,98925,127321,Paid
109016,124430,75082,Partial
105146,66779,77490,Partial
106241,72730,16360,Paid
104620,97486,114123,Paid
106453,78074,13744,Partial
100535,142173,75654,Pending
108047,83259,128556,Partial
104813,82028,37048,Pending
106656,43794,85055,Paid
109272,133612,33691,Partial
103979,35831,71040,Partial
102116,125244,105993,Pending
104047,33438,102926,Paid
103933,48367,16665,Pending
105337,45829,122561,Partial
105122,114001,22229,Pending
106975,101497,99040,Paid
108523,110004,135739,Partial
103190,149549,98501,Partial
101064,74261,15134,Pending
101716,143353,35501,Partial
101420,56890,117317,Paid
109313,67033,26879,Paid
106161,127312,121506,Pending
106772,40838,127534,Partial
103653,131950,54719,Partial
106777,138475,60555,Partial
106021,120182,138555,Paid
100376,144926,144246,Pending
107414,50938,51809,Paid
101231,42574,101125,Pending
108381,53529,11345,Paid
101407,99307,72185,Partial
107746,85908,147029,Paid
104356,145067,36101,Partial
100693,98023,106040,Partial
103782,102324,108650,Partial
103871,63766,16958,Pending
105394,48105,114137,Pending
102575,126197,30448,Pending
102835,115556,88182,Pending
105869,147365,84694,Pending
102948,142339,17775,Paid
101895,54848,106702,Pending
102991,129038,91449,Pending
104830,80571,148740,Paid
102601,62697,144567,Pending
105042,111041,144042,Pending
100822,72344,123823,Paid
100353,101974,77828,Paid
109351,143393,101575,Partial
108772,77625,107831,Partial
104291,111397,20916,Partial
107516,72361,58997,Paid
107811,41476,37466,Paid
108910,148741,126134,Partial
101037,134434,130055,Pending
105016,99577,25502,Paid
109522,84778,123937,Paid
107714,74572,55398,Partial
102932,126618,123071,Pending
102875,115070,48528,Pending
105342,33996,30785,Paid
109963,113922,119473,Partial
108993,41991,130123,Paid
105780,50868,67361,Pending
102856,117620,70613,Paid
102221,124742,129668,Paid
108236,92674,124710,Pending
109483,90811,50767,Partial
100852,146047,99565,Partial
100926,116677,144243,Pending
100941,64758,40089,Paid
106782,99855,123027,Paid
100705,77867,27729,Pending
104693,129829,129784,Paid
108640,97085,45313,Paid
109084,139159,66341,Partial
105065,62249,22590,Pending
104592,80686,112440,Pending
106710,127397,134609,Pending
107724,30643,25778,Partial
102996,120916,101448,Paid
106774,31882,45552,Pending
103449,149565,122334,Partial
109140,66461,96956,Partial
107520,95159,52830,Pending
107499,81311,35981,Partial
103701,131100,47928,Paid
102404,111609,115196,Paid
103864,134820,104767,Pending
105747,147197,122725,Pending
107840,77958,13096,Paid
102541,100388,41146,Pending
107277,60023,16207,Pending
105675,119476,40001,Partial
102584,128645,81324,Partial
106506,32023,24363,Pending
100486,76831,142052,Pending
107028,137553,72752,Pending
103586,83971,22425,Paid
102097,96527,31819,Pending
104248,81932,95584,Paid
109004,132762,36168,Partial
105225,71752,120827,Paid
108115,57559,16773,Paid
100013,39417,136278,Paid
108699,132615,53459,Pending
104319,98621,15368,Paid
103663,34895,67020,Partial
108291,103324,15572,Pending
108481,148840,118391,Paid
100240,96782,124469,Partial
103683,36046,67981,Paid
106002,132700,56753,Paid
109363,118201,143222,Pending
102128,122934,66687,Pending
108795,134737,91209,Paid
108419,145230,17357,Partial
100502,72971,106876,Paid
109335,109333,75831,Partial
104936,43938,59380,Pending
108695,49729,21633,Pending
106141,121201,147421,Paid
106224,58684,51252,Partial
106721,125359,18822,Partial
100011,80074,20038,Paid
109600,136965,43147,Pending
109873,87150,86241,Partial
105901,64696,113893,Pending
109298,137367,34770,Pending
109769,82570,82852,Paid
100585,86599,136297,Pending
100337,97503,139023,Partial
108436,127710,142062,Partial
104931,104158,86207,Partial
105125,95521,76666,Pending
101638,65424,75106,Partial
103240,126138,48333,Paid
103556,138402,76792,Paid
107472,36960,102920,Partial
105476,72414,146415,Partial
103440,134307,20585,Paid
104898,113844,39810,Paid
109756,106290,120011,Paid
100576,79240,20315,Pending
106371,57506,96140,Pending
102067,98910,147990,Paid
108660,64325,53927,Partial
105508,125950,82392,Pending
103641,142574,20577,Paid
109787,52710,63251,Partial
107677,136897,36177,Pending
100379,142574,30745,Partial
109742,93368,59271,Partial
100228,84182,64558,Partial
100999,47340,130650,Partial
108286,90996,80418,Pending
106249,72279,70804,Paid
102958,38405,57746,Partial
107195,97682,83297,Paid
100690,137430,24880,Pending
102619,84128,147306,Partial
100342,83416,132730,Pending
102109,51995,109789,Partial
103897,100065,90578,Pending
105238,65667,133862,Pending
108925,31525,117960,Pending
108722,126873,92534,Paid
102404,111041,77638,Pending
100441,46678,77561,Pending
101193,111736,28156,Partial
101956,117869,146255,Pending
105005,119921,92967,Paid
105704,69199,98480,Pending
106740,112402,140026,Paid
102439,80851,69569,Pending
103830,98175,116482,Partial
109339,56617,18436,Paid
103522,106313,137151,Partial
104746,135686,97370,Pending
109617,113913,43647,Pending
100086,106039,106248,Pending
106652,61315,137741,Partial
105932,144931,101060,Partial
108269,72566,24651,Pending
102065,97295,35062,Pending
101815,48768,17398,Pending
107412,102347,97767,Pending
103338,50600,147102,Pending
102508,106084,70710,Pending
104302,136716,110590,Pending
107157,107199,109817,Paid
104617,89220,122118,Pending
103674,91349,55797,Pending
107906,60667,32457,Partial
103385,78762,61773,Pending
105861,80969,149538,Pending
104347,75985,58703,Partial
103726,106538,19033,Pending
102895,135032,12864,Pending
100791,74430,128447,Partial
103282,142083,129639,Paid
105534,40932,105164,Paid
100722,91303,94381,Pending
108447,80263,23776,Partial
106796,88721,21461,Partial
103225,60450,60508,Partial
107904,70197,51166,Partial
107188,139084,85442,Paid
109111,64183,102622,Paid
108641,65812,71452,Paid
100985,53753,53735,Partial
102222,63549,47541,Partial
103118,91710,149225,Partial
101068,103257,39625,Paid
107777,120508,149680,Paid
100838,51326,127441,Partial
108200,67755,127109,Pending
101433,83983,121779,Pending
109390,68965,147097,Pending
103178,143697,45446,Partial
107733,82874,75122,Paid
106348,42320,118343,Paid
107883,90643,139843,Paid
103513,31240,81917,Paid
106605,54657,110081,Pending
101526,91915,77392,Partial
103466,132160,12625,Partial
100610,87703,141412,Pending
109082,101418,23889,Paid
100313,68754,131467,Paid
103155,104154,62679,Pending
102743,55304,63900,Partial
103643,122234,39214,Partial
101180,52053,36782,Pending
106841,97677,77287,Partial
105286,129305,36522,Partial
103970,118653,129317,Partial
109978,147188,18510,Pending
103602,78919,66793,Partial
106981,79718,102428,Pending
107068,39705,131354,Partial
104542,50848,92527,Partial
105993,45094,38622,Pending
102457,119339,62846,Pending
109698,83521,97895,Partial
102854,146214,66929,Partial
103627,98064,104844,Pending
108518,123360,52022,Paid
101210,77088,142549,Partial
106675,84479,79386,Pending
105108,98256,24035,Paid
105233,91554,128847,Pending
107680,96259,118023,Pending
106620,114242,34264,Partial
109537,86631,116840,Paid
102090,35135,135641,Pending
107848,84120,78997,Partial
106199,56411,71656,Partial
106344,73386,103480,Partial
102241,70331,51790,Partial
104414,48881,71052,Paid
102693,132280,115230,Paid
108603,86359,11674,Partial
103807,48655,17640,Pending
102700,77100,54758,Partial
101005,52473,141076,Partial
105300,97113,112905,Pending
109085,142329,37301,Pending
108771,42212,87421,Paid
107996,63646,138827,Paid
107811,129137,40245,Pending
103200,40530,87406,Paid
108037,102007,83322,Partial
103175,83984,128848,Partial
106285,147435,85405,Paid
108781,105820,25301,Partial
109245,119474,95761,Paid
107239,30248,147223,Pending
109295,74428,23852,Pending
101117,138885,77399,Partial
108460,57861,57857,Pending
100098,48376,71907,Paid
109275,66399,64839,Pending
104006,36469,81113,Partial
107601,129045,14749,Pending
106450,82172,111887,Pending
105619,69630,26960,Pending
107481,90942,59333,Paid
102963,143714,80824,Partial
107470,86063,141632,Paid
106599,85141,14326,Paid
103212,41169,55063,Paid
101269,149651,42599,Paid
108898,112446,23650,Paid
109112,142011,49647,Pending
107723,30038,140870,Paid
108159,63143,126817,Pending
107328,53663,37871,Paid
105883,71671,134744,Paid
108619,113184,122985,Paid
105180,41530,97070,Pending
102267,110668,102387,Paid
106641,121216,95287,Pending
106114,47184,146074,Pending
106554,135152,68811,Partial
100748,72842,48746,Pending
109410,114379,67970,Partial
102369,38519,32836,Paid
103650,44265,31938,Paid
107177,54914,92651,Pending
100644,50590,92603,Partial
107939,99528,146623,Paid
102966,108742,103323,Pending
108176,85185,57352,Partial
107142,78204,104963,Pending
103873,148235,125896,Partial
108891,57780,108727,Partial
109624,33405,13147,Paid
107354,104984,118769,Paid
103693,144895,48541,Pending
108624,32377,83082,Pending
106240,55290,61214,Pending
106717,61221,28677,Pending
100868,104927,100497,Partial
108278,126966,67245,Pending
103933,98324,56676,Paid
102119,93328,122796,Paid
107052,72944,83771,Partial
106248,141285,138027,Paid
107562,105831,124822,Partial
100942,139510,125200,Partial
102920,45383,58785,Pending
107291,75555,80465,Paid
102703,95162,72720,Pending
104578,42949,65713,Paid
100260,137691,86505,Paid
101263,109614,98967,Partial
104343,63068,75008,Pending
106445,76125,132360,Paid
101435,72391,83857,Partial
106325,72900,142793,Pending
104431,35808,117559,Paid
100243,98487,39816,Paid
105850,76154,80032,Pending
108941,59480,18084,Pending
104650,97320,25666,Partial
102930,86355,130258,Paid
102855,39200,101782,Pending
102620,85196,14591,Paid
104086,139301,92825,Pending
103856,92989,116438,Partial
107626,133626,141960,Paid
107086,59065,76793,Partial
108623,99220,71234,Paid
100807,62216,120156,Partial
105855,100414,95881,Paid
103369,117771,110122,Pending
102915,67080,62982,Partial
101077,145611,27464,Pending
105565,65655,65560,Pending
108521,77372,97701,Partial
108344,98140,47898,Pending
100196,71948,132481,Partial
107421,115273,83402,Paid
106149,120576,100340,Partial
104933,77966,107822,Partial
105699,110024,40503,Partial
102743,138360,29891,Pending
103434,149497,121295,Pending
108094,56410,43100,Paid
107327,132146,127594,Paid
100944,141145,70447,Pending
108089,84422,52338,Paid
106022,52454,67326,Pending
102904,61094,95938,Partial
100082,129685,78019,Partial
106171,91684,138972,Pending
104242,122845,108525,Partial
105201,88714,50650,Pending
103522,107402,53794,Pending
100200,63170,75599,Partial
102988,49189,125273,Paid
101407,59406,123379,Pending
109916,96786,129722,Paid
106983,92073,144659,Paid
107605,40146,62546,Partial
105271,126840,95261,Paid
103202,52622,60878,Pending
104826,37146,81336,Partial
107784,106519,92550,Paid
105405,125858,37659,Pending
109135,124775,37982,Pending
104853,38211,97187,Pending
108010,102105,33726,Pending
107459,111940,35380,Partial
100605,149493,35196,Paid
104329,110869,31998,Paid
108615,141607,55026,Paid
103106,70752,29159,Partial
101871,43297,100659,Paid
101192,148100,81418,Partial
106571,67481,117061,Partial
105795,68904,81044,Pending
108893,79488,127055,Paid
105316,52627,79603,Pending
106668,52332,22892,Partial
103126,33778,12762,Paid
106010,143589,24398,Paid
101895,46270,109240,Paid
100339,35989,107654,Partial
104252,33930,109669,Paid
108763,98598,31905,Pending
107670,82862,148425,Paid
107973,87283,58550,Partial
102761,56764,90762,Paid
107120,66989,108281,Pending
109523,90594,121589,Paid
108542,83267,99919,Pending
101207,91716,146185,Paid
103387,84632,112096,Partial
101728,35560,28687,Paid
108982,133647,115340,Pending
103802,44709,16894,Partial
101394,70442,10554,Paid
106740,58957,98493,Paid
107947,87894,26047,Paid
100912,135333,13798,Partial
102912,109995,42704,Partial
103713,77503,112289,Partial
101625,92999,78002,Paid
109635,79361,63061,Paid
108130,71067,115295,Partial
103897,65853,130518,Pending
100725,139231,60137,Pending
106167,86865,120775,Pending
104114,136657,98597,Paid
101702,138694,81957,Pending
105851,61363,27039,Paid
106927,82287,118459,Pending
106510,80070,75706,Paid
100678,81988,13766,Partial
107255,73450,81809,Partial
107659,75242,35157,Pending
109370,46653,131480,Partial
109548,130493,61697,Paid
103064,137336,112925,Pending
106303,133057,108666,Partial
101458,95333,131825,Partial
107065,130183,85411,Partial
102024,84371,108514,Pending
108182,97860,80629,Paid
108221,144163,131936,Partial
101909,87045,137016,Pending
105929,139800,98372,Partial
109370,121221,136395,Partial
109422,65763,115669,Partial
104430,85495,119935,Partial
102633,31363,50489,Pending
101975,36856,77773,Pending
101311,49613,113060,Partial
107191,98812,102460,Pending
105264,138176,139240,Paid
108171,131889,112537,Partial
105356,58410,135622,Pending
102096,47164,88821,Pending
106450,115617,112944,Pending
108536,91640,36862,Partial
104684,120421,36121,Pending
104317,87317,53895,Paid
108539,101412,125327,Paid
103826,108149,95023,Paid
103232,89815,73922,Partial
100647,98045,73794,Partial
104482,104385,125568,Partial
102409,76940,111959,Pending
103056,64890,80118,Paid
102533,50652,95931,Paid
103699,75444,130416,Partial
108022,134456,140393,Paid
103145,114347,72112,Pending
103212,133772,92197,Partial
100520,124675,34870,Paid
105057,104398,80264,Paid
102199,144992,76445,Paid
109861,114261,28470,Pending
106490,134795,57118,Partial
107569,46754,100486,Partial
100541,119465,21145,Pending
105986,40646,97793,Pending
108798,32096,24104,Paid
105113,101932,23675,Partial
103980,114358,74321,Paid
106342,104280,124854,Pending
105877,71811,38240,Partial
100888,41206,24964,Partial
100186,46105,40244,Pending
102577,96798,86697,Partial
105850,117274,80401,Pending
101862,116010,70301,Paid
104749,73459,100961,Paid
108201,88442,94491,Pending
103330,73994,59371,Paid
108060,76144,49389,Partial
107743,138852,111373,Pending
104513,70730,89129,Paid
105232,115629,113071,Pending
108670,124455,48251,Partial
104222,100849,129648,Partial
104929,43127,11609,Partial
100224,123278,90048,Pending
106551,119584,32519,Partial
105842,35202,51146,Pending
105824,45474,46261,Partial
108485,37907,50074,Pending
104845,69352,37468,Pending
104210,60414,98237,Pending
101524,143942,128701,Paid
104937,69524,114970,Paid
101098,117683,122332,Pending
104877,104765,109904,Pending
106081,81663,17644,Partial
109183,139907,125713,Pending
105308,149233,55092,Partial
102876,36250,97116,Partial
109140,92772,14943,Paid
101719,48872,60393,Paid
108726,93548,109241,Partial
103586,123806,65642,Paid
102530,89012,34388,Paid
102530,104118,100506,Partial
100028,84404,121223,Partial
101614,119348,111755,Partial
101462,148605,97550,Paid
104171,73403,97963,Paid
107557,103776,44633,Paid
101353,119494,45660,Pending
100610,134410,77069,Partial
106768,121408,78160,Pending
100777,96196,105245,Paid
107691,148763,42478,Paid
109365,139388,101006,Paid
108466,74512,10698,Paid
101003,115449,36995,Partial
107975,52583,13080,Partial
103556,69447,133150,Pending
103684,77921,12852,Pending
103640,138145,96305,Pending
105854,96183,79646,Paid
108259,113210,21095,Pending
107320,87946,102916,Partial
107196,93684,111731,Paid
103594,145440,39728,Partial
109696,126700,10913,Paid
109993,42287,108091,Pending
109941,86255,94938,Pending
106841,110105,55494,Pending
103373,91424,101274,Paid
102310,110912,34205,Partial
106831,87362,20547,Partial
107188,143415,39299,Pending
108311,120300,85324,Paid
107421,144133,127129,Partial
103267,102440,49505,Partial
106820,41454,95973,Paid
103415,120502,73666,Partial
102893,103635,42643,Paid
109200,101333,37324,Partial
102727,144588,145999,Pending
103675,145979,60269,Pending
103872,96142,140041,Pending
101537,108564,75374,Paid
103936,143089,118943,Paid
101081,52339,134620,Paid
107727,103880,37955,Partial
108011,111647,28686,Partial
102747,77266,51092,Paid
101971,58347,110753,Pending
102557,114710,43873,Partial
103196,84300,92667,Partial
106495,146621,63363,Partial
106711,54629,145273,Pending
102491,52660,67291,Paid
108447,110781,47596,Pending
101447,74703,117412,Paid
102039,123405,20614,Pending
103636,72659,27048,Partial
100638,45708,137365,Pending
101303,118479,95391,Paid
108191,79383,69533,Partial
105400,62669,105860,Paid
104757,32197,21069,Paid
109666,57907,76530,Partial
105484,146733,54523,Paid
106886,63974,71033,Partial
109007,138951,26682,Partial
103836,46856,43042,Partial
108526,142543,27766,Partial
108125,45437,27607,Paid
104513,60635,133857,Pending
101761,97488,117452,Paid
109312,80156,27279,Partial
102872,34269,10359,Paid
105184,136372,25696,Pending
102737,45216,45257,Paid
103823,39212,139279,Pending
102319,130615,89327,Pending
106278,116485,78592,Paid
108109,83128,88968,Paid
103729,53942,51722,Paid
101151,35783,122400,Paid
104161,119981,46853,Paid
109797,100519,134652,Paid
109768,30007,86587,Pending
108958,58133,65349,Pending
106200,102463,116018,Pending
102901,54790,76070,Partial
106374,104208,72715,Paid
104931,79561,53321,Partial
100498,54482,21463,Pending
106358,35371,129965,Pending
103022,142035,33169,Partial
109507,112148,51088,Paid
104461,40906,88839,Partial
106067,147561,81791,Paid
108008,60993,100732,Pending
109982,147988,69917,Paid
107085,32190,105984,Partial
107791,68190,96738,Paid
100301,79410,97356,Partial
105098,123597,114092,Pending
103060,124165,31905,Paid
103548,98070,137136,Pending
101058,149784,47090,Paid
103003,135962,26868,Pending
101203,101060,21966,Paid
105529,124644,49358,Pending
103141,73023,35496,Partial
108392,71734,119619,Paid
101935,141211,125560,Partial
102028,49109,146834,Partial
109016,81912,72671,Paid
102541,109809,134087,Pending
104736,101110,35895,Partial
104792,137311,143001,Partial
100985,68794,43643,Pending
107979,83989,130925,Paid
101528,79327,91430,Partial
103282,109393,25161,Pending
101842,33274,58233,Paid
102016,103339,106827,Paid
109943,37630,82165,Pending
108299,108685,111356,Paid
106383,126010,44796,Paid
108404,98935,66654,Partial
107083,106204,49939,Paid
106200,67984,118446,Pending
107092,51390,72916,Partial
102162,128460,129679,Paid
108287,67582,147359,Partial
102306,144275,18599,Pending
100138,104697,38678,Paid
106186,115271,37979,Paid
102394,86140,129158,Pending
104404,72370,142383,Pending
109536,122999,42013,Paid
103876,96608,124148,Partial
109853,134374,16335,Pending
104878,32878,87230,Paid
109547,38259,100713,Pending
101873,45454,67979,Partial
107713,107616,50982,Partial
104296,49263,69738,Partial
103439,146208,56933,Paid
100982,58838,77949,Pending
109661,70934,96450,Partial
102233,122873,144165,Partial
107082,114874,121611,Partial
108419,59564,126257,Partial
100946,71257,126508,Partial
104048,41637,11425,Pending
105906,132679,21440,Paid
104416,144846,135177,Paid
101079,118077,94099,Paid
104523,128982,92632,Paid
109720,82004,80621,Partial
109409,71679,147937,Pending
105566,57498,87908,Pending
104529,130417,88399,Paid
106624,45061,30831,Pending
106107,132198,113471,Partial
103222,143995,12672,Partial
100826,109049,50203,Partial
104159,91734,136501,Paid
108251,86467,141694,Partial
105078,32183,96625,Partial
109732,46701,70040,Pending
109087,97062,101559,Partial
104766,86795,97708,Partial
107782,128869,99963,Pending
109939,50153,29271,Pending
109698,149056,126671,Paid
107122,77284,67011,Paid
103009,113166,16707,Partial
100258,103248,48426,Partial
101979,147308,58401,Pending
102893,129955,98049,Paid
108519,67474,42429,Partial
109919,107138,85833,Paid
102640,54739,43673,Pending
104905,54288,67131,Paid
107080,118636,141841,Partial
105926,93207,70836,Pending
103203,142456,30018,Paid
109212,43135,134922,Paid
104007,48142,124365,Paid
102820,109588,125762,Partial
100274,66139,39921,Paid
101593,43583,21075,Pending
109318,73778,32571,Partial
108920,72038,38151,Partial
105085,135412,115860,Pending
106226,105688,35973,Pending
109474,44144,103565,Paid
102758,53164,128585,Paid
109882,111600,13349,Partial
106097,101618,43563,Partial
109670,110669,28265,Pending
107379,55439,17860,Pending
102395,70695,43029,Paid
100928,77342,97927,Partial
106557,66403,122053,Pending
104185,103692,96027,Pending
102144,131384,75720,Pending
104833,61560,28401,Partial
103009,91131,21618,Pending
100852,38145,141523,Pending
106073,62607,42257,Partial
103787,45308,109201,Pending
109225,38838,141218,Pending
101092,31025,90950,Paid
107207,63225,53197,Partial
102036,77080,76530,Pending
103974,84340,27671,Partial
106357,76260,61631,Paid
104369,111934,128242,Partial
109135,138090,117292,Pending
103156,146160,84400,Paid
109042,113868,12882,Partial
100395,108134,95513,Pending
107582,92598,20727,Pending
105529,91322,129369,Paid
100271,75808,69946,Partial
101633,104037,31271,Paid
106504,110585,146916,Pending
105127,104413,28289,Pending
102741,130046,112929,Pending
101049,88721,144948,Partial
101628,146875,64574,Paid
101564,46303,71143,Pending
107991,49672,108450,Paid
106852,144142,26005,Pending
107415,108182,60254,Pending
109088,120841,113763,Partial
102621,69510,10091,Paid
103435,71472,42666,Paid
106507,131641,17509,Partial
104892,81962,71127,Pending
106848,60211,145465,Partial
102843,40195,69843,Paid
105922,121641,86901,Partial
106527,114198,25738,Partial
102261,64683,98479,Partial
106630,92565,66384,Pending
108804,59669,106981,Paid
103360,132565,13110,Paid
107393,87996,31416,Paid
103566,76897,87572,Paid
103853,40474,105316,Pending
104303,31868,107860,Pending
103195,38360,148740,Partial
106182,85957,105720,Paid
104638,83428,102043,Paid
100813,133106,19830,Paid
101250,76559,101717,Partial
107404,120051,61048,Paid
107219,145624,78240,Partial
102370,67405,18090,Pending
109929,69657,137601,Paid
101438,135568,90248,Partial
103763,106670,117019,Pending
101857,50453,103908,Partial
100827,82451,47247,Paid
100485,148221,15621,Paid
101255,105498,144379,Partial
106225,76672,90595,Partial
104038,101510,53461,Pending
104146,33737,62837,Pending
105734,71067,146353,Pending
106382,43014,29344,Partial
100817,95556,22791,Pending
106148,148651,108100,Pending
104957,116629,142251,Paid
103634,111364,22483,Paid
109059,80538,43466,Pending
103292,39851,111294,Partial
109665,74710,59365,Partial
100371,81814,74623,Pending
101166,120621,57503,Paid
103476,51094,90810,Partial
109057,39680,48727,Partial
102565,74158,34256,Partial
108283,95359,77795,Paid
103992,118075,88629,Pending
109194,96075,36845,Partial
108027,89332,144819,Pending
102868,128700,146406,Partial
104141,53836,69601,Paid
102611,147554,90280,Pending
103103,77827,53546,Partial
101060,124974,19345,Pending
100573,83797,120646,Pending
106923,99450,131836,Pending
101804,123135,132287,Pending
105627,61013,135786,Partial
108763,45562,31958,Paid
104314,85294,109273,Partial
108765,87883,68218,Paid
108963,106209,109596,Paid
107040,67390,54287,Paid
101842,145682,15733,Pending
100631,96751,139548,Partial
109557,148654,75801,Paid
103788,34344,94360,Paid
107279,77410,58386,Pending
101772,47939,29945,Pending
106420,99215,50635,Pending
103660,81523,15958,Paid
100168,76308,87029,Paid
108468,134862,66027,Partial
102087,98129,36354,Paid
102890,57044,121263,Paid
104446,45892,63793,Pending
101387,33908,94092,Partial
109323,142137,127129,Partial
100433,143125,32948,Paid
103647,139327,129393,Partial
108065,133226,131397,Partial
107695,42037,13399,Partial
109919,43019,131075,Pending
109745,37144,51500,Pending
100549,100539,62161,Pending
100687,82331,147478,Paid
105145,91254,146598,Partial
102639,71370,148551,Paid
106027,75109,70526,Partial
102954,98407,147468,Partial
104159,47024,26140,Paid
100608,119443,18343,Paid
102391,106365,37885,Paid
101369,63409,20928,Pending
102298,110502,141670,Paid
106336,34858,101329,Pending
106053,58001,90991,Pending
105440,104051,142980,Paid
108213,82966,84059,Partial
108737,48918,63892,Partial
107520,108484,117080,Partial
106592,136171,128600,Pending
100952,93203,139277,Paid
103526,46922,45223,Partial
103043,54013,14724,Paid
104998,138078,139291,Paid
103681,120899,109635,Partial
103028,112093,12229,Paid
104784,119056,137102,Paid
103005,114346,89420,Paid
109073,30103,79557,Paid
102844,63655,37428,Partial
105245,139476,28316,Pending
101645,142428,123425,Paid
100322,44750,115119,Paid
104049,146266,23367,Pending
104675,137374,15219,Pending
102756,51482,32854,Pending
100304,40647,27316,Pending
104248,42202,52838,Partial
105312,49998,36835,Pending
106921,54399,100102,Pending
109501,69266,73081,Partial
108409,93344,12570,Paid
101392,138393,91103,Partial
108246,93247,33342,Pending
103001,57948,89376,Partial
109921,62462,35930,Partial
107103,95074,18276,Paid
104880,97687,83242,Pending
109606,139146,43256,Partial
100495,77287,125551,Partial
105314,81796,46297,Partial
109355,54941,61355,Partial
105326,49675,90018,Partial
106607,104101,127454,Paid
102988,95679,72532,Partial
106009,33849,12538,Pending
105991,41491,94216,Pending
107599,126138,145105,Paid
101107,141943,88447,Paid
106024,143343,116307,Paid
105152,68064,125665,Partial
107374,144108,58288,Partial
105315,123340,94171,Partial
105654,44167,103579,Paid
106384,31158,77770,Partial
106275,140350,136456,Partial
108639,146993,104204,Paid
109643,75792,92583,Paid
101403,114746,139537,Paid
107987,128513,117072,Pending
108836,142950,63935,Pending
102531,54079,39657,Paid
103614,45040,27479,Paid
103324,77775,121376,Pending
105674,79620,29198,Pending
103576,53734,26547,Paid
104612,76876,135948,Partial
101647,54330,38254,Partial
102861,146759,118456,Pending
106605,125807,22384,Partial
103980,119116,83849,Pending
101280,136299,87116,Partial
106672,51071,144568,Pending
103359,132162,63244,Partial
105931,126880,128323,Partial
104099,117304,18488,Paid
101100,59322,67748,Pending
102475,98535,148241,Pending
100845,37999,97656,Pending
101242,60248,92101,Pending
104299,112821,148621,Partial
107398,47644,140960,Partial
105490,138718,104478,Partial
107054,121359,15996,Paid
109691,101429,11432,Paid
102636,76774,11803,Paid
106226,119913,106970,Pending
101169,108063,16318,Pending
105684,133305,83689,Partial
101538,146263,140218,Pending
100146,130207,53561,Paid
105813,125383,100150,Paid
108358,118960,47128,Pending
104788,47280,47549,Partial
100999,80154,117435,Pending
108232,81147,89285,Paid
105963,43022,96240,Pending
102536,74330,16677,Partial
100968,91466,138958,Partial
103553,64176,61480,Partial
108657,140552,126947,Paid
101181,35013,102744,Partial
100441,127958,95325,Paid
106398,76056,111729,Paid
106483,116174,60288,Pending
102253,50924,107175,Pending
104316,129320,22003,Partial
101132,136204,34906,Pending
104866,123886,42374,Partial
107358,84683,144446,Pending
108846,57091,15422,Paid
100370,125119,100562,Pending
109964,35547,125342,Partial
100949,82556,23982,Partial
104547,80577,96129,Partial
103887,90671,103441,Partial
104994,125949,144849,Pending
103689,53859,132668,Partial
101598,137796,116563,Partial
109819,72116,63780,Pending
102408,126503,19155,Pending
109874,133073,24450,Paid
108807,123054,134608,Partial
109529,31365,68507,Partial
105452,53007,79554,Paid
109128,97095,136237,Partial
109619,55606,102988,Paid
105527,101256,22199,Paid
109922,111937,60904,Pending
101667,123347,113372,Partial
101635,67664,118799,Pending
104271,88017,16762,Partial
108883,36612,17211,Partial
103606,64569,132353,Paid
101141,58429,140958,Pending
106521,95071,75843,Paid
109702,33800,38957,Pending
107763,43982,139041,Paid
106023,53911,113418,Pending
100103,95224,38589,Partial
103651,115755,92779,Paid
107963,137816,34548,Paid
107222,70859,65656,Partial
100372,136003,26249,Pending
109954,59990,138618,Partial
109917,120429,61380,Partial
103715,104064,101537,Pending
104866,90821,87681,Paid
105277,54460,103241,Pending
101208,66789,140974,Paid
104550,114639,22747,Pending
109336,102579,71726,Pending
109140,99837,123823,Pending
108958,51092,65334,Paid
100364,121219,117411,Paid
103323,147391,23698,Partial
102546,120014,15569,Paid
109984,101014,82139,Partial
106442,120557,110055,Pending
102953,33693,87902,Paid
101482,34023,23111,Paid
101812,104776,146866,Pending
102657,90750,97040,Paid
105481,90072,80006,Paid
106511,111885,38944,Partial
108615,124511,64421,Partial
109569,109493,102313,Paid
104259,123962,49030,Pending
100380,34255,117167,Partial
102305,117908,52463,Paid
103078,30765,122439,Paid
107739,97973,101027,Partial
102970,115842,58039,Paid
107236,48813,46166,Partial
101736,31477,128261,Pending
104595,111536,78809,Partial
101658,34229,24341,Partial
105913,59927,74433,Pending
102954,148318,127894,Pending
102062,62552,67929,Partial
104246,82320,23046,Partial
105364,140982,148307,Pending
102517,78356,149963,Pending
102430,149877,97878,Paid
106692,79057,137048,Pending
103987,33014,84652,Pending
107037,142147,35403,Paid
104090,104885,85452,Pending
104207,127939,140862,Paid
102282,68491,87596,Paid
106271,73272,49056,Partial
106194,99800,53103,Paid
109534,130683,112770,Paid
102001,75754,92331,Partial
107426,100200,89250,Partial
101906,91767,128198,Pending
109562,73056,50818,Pending
105332,31117,120241,Pending
100347,116018,42910,Partial
102301,115032,144576,Partial
102966,73781,83622,Partial
101834,31554,54327,Paid
109131,137504,77077,Pending
105475,35432,94848,Paid
109522,78415,21976,Pending
100407,82082,90978,Pending
105723,69801,34543,Partial
105211,69066,87887,Paid
104445,99063,86147,Pending
106907,74427,107369,Partial
100715,111205,47285,Partial
109659,88508,31380,Partial
105731,40344,131984,Partial
105994,117549,79704,Partial
108450,68749,11178,Paid
108721,148360,64111,Partial
101097,56158,54098,Paid
109377,96501,48606,Pending
104913,45999,51560,Partial
108298,124218,99110,Paid
102424,106338,138304,Partial
109005,90543,46645,Paid
103098,111621,130451,Partial
104064,45792,55500,Pending
105721,48917,77568,Paid
100767,107382,95090,Paid
104772,93979,98385,Paid
104847,74401,114789,Partial
108698,135259,85567,Paid
109678,119887,120376,Partial
107560,95155,95179,Pending
101157,76291,52477,Partial
103249,126538,108043,Paid
100268,43614,25291,Partial
109205,148570,84605,Paid
103471,46249,37323,Pending
102951,41675,95736,Pending
104398,79104,30909,Pending
104013,102649,18558,Paid
106984,118475,124614,Pending
107736,131610,56376,Paid
107019,55451,99812,Partial
102150,90580,47926,Pending
105256,78201,117216,Paid
102136,32314,93869,Partial
100393,47550,71679,Paid
106236,131699,41050,Pending
107207,118714,143699,Paid
107608,60726,145286,Partial
106989,45700,66997,Partial
109340,55300,96015,Paid
109729,53503,125866,Partial
105415,68648,63595,Paid
100783,61939,41247,Paid
103290,67351,144460,Paid
101722,61995,13851,Paid
105849,32725,88578,Pending
105048,78810,62825,Paid
104243,142605,73851,Pending
102276,89307,127511,Paid
104419,123084,18343,Partial
106744,139176,98557,Paid
104223,85143,87255,Paid
109877,123707,61228,Pending
102955,90666,128732,Partial
105949,140969,100317,Partial
104037,97966,101897,Paid
108333,50367,147478,Paid
101917,125141,125017,Paid
107400,126762,47678,Paid
102887,90534,106411,Paid
106031,117093,98041,Pending
101066,78938,87698,Pending
107842,57191,138679,Paid
109159,117901,147936,Pending
109518,143483,33184,Paid
102308,103976,23404,Pending
107276,142967,137570,Pending
105415,52814,30439,Partial
102473,103903,42415,Pending
104621,75854,84959,Pending
103553,102691,116143,Paid
104018,139169,10338,Partial
105610,59390,42142,Paid
104331,71773,18681,Pending
104558,35469,26197,Paid
101350,109434,57136,Pending
102683,33189,81063,Paid
106300,70290,27842,Partial
105212,127317,46307,Partial
102103,122935,25798,Paid
103027,41968,110136,Partial
102274,79455,70795,Partial
103672,120162,48205,Pending
104954,93206,48780,Paid
104518,31580,97615,Pending
106921,60356,125575,Partial
108388,105231,20209,Partial
108358,34851,84253,Paid
100847,115663,96243,Pending
103805,124491,130250,Paid
108104,47778,137471,Partial
104390,54278,141881,Pending
101515,38866,123949,Pending
109914,138663,135626,Paid
100470,110787,33179,Paid
107834,138861,127224,Partial
109807,124173,46101,Pending
101602,129714,103499,Paid
108809,107740,33016,Paid
104334,62397,146203,Pending
107097,95938,76219,Partial
105681,41490,30361,Pending
109590,123358,73405,Paid
102854,140494,139285,Partial
109338,113050,121059,Pending
107162,91801,24576,Paid
101311,75715,136086,Paid
108147,47044,70127,Pending
103370,61386,48976,Pending
108113,37698,75115,Partial
108370,60471,40541,Paid
107199,135660,109180,Partial
108727,38334,84562,Paid
109761,96416,15802,Pending
107936,59929,147456,Pending
108774,78209,10085,Partial
101284,51477,20021,Paid
108909,57841,42870,Pending
105079,68090,15975,Paid
102711,142711,11302,Paid
107738,85384,91623,Partial
100243,106361,88345,Pending
107873,57690,143614,Paid
104103,111507,119693,Partial
105523,101101,18395,Partial
104542,96217,38688,Partial
102957,91583,37357,Partial
109944,86251,10892,Partial
103061,128613,74885,Paid
106689,135800,18711,Paid
102950,50154,124384,Partial
101111,55812,66527,Partial
103977,71312,40620,Pending
108047,131971,46625,Pending
100022,144627,52063,Paid
103965,133490,91845,Partial
104638,82854,115594,Paid
106983,97263,36896,Paid
106181,129999,74643,Pending
108383,42544,144901,Paid
106230,40866,126003,Partial
102638,125640,68003,Partial
108277,97304,35773,Pending
106109,99387,64814,Partial
109867,47502,135395,Pending
108547,116931,105870,Paid
109480,108359,81020,Paid
102766,126757,20832,Partial
105397,72275,49137,Partial
108420,50722,134349,Paid
103695,132953,35670,Paid
101913,83630,101964,Partial
102308,85912,104804,Pending
105418,66936,17011,Partial
106969,146965,67972,Paid
106182,82227,117228,Partial
101569,42687,143794,Partial
103684,145471,93795,Paid
100803,101810,76648,Partial
102503,62382,99578,Partial
103380,122463,116672,Partial
101179,146741,74539,Partial
109375,40285,132803,Partial
108751,36412,123334,Partial
104275,74913,107825,Paid
108803,132138,117526,Partial
101455,105319,124363,Pending
106826,105572,144122,Partial
103229,44808,88569,Partial
101523,125224,127882,Paid
108596,96607,34218,Paid
108305,111868,145026,Pending
107117,70991,129410,Partial
100995,62391,83149,Partial
108096,105592,79151,Pending
100385,111123,57125,Paid
104542,129473,50477,Partial
105826,105660,18641,Partial
102085,35200,95926,Partial
107125,38377,82468,Partial
100538,148198,125031,Partial
106180,72281,90699,Pending
103275,83492,28278,Pending
103008,73641,63177,Partial
101543,135225,53866,Pending
102631,125333,41437,Paid
104052,87864,46645,Partial
107094,90197,28340,Partial
106505,60829,139475,Partial
100843,44193,102825,Partial
104772,73024,144375,Pending
100447,88156,133602,Partial
103092,129126,145979,Partial
103404,138889,59554,Partial
106590,67704,128452,Pending
106814,125888,55462,Pending
102000,40191,64118,Paid
101238,92344,45923,Pending
104442,62278,44215,Partial
108785,142327,99507,Pending
104293,132218,69705,Paid
107062,75649,69305,Pending
102097,146426,65752,Pending
104845,60912,24711,Pending
100268,103594,97307,Paid
109481,126912,125383,Paid
103017,136380,93276,Partial
107135,42648,30041,Partial
101325,96671,86201,Paid
109688,62113,22079,Paid
102238,55139,91407,Paid
106793,120441,46068,Pending
107874,70165,118045,Partial
108595,115388,11995,Pending
105838,31903,92175,Paid
103292,141206,56401,Pending
106619,117062,116504,Partial
105065,109276,43332,Partial
103868,82306,28906,Partial
109706,140429,101883,Pending
104388,50517,100852,Pending
100207,96483,115043,Paid
103480,101713,145657,Paid
104658,132198,98283,Paid
108650,64258,75481,Partial
100230,111065,20176,Pending
107371,86911,129052,Pending
109058,101429,85833,Paid
107332,30477,20433,Paid
102455,89503,93869,Paid
101800,65222,127993,Pending
105084,101294,60202,Paid
108388,45681,114822,Pending
108046,87000,73567,Pending
109212,146157,58538,Pending
107278,95277,55503,Pending
108784,125607,119035,Partial
106149,81611,142383,Partial
104705,80025,87684,Paid
108855,124526,31757,Partial
107634,53491,25636,Paid
106567,106586,43035,Pending
106443,119216,140726,Paid
107560,31876,16409,Pending
102924,148306,58978,Partial
102408,68705,80165,Pending
101561,107798,47796,Pending
101841,69369,121249,Pending
108035,81549,12794,Paid
101143,139543,48046,Paid
103625,34869,120406,Paid
106240,93933,148915,Partial
102971,129767,90856,Paid
105402,85814,32510,Pending
108623,126557,35583,Paid
107607,125758,45829,Pending
109209,73644,126693,Partial
104825,136321,82641,Partial
100795,109128,39275,Partial
109701,46769,61255,Partial
101756,120346,17966,Partial
101395,34245,107459,Pending
103757,91869,72044,Paid
106197,118288,13102,Partial
103944,136618,130700,Pending
106210,53012,16201,Paid
106718,43306,125634,Pending
100473,74924,75142,Pending
104047,57014,33132,Paid
108879,56084,122519,Pending
106915,54042,13026,Pending
106542,96256,49273,Partial
105721,130304,92494,Partial
104721,135779,82353,Partial
104018,59727,139165,Pending
108079,149706,41507,Paid
107525,132520,105391,Paid
106704,97422,88431,Partial
106722,92768,112442,Pending
101282,61547,27818,Pending
106419,120878,106644,Paid
107558,53615,96496,Partial
109373,130177,53053,Pending
103576,76427,106239,Paid
109003,73970,103070,Pending
105360,106415,138255,Paid
109519,49237,99842,Partial
101294,122144,117458,Partial
106052,105830,104010,Paid
104383,92119,85846,Pending
102825,48796,69712,Partial
104053,99857,117733,Partial
107713,41747,28731,Paid
109847,114237,103945,Partial
103633,91510,37766,Pending
107553,47346,138414,Paid
107916,33557,137617,Partial
103157,36997,91462,Pending
101674,49272,107443,Paid
107483,52984,21817,Partial
109048,107675,19910,Pending
106259,88027,63499,Paid
105476,37404,136291,Pending
103380,46081,144480,Partial
109143,149980,43763,Partial
105444,43064,140472,Partial
103401,32923,74224,Pending
105093,46424,39442,Partial
100351,68702,121746,Paid
103058,38456,56495,Partial
109214,52207,75789,Partial
105657,145527,87744,Paid
101266,34477,91319,Pending
109971,80281,112592,Paid
102586,100774,110189,Pending
103037,89413,56497,Paid
108537,41400,41705,Paid
102743,91321,74586,Paid
105997,50745,103982,Partial
104787,139219,10477,Pending
104332,131817,127342,Partial
108813,67774,53534,Paid
107625,52839,10491,Pending
109566,136519,25417,Paid
107598,92047,104513,Partial
104759,119396,87340,Pending
108563,96565,133649,Partial
100627,145497,43747,Partial
103155,88154,118047,Paid
105528,119673,37927,Pending
102763,83508,105612,Pending
107366,69590,120796,Pending
108524,128587,36007,Paid
101041,149649,118442,Paid
106777,36556,16285,Paid
100972,117345,60815,Partial
104554,108912,60068,Paid
109211,70732,61860,Partial
102166,97789,92475,Paid
109007,131994,132166,Paid
105483,68544,10080,Pending
107052,91582,90830,Pending
106995,143269,86068,Partial
106837,53876,96336,Paid
105596,70482,28505,Pending
109347,52092,75758,Paid
106611,48319,26450,Pending
107544,82570,112687,Pending
108331,141070,65153,Partial
102192,140618,49400,Pending
104050,117621,120030,Partial
104303,75056,34628,Pending
100715,86586,109442,Partial
108197,124995,63257,Paid
108374,116981,31128,Partial
103179,79338,24994,Pending
104997,50319,17549,Paid
100808,146299,47892,Pending
101018,111843,13934,Partial
109746,85185,140911,Pending
109711,104401,54503,Paid
108212,46716,60010,Pending
108194,95661,16380,Pending
107088,52147,46826,Partial
109554,56704,23811,Pending
105701,57115,110112,Paid
102521,59637,83515,Partial
107892,57211,107841,Partial
104428,93325,13815,Pending
105196,141345,96226,Pending
104929,56558,140049,Paid
107606,79445,143005,Pending
104795,115713,118511,Pending
105713,101786,74136,Pending
109714,46860,143537,Partial
107400,99110,136825,Paid
104499,57966,79801,Partial
105058,39091,122733,Paid
101117,53904,12011,Paid
106023,49440,15125,Pending
108304,39670,32117,Partial
100375,39247,24570,Pending
106848,54382,67043,Partial
108589,84583,90793,Paid
105783,58984,14636,Pending
100313,67081,71429,Paid
106249,30094,39470,Paid
106844,135361,77293,Pending
102230,31948,139519,Paid
109432,46491,115769,Pending
109196,60623,128582,Partial
107456,99006,57454,Pending
107793,114239,27942,Pending
108635,112373,47162,Paid
108471,95727,112034,Partial
109556,70857,130579,Partial
107651,63245,62046,Pending
101873,119783,130731,Pending
101364,81456,126660,Pending
100678,107453,126251,Partial
101307,140130,126580,Partial
103226,42998,103518,Partial
101779,92926,88425,Paid
107185,60485,99643,Partial
108959,62642,139691,Paid
103163,79904,21022,Paid
100890,127260,73704,Partial
101484,117133,103058,Paid
104994,99397,71151,Paid
103151,135434,76088,Paid
108154,57363,40198,Partial
104188,122517,145403,Paid
108803,143812,146921,Pending
104491,143893,102569,Pending
101688,88837,46345,Pending
107314,64293,101066,Pending
104561,86871,108483,Pending
104448,55547,64234,Pending
105746,112366,138410,Pending
103197,71844,13995,Paid
102903,45449,38575,Pending
101355,30584,42659,Pending
103679,43962,35112,Paid
108027,131709,26971,Paid
101638,41100,58756,Pending
101373,54445,13586,Paid
102073,138788,118786,Paid
109551,65254,43312,Pending
102828,99431,112985,Partial
102579,124316,62532,Partial
107528,98388,108300,Pending
107950,44216,108665,Pending
100799,87022,38484,Pending
104987,147060,139268,Pending
102590,49407,103991,Paid
101281,115653,52769,Paid
107027,55414,143917,Partial
100603,41771,99882,Paid
108651,146696,130718,Paid
103721,119078,26252,Pending
103098,68073,119797,Pending
100342,37011,105245,Partial
108566,132682,76222,Partial
106791,105168,70541,Paid
101040,88183,82880,Paid
106039,149226,92030,Paid
109167,96711,61338,Paid
101335,60039,26514,Partial
103317,122055,62044,Partial
102940,53887,100813,Paid
108761,140363,46327,Pending
101954,39317,74383,Pending
109547,131520,106694,Pending
106451,45429,91491,Partial
106574,93086,62863,Partial
102861,148347,11523,Partial
107490,90291,54514,Paid
105570,36116,84362,Paid
109704,83190,41949,Paid
108308,111510,65609,Pending
107187,109300,15914,Pending
107921,36962,14017,Pending
106466,64477,15915,Partial
104911,93902,128917,Paid
104490,80283,81416,Partial
108407,47373,139814,Partial
104410,61322,33756,Paid
101444,134261,96886,Paid
107637,52887,139632,Partial
100298,143407,96341,Partial
105400,140057,99098,Partial
101024,84468,35698,Paid
104155,123827,93570,Partial
107945,75575,48353,Paid
109933,87149,108732,Partial
107757,134360,124926,Partial
105875,44628,67997,Paid
102583,53996,34194,Paid
108577,47043,23840,Paid
103741,70757,102229,Partial
102486,62774,124368,Partial
104942,144170,54040,Paid
106964,74216,75214,Pending
102438,120040,79940,Pending
101022,42284,68669,Partial
106156,72443,72873,Partial
109086,70254,96018,Partial
102266,93399,21383,Paid
106252,52365,48623,Pending
107505,56953,45436,Partial
107666,130747,46752,Paid
103889,43473,21690,Partial
106923,52620,19434,Pending
103254,144560,35764,Pending
109491,112078,139956,Paid
104310,30465,115654,Paid
100193,108949,80882,Paid
102638,64084,17991,Pending
101139,136738,80476,Pending
104708,65708,20339,Paid
108838,38395,137800,Pending
101131,33933,113436,Paid
109833,115028,53508,Paid
109635,47315,108630,Pending
105163,131315,21007,Pending
109126,145806,138192,Partial
102985,139796,15893,Partial
108052,122714,65759,Pending
108395,45928,138163,Paid
109582,93689,26315,Paid
106884,103049,114820,Pending
102045,95084,29318,Paid
103160,143490,74342,Pending
104193,88819,50348,Pending
107853,34969,108168,Partial
104645,140593,110350,Partial
108142,72658,14399,Partial
101559,54196,125726,Pending
108839,147838,12276,Partial
105959,71747,148168,Paid
103288,113288,35210,Paid
108639,79517,73888,Paid
104608,103564,78480,Partial
103792,145272,113129,Partial
108113,62731,65265,Paid
105831,127541,81894,Pending
107716,74534,123205,Paid
109192,66959,94534,Pending
100641,113004,101320,Pending
109372,56238,27041,Pending
104897,37754,22309,Pending
102255,82779,119459,Pending
106447,135914,35858,Partial
109344,118463,131665,Paid
103942,36571,131643,Paid
106466,107790,131090,Pending
102959,66280,50339,Pending
102656,89179,38464,Pending
103790,82522,36690,Pending
102315,133765,107251,Paid
108664,115995,70950,Paid
106602,142138,11299,Pending
109665,87599,86641,Pending
109953,49404,115330,Partial
101205,34149,92704,Paid
101726,108394,41759,Paid
107325,142595,74649,Partial
108892,146136,54730,Paid
101587,62915,27459,Paid
109414,95047,19944,Paid
100417,100339,63589,Paid
103277,105284,130540,Paid
100107,106348,108968,Partial
109267,79499,125555,Partial
108572,120406,137670,Partial
108437,83691,50310,Pending
100348,67463,17374,Pending
107112,132828,40304,Paid
104651,143145,57369,Paid
106942,86952,128524,Pending
101827,112338,77016,Paid
100373,57983,29859,Partial
103282,115152,64135,Partial
103077,80245,40997,Paid
109590,114988,128460,Pending
100764,55701,149917,Pending
101393,111813,54692,Pending
109257,81768,142883,Partial
102376,148528,10159,Partial
103446,112014,62987,Paid
107531,52848,44492,Partial
103903,133849,80587,Paid
106337,131459,32926,Paid
104486,52085,125726,Partial
102731,87085,98578,Paid
109531,33555,122116,Partial
108204,34673,124021,Paid
100156,144447,79771,Pending
109957,92808,110053,Paid
104932,116977,25254,Pending
103498,149267,88939,Paid
108527,111376,21207,Paid
104983,61826,134709,Partial
106396,110552,21557,Pending
106396,56184,144362,Pending
102517,50252,54783,Paid
106860,33714,52490,Partial
108005,67534,45679,Paid
107541,80868,10573,Paid
100319,94479,132912,Pending
107724,67238,103203,Paid
108667,49391,59249,Partial
106036,53639,112164,Paid
104310,74825,53747,Paid
107553,38275,99957,Pending
108596,143245,117604,Pending
104913,118143,133470,Paid
109977,40316,62746,Paid
101595,82481,111109,Partial
101912,56982,71141,Pending
100467,47121,106565,Paid
103275,120404,109098,Pending
107393,95222,11188,Paid
105947,118830,79365,Paid
101103,137606,140522,Pending
100173,86262,101727,Partial
103161,112012,33228,Paid
102592,93910,42541,Partial
104378,140072,85525,Paid
109398,103230,90436,Pending
106014,137359,138161,Pending
104329,111780,27255,Paid
105620,61932,20246,Paid
103565,112531,54016,Partial
107819,79484,144744,Paid
100124,134209,52559,Paid
106499,139661,32110,Paid
102430,121967,82023,Pending
109451,144176,33112,Pending
107365,75419,83395,Pending
100169,46209,49463,Pending
108717,50945,125204,Paid
105482,108988,100845,Partial
104506,30457,129523,Paid
109388,52990,144823,Pending
104236,76140,86677,Partial
100752,113579,148680,Partial
108468,148362,11835,Paid
107107,139534,113086,Pending
107479,115496,77964,Paid
108540,105333,115757,Partial
105085,122499,60461,Partial
100030,57378,80457,Partial
104135,141100,113488,Paid
107156,102270,111365,Partial
104776,94349,19357,Pending
106241,68177,132921,Paid
102217,68520,136467,Paid
104489,50278,30355,Partial
108582,77696,16907,Pending
109929,54685,43348,Paid
103105,55954,103616,Partial
102412,109343,139922,Partial
100121,73308,75133,Partial
105063,73769,99206,Partial
109921,88967,30133,Paid
101682,61309,121727,Pending
107515,31570,100856,Partial
101615,88852,15530,Partial
105623,33671,88338,Pending
103351,94182,53489,Partial
107695,144351,54836,Pending
100452,86523,33199,Paid
109241,116536,55678,Pending
102449,124970,27460,Partial
101271,88041,114495,Paid
103176,133847,147527,Paid
104583,55808,125858,Pending
105190,39544,66721,Pending
102400,111009,119357,Pending
102963,105639,76252,Partial
102112,45635,45350,Paid
106479,66838,81849,Paid
102227,90826,39359,Pending
101405,89481,28373,Partial
105105,90786,77341,Paid
103415,129795,73648,Paid
109539,135959,23610,Pending
101754,79532,40698,Paid
101549,126940,124657,Pending
102304,124135,80556,Paid
109918,71258,75790,Paid
109404,144950,89389,Pending
109859,42497,138901,Partial
107510,110111,81599,Partial
104842,135212,51987,Partial
101773,119790,92870,Paid
108709,71519,50635,Pending
104032,93743,25079,Pending
106592,93000,30071,Pending
102157,70882,18291,Paid
102731,62620,120019,Partial
104651,104262,53839,Paid
104263,99810,121248,Pending
107684,36204,136546,Paid
108785,143484,34604,Pending
106104,130591,50979,Pending
107659,49733,47581,Pending
104266,89297,115504,Pending
108080,44900,27353,Pending
101995,32309,149674,Pending
101145,143360,143949,Pending
108815,69871,124585,Partial
102897,123679,107368,Pending
106277,103284,145853,Pending
100497,100984,29906,Partial
109319,128930,10368,Partial
104952,65616,131882,Pending
109301,111478,31624,Pending
103737,82924,70678,Partial
102714,77118,102983,Paid
102650,134016,77909,Pending
105028,36231,76723,Pending
100311,106716,41082,Partial
106033,149141,29563,Paid
109841,68531,24847,Paid
108655,112218,139179,Paid
104091,86858,55511,Pending
105644,73713,48418,Pending
104838,73893,113860,Pending
105020,115654,75237,Paid
107045,60652,111041,Paid
105814,81636,61053,Paid
104250,45022,78965,Paid
104668,58708,58102,Paid
109412,59372,142977,Partial
102475,74546,17784,Paid
100813,119432,133855,Partial
102603,128367,19693,Paid
107388,70058,22434,Pending
101361,143969,93130,Partial
109170,130627,116344,Partial
104684,65856,107732,Partial
104204,84983,23714,Paid
104071,133524,22204,Paid
100030,126423,74968,Pending
101118,140395,68074,Partial
103558,133996,117169,Paid
106442,105758,47043,Paid
107329,136937,26316,Partial
108766,131597,25462,Pending
106266,64475,130485,Paid
103853,106037,31121,Paid
102843,145384,115565,Pending
104662,47787,79328,Partial
107572,133322,18629,Pending
108124,64039,72900,Pending
101845,113935,42053,Paid
100807,81343,107988,Partial
107585,114048,115766,Paid
107946,52068,65110,Pending
106409,39578,51566,Pending
107752,102592,117310,Pending
102860,133749,15405,Paid
109256,144151,133179,Paid
104889,89987,145578,Pending
108996,38096,53025,Partial
101551,135327,71712,Pending
104756,70940,118301,Pending
103985,112218,36443,Pending
109051,133909,64483,Pending
109420,112373,88385,Pending
109011,32782,109411,Partial
102036,104955,19030,Pending
106274,103187,27310,Pending
100876,98134,57852,Paid
102098,43723,96426,Pending
104634,54156,56213,Partial
109590,45639,81489,Paid
108797,107292,124336,Partial
105196,35739,148192,Paid
105408,30213,146685,Partial
104818,93693,104850,Paid
109452,95081,30444,Paid
103287,114078,118161,Pending
101454,44055,106614,Paid
105808,123175,29807,Partial
108848,46373,73507,Paid
107427,40062,16148,Pending
102689,74288,50136,Paid
101080,66036,133049,Partial
109555,36465,90617,Paid
102209,133563,24204,Partial
105033,103938,19829,Partial
105253,71014,15954,Partial
108150,100012,102208,Pending
103871,46059,118986,Partial
102980,36353,61235,Pending
102494,84155,145429,Paid
104437,76250,57920,Partial
109096,104920,63074,Paid
108440,54243,89387,Pending
107719,96248,69383,Pending
109068,115974,14803,Pending
101873,53393,16285,Partial
100840,85868,133931,Partial
108158,147707,141986,Paid
102059,111544,56555,Paid
100881,108309,148574,Partial
104832,46825,105506,Pending
107357,88095,115086,Paid
101600,30309,41014,Partial
108180,52178,78879,Partial
101708,110413,98190,Paid
100319,49247,132831,Paid
107933,54632,35044,Partial
107851,90414,72509,Partial
100577,72419,101116,Paid
108844,74378,25027,Partial
103967,40447,107182,Paid
108532,75368,26404,Partial
109099,126163,75736,Pending
101888,89915,91172,Partial
104140,100445,54324,Partial
101075,111710,107607,Paid
108044,98014,97447,Paid
104057,51541,24956,Partial
106659,116315,140131,Pending
106179,89831,52010,Pending
108672,42193,129062,Paid
100638,46662,54397,Partial
104296,125013,100426,Pending
105837,74766,40960,Partial
101179,51084,87338,Pending
106702,131929,116177,Paid
105109,110968,48357,Pending
101333,130781,66064,Paid
103893,117335,84736,Partial
105924,63339,94180,Partial
107422,70188,117391,Partial
101473,56508,123734,Partial
104949,38091,63609,Pending
104231,134465,44564,Paid
107793,112281,11314,Paid
102692,93445,72775,Pending
102668,104729,59206,Partial
103066,124724,48052,Paid
103032,54715,20533,Paid
105487,119246,88275,Pending
104695,105486,138373,Paid
106977,78739,24439,Pending
106406,74827,19071,Partial
104818,86997,13965,Pending
106545,79228,25901,Paid
108919,131417,63978,Paid
108590,121980,69312,Paid
104972,130881,14750,Partial
108780,48828,46969,Paid
106599,125387,142459,Partial
108612,102042,146762,Partial
105708,37255,41071,Pending
104429,109345,131871,Pending
102447,131524,101210,Pending
107205,108156,92825,Pending
104199,146056,31503,Partial
100166,30531,136598,Paid
101993,78529,60869,Partial
102048,100368,115111,Pending
109607,101263,119969,Partial
104121,45304,100392,Partial
109016,79002,63017,Paid
105811,101122,134952,Pending
108770,133577,93736,Paid
107211,104185,42250,Partial
100990,67367,108102,Paid
104479,32630,139620,Pending
105563,105118,33004,Partial
107942,43606,13197,Paid
109198,95112,88165,Partial
107135,76544,75752,Pending
100798,85436,47902,Paid
103992,66430,49926,Pending
106429,43738,124992,Pending
107958,111850,117407,Pending
109699,115542,41386,Partial
105225,72632,46442,Paid
107591,122639,61649,Paid
105695,62005,65666,Pending
101779,130386,37089,Partial
105152,45749,96884,Pending
105804,123421,46113,Paid
108783,47468,58089,Partial
103399,134884,78560,Partial
103345,32201,120219,Partial
105123,145280,117643,Paid
107577,95590,132676,Paid
105285,35474,43198,Partial
108438,51343,56525,Partial
101964,32047,55211,Pending
105637,109057,18874,Partial
104783,32588,15641,Partial
101972,95216,128480,Pending
108890,41341,30797,Paid
109437,94982,73989,Paid
105812,128385,53504,Partial
108923,48433,130466,Partial
108466,43932,105035,Paid
106863,46501,72370,Partial
109287,68698,74119,Partial
102634,142256,99370,Pending
105974,114845,73891,Partial
107580,95173,26336,Paid
104243,104165,83207,Partial
107880,62967,65052,Pending
104388,53022,105321,Partial
107440,74892,79705,Pending
109115,55019,43898,Pending
100972,49236,28319,Partial
106009,109250,32119,Partial
106148,149946,87818,Pending
105839,146384,27221,Partial
108881,145307,84037,Pending
100457,36958,23035,Pending
100128,129590,104993,Partial
109957,130470,24510,Partial
109624,36128,116745,Partial
107535,30676,33840,Paid
104398,118712,146399,Paid
103643,141816,130308,Paid
103931,72079,43494,Partial
106886,73262,124451,Pending
103984,92915,57891,Pending
109815,61654,63674,Paid
101793,73464,17478,Pending
101890,56949,106837,Paid
106534,144430,32534,Pending
104547,46186,39931,Partial
104219,100706,100470,Pending
105696,148822,128095,Paid
100095,129253,11080,Paid
101991,79886,72259,Pending
105931,104925,29646,Pending
108588,40241,136922,Paid
102831,78125,28495,Pending
109487,70672,61319,Pending
103531,133016,93519,Pending
102971,115690,11956,Partial
103090,118586,29572,Paid
105966,118503,61393,Pending
100635,100461,73015,Pending
108037,133324,127259,Paid
107499,77740,101057,Pending
102733,44510,41130,Paid
100167,139911,32315,Partial
109816,85371,130366,Partial
105893,71589,93464,Paid
104713,109745,12285,Pending
104674,49818,74433,Paid
101749,104225,100326,Pending
109117,66935,114747,Paid
102794,116436,138852,Partial
103152,65191,19595,Paid
105249,34355,97447,Partial
104672,110815,74121,Partial
100842,43567,75256,Pending
102245,63211,143287,Paid
106635,119369,52952,Pending
100293,131163,86901,Partial
105658,42960,65335,Partial
105505,66250,44674,Pending
104238,90497,144274,Partial
102575,74027,37204,Paid
106722,119255,89977,Partial
101581,73288,72983,Paid
100622,41263,80658,Paid
107643,55054,56399,Paid
105810,58555,137980,Pending
101529,53508,115044,Partial
104002,33588,91167,Paid
106605,72156,144604,Paid
101796,126534,66929,Pending
107479,130327,57783,Paid
103088,139440,69113,Partial
100258,58784,12523,Partial
108425,79681,122328,Partial
100033,126578,136433,Partial
108031,92841,67935,Pending
102948,86677,91967,Paid
109064,85920,84443,Pending
105309,56375,50879,Pending
105776,108919,75000,Paid
105860,108171,77452,Pending
101281,42822,55641,Pending
107590,45593,108582,Partial
104411,101356,81877,Partial
107547,71352,67743,Paid
108104,63877,95095,Partial
106118,124857,99383,Partial
104069,78827,81831,Partial
108119,58362,21482,Paid
105896,96868,97172,Paid
101654,58190,111777,Pending
100934,44120,115697,Partial
105194,134258,91541,Pending
100357,49929,105978,Paid
107374,33619,58323,Partial
105547,122114,64622,Paid
104035,99791,97501,Paid
106814,87291,134413,Pending
101227,92413,100680,Pending
101305,78301,41516,Paid
109394,64317,76590,Paid
105895,45860,32395,Partial
107627,32112,137565,Partial
102625,134087,48763,Paid
100816,78584,78889,Partial
109141,133875,94905,Partial
105490,40739,78927,Partial
103235,145350,28602,Partial
106113,140374,105786,Pending
109475,130709,38358,Partial
106028,114829,59613,Paid
103194,139818,111700,Pending
105279,118168,11191,Partial
101282,78009,119681,Partial
109194,41916,131925,Partial
103523,71646,78872,Paid
109053,38849,12863,Paid
106874,52630,21035,Paid
101003,110494,57710,Pending
106702,91874,11838,Paid
106083,88698,49452,Paid
103096,115060,136468,Pending
107436,64802,78031,Paid
102567,139779,37446,Partial
104196,137184,12421,Partial
101085,63640,105534,Paid
105946,122759,43563,Pending
106404,124635,54176,Pending
105669,41636,53340,Paid
105651,108644,84115,Pending
100345,124148,149199,Paid
100309,37702,127808,Partial
107837,131564,74068,Pending
100524,124105,92678,Pending
102291,46030,144742,Partial
106404,115962,97793,Pending
105777,137118,118355,Partial
101036,94406,29694,Paid
106179,123640,32434,Partial
107502,121662,86911,Partial
102740,142462,73607,Paid
100817,87553,80117,Partial
109245,93293,106715,Paid
100323,114991,59012,Partial
100831,79568,107371,Partial
104221,101599,18873,Pending
100133,77505,29561,Paid
104631,111325,78739,Pending
106530,62284,32463,Pending
102950,111374,55418,Paid
102776,68510,61353,Paid
109095,137313,40560,Paid
109396,72813,48863,Paid
101597,85065,94300,Pending
104138,71297,73731,Partial
109148,110704,16529,Paid
100009,105733,59291,Partial
109287,78539,23606,Pending
101560,94563,85349,Paid
106338,70621,33448,Paid
107258,112256,73393,Partial
102525,59511,94796,Partial
102462,37958,96677,Partial
105010,43645,100758,Paid
107018,39168,126462,Pending
104615,98177,70021,Partial
100207,37878,31016,Pending
103864,92755,141177,Pending
107556,73395,104253,Partial
101442,117354,129958,Pending
109306,135115,113293,Pending
101419,66901,33483,Paid
103362,35360,52700,Paid
109895,91478,43557,Paid
104126,97780,80819,Paid
107335,36880,93250,Pending
106310,121604,139701,Paid
100760,47206,22693,Paid
103885,132204,65869,Paid
105431,36662,107690,Paid
101428,118437,91701,Pending
101369,91593,94106,Pending
101183,77593,111247,Paid
104942,87941,25755,Pending
101939,67663,70074,Partial
103899,77813,125867,Partial
103175,62530,35649,Paid
105024,109443,75573,Pending
109600,75790,63662,Partial
101117,127260,147182,Paid
105736,82545,122808,Partial
100666,98995,141379,Pending
106678,97032,92697,Pending
100080,145899,74692,Partial
101969,127826,102407,Pending
105428,131958,49238,Pending
102212,49748,28662,Partial
100679,62087,55767,Partial
106260,49710,73996,Partial
107997,112805,93653,Paid
101350,35055,149313,Partial
101104,105731,139016,Pending
101644,64847,92932,Paid
100400,118506,22042,Partial
103400,103480,126122,Partial
101032,46029,106344,Paid
104971,95406,125343,Partial
103965,117213,149442,Paid
105889,40848,149949,Partial
108225,58587,122316,Pending
100667,69664,17921,Partial
109746,131325,130585,Paid
102095,37094,128440,Paid
103001,81085,48600,Partial
100689,91986,125118,Partial
109557,109837,111974,Partial
105292,115943,96506,Pending
101225,122307,143357,Partial
109686,48174,97691,Partial
109869,149921,109079,Pending
100810,73818,52074,Paid
103698,61596,55821,Partial
108925,138819,101754,Paid
108188,124478,16709,Partial
104341,96709,144807,Paid
100823,123522,28554,Pending
109480,100543,62898,Pending
103595,118813,34467,Partial
109690,100584,49684,Pending
108420,68861,35761,Paid
106192,83680,128567,Paid
108964,93427,138584,Pending
106954,118429,79344,Paid
108611,68308,34811,Pending
108295,47448,72480,Pending
100846,42052,30852,Paid
102937,99777,135262,Partial
105199,66218,20169,Paid
107772,136072,46504,Paid
102578,108408,29458,Partial
109559,148428,94902,Pending
105076,52502,138148,Paid
101663,147915,144323,Partial
109153,127187,15339,Partial
104878,45408,20825,Paid
102690,51027,120669,Partial
101026,95151,145371,Paid
103692,89010,75522,Pending
101943,92144,55578,Paid
101543,70189,10852,Paid
103695,88485,21103,Pending
109148,76234,40357,Pending
104327,131684,87619,Pending
100351,114136,10732,Pending
104152,93728,65906,Paid
101465,135254,108348,Pending
100245,101300,137735,Partial
101743,104857,144850,Pending
100465,109665,140370,Partial
101077,109727,19690,Pending
108948,67617,74904,Pending
102427,88820,73870,Partial
104129,70682,42824,Paid
104193,101185,92631,Pending
102939,65303,132813,Partial
102141,125536,134756,Pending
102542,78711,128953,Paid
101214,75747,55410,Paid
105919,121120,95293,Paid
104149,59865,62453,Partial
102048,42839,90987,Paid
100526,141471,32953,Pending
109996,69821,103944,Pending
103282,136692,111839,Paid
109812,109526,57904,Pending
109302,67249,49628,Partial
103573,53851,39660,Partial
103917,92607,116110,Pending
104220,121877,146441,Pending
103584,111493,107883,Partial
100384,138537,146977,Pending
107002,89806,17500,Paid
104013,52129,82186,Paid
105762,127123,58171,Paid
106726,143079,41768,Paid
106802,49211,141341,Paid
102420,121643,49594,Partial
101861,86831,85409,Paid
106135,109725,44709,Paid
102994,45538,105570,Pending
100956,34737,120448,Partial
104115,97250,88365,Partial
100581,149427,95281,Paid
107438,129764,33134,Paid
102648,89193,114858,Pending
101592,93113,15557,Partial
106069,120171,85435,Pending
101011,58860,113893,Paid
102908,113303,75473,Pending
101679,149789,37863,Paid
100264,67267,63505,Pending
106046,118890,96624,Pending
104068,110498,21579,Pending
107172,127720,70336,Partial
107381,78014,75100,Paid
102730,75571,83061,Pending
105280,97085,96408,Paid
105105,40441,47611,Partial
104279,107516,19461,Pending
104789,128324,78924,Pending
106487,97552,130207,Paid
101105,110835,44241,Pending
100085,49974,41696,Paid
104166,40887,129753,Paid
101815,137534,109003,Pending
108803,72344,113008,Paid
109646,112922,43106,Pending
100735,76133,120673,Paid
108989,58770,49299,Pending
100063,30108,32492,Pending
103284,117865,136701,Pending
103447,75189,115827,Partial
109162,55090,90161,Partial
105273,61292,65025,Pending
105941,110391,139375,Pending
100318,41938,112587,Partial
105074,82518,142020,Paid
102258,127531,99127,Pending
107689,55903,18008,Pending
108868,83008,133999,Pending
108343,56850,60133,Pending
101713,40971,47626,Pending
100997,95733,140589,Paid
103093,140509,45843,Pending
109258,135258,16526,Pending
103217,136497,98212,Pending
100532,127973,66907,Partial
102824,57442,19925,Partial
105320,105735,99938,Pending
107468,99215,124848,Pending
104527,37681,41587,Pending
104636,47568,60014,Partial
102606,88008,11831,Paid
107859,34854,98077,Pending
107469,149517,49231,Pending
105148,128963,22842,Partial
106092,109328,138671,Partial
105111,33945,73084,Paid
109917,63326,17159,Pending
106193,72091,140829,Pending
101175,127078,102822,Partial
107319,33576,43742,Partial
102473,39919,96630,Partial
102273,129086,139484,Partial
104304,145600,146912,Paid
105193,65342,65932,Partial
107668,36536,106647,Partial
105270,61974,28737,Pending
109421,145812,67050,Paid
102443,75572,82913,Partial
100104,41826,108738,Pending
101713,113409,111050,Pending
104318,57816,24883,Pending
103449,48386,19976,Pending
103278,123163,41171,Partial
100230,136107,30581,Paid
105936,40886,143564,Paid
109535,101322,15340,Paid
109086,122413,116886,Pending
104615,51132,58103,Paid
108249,42934,68780,Pending
104669,122120,146088,Partial
108806,121878,26005,Paid
105528,114715,70242,Pending
109612,102077,112002,Pending
104856,32628,46957,Pending
109722,146661,68460,Paid
102809,125705,17903,Partial
100148,36639,26545,Partial
109121,147824,90350,Pending
101968,42336,126909,Pending
101320,95854,28802,Paid
104356,98152,136018,Pending
104471,32829,106113,Paid
107678,43258,81592,Partial
102450,115040,42181,Pending
109715,101190,42608,Paid
104702,69182,36701,Pending
107606,51331,87215,Pending
108635,109172,137406,Partial
103354,137713,17010,Partial
108796,31381,76094,Paid
109608,47583,14331,Pending
104399,88265,11099,Partial
100578,117088,127081,Paid
109826,71691,30778,Paid
100461,76605,69415,Pending
103372,61312,57659,Pending
108879,132254,105895,Pending
101980,90581,88740,Paid
105567,129020,89384,Paid
108441,53722,116083,Partial
101850,147450,89050,Paid
104896,50180,80534,Paid
105694,67352,26874,Paid
102499,83331,25523,Partial
109553,138408,34655,Pending
102852,120226,71540,Partial
106768,79231,67351,Partial
100678,68474,97350,Partial
100604,80726,28632,Partial
109393,92969,65814,Paid
100312,58824,109111,Partial
107624,107720,72353,Paid
104515,77382,59372,Partial
100238,30699,45797,Partial
102684,32304,71604,Pending
106645,102395,105574,Partial
108598,66023,31915,Paid
104716,48316,91220,Paid
105828,34820,120181,Pending
100258,55478,44703,Partial
103085,107766,72676,Partial
102940,47851,28073,Paid
100247,87722,98111,Paid
109318,132109,129006,Partial
102922,132866,11640,Partial
103468,66998,137807,Paid
104461,46144,33440,Paid
101326,31390,32281,Paid
100048,117678,36229,Pending
106043,54134,51562,Paid
108124,70929,72667,Paid
104308,99344,91591,Partial
107219,42870,88900,Pending
107364,108328,43097,Pending
105399,45430,78829,Partial
102204,105038,98018,Paid
105668,45873,144599,Paid
104407,127408,56318,Pending
103852,52172,95749,Partial
107958,87490,118654,Partial
107214,49507,35423,Pending
100229,54048,120351,Paid
103749,105916,103183,Pending
104580,49113,142569,Partial
108083,139546,133071,Partial
106393,63902,11352,Partial
106087,134908,78938,Paid
105344,71976,95860,Pending
102079,39932,118024,Pending
104252,142113,31987,Partial
103915,66098,53915,Partial
106044,57115,65500,Partial
109302,148267,60048,Pending
103237,68562,54920,Pending
106465,57980,44848,Partial
104788,32971,55840,Paid
101568,94311,43965,Paid
103772,38359,35413,Partial
105144,48869,39127,Partial
108600,132846,21425,Paid
107616,48885,145118,Paid
106479,87901,132135,Partial
105996,100154,45641,Pending
107566,113457,60505,Pending
107680,109365,117148,Paid
106589,53903,104155,Pending
108494,99033,18880,Partial
106286,95316,24275,Partial
109253,57687,63074,Partial
108552,45030,38669,Pending
103438,49965,84831,Paid
101718,125668,131421,Pending
101378,39894,20990,Paid
102442,149036,128142,Pending
102395,59225,19945,Partial
109726,83663,27702,Partial
102457,149894,58370,Partial
108730,124777,74687,Pending
102239,114623,134542,Pending
106180,139550,85549,Pending
101515,72328,114252,Pending
100381,33425,64574,Partial
103882,147179,147193,Partial
102930,56779,118321,Pending
107751,129934,55930,Pending
104196,114157,76205,Paid
101398,80183,88248,Pending
104243,58019,66051,Pending
103095,78317,123827,Partial
106155,126266,91474,Paid
107962,120003,128140,Pending
109925,37012,87675,Paid
101218,56215,67836,Partial
103463,60658,61709,Partial
108287,33420,35098,Paid
109619,75068,127469,Partial
109935,87191,62947,Pending
100922,73708,115110,Pending
102394,50542,51340,Pending
101746,131863,48379,Partial
105376,80558,89136,Partial
109715,136278,56842,Pending
103208,100152,67411,Partial
101669,41119,50017,Partial
105387,109807,37032,Partial
101518,61766,145972,Paid
109884,134336,33053,Pending
104836,78254,119434,Pending
108923,68302,77323,Paid
107136,51707,136083,Pending
100769,140631,99745,Partial
100398,97384,147299,Pending
103955,102510,130347,Pending
109753,60108,52326,Pending
100296,87769,69406,Pending
100238,94866,140422,Pending
102241,134867,59731,Pending
100655,106427,79170,Pending
109212,112416,70560,Pending
108700,87057,31253,Partial
104008,115914,77891,Partial
107477,135678,124775,Pending
103636,124878,120942,Paid
103084,142411,110508,Paid
109537,59821,97810,Partial
103948,49857,40052,Pending
105854,57433,133874,Partial
102230,39706,15277,Partial
109356,143901,110218,Paid
109050,115328,93557,Pending
106465,66469,31564,Partial
100808,115909,38641,Paid
109078,65349,42988,Pending
102041,73703,65070,Partial
108234,66106,58240,Paid
106026,35417,98303,Partial
102428,44369,107060,Paid
101658,40891,81014,Paid
107534,57813,142681,Pending
109767,88284,132637,Paid
108444,108179,126141,Pending
104485,102420,109686,Pending
102292,123515,26058,Partial
102639,100189,122495,Partial
109946,36800,136286,Partial
102311,46547,99074,Paid
106018,89253,127297,Paid
105787,85091,70495,Pending
106553,107142,63268,Paid
103074,122472,98672,Pending
107313,73141,14887,Pending
104276,84021,60296,Pending
100637,141803,110208,Partial
103440,107255,45195,Partial
100642,105665,36854,Paid
105952,75440,24729,Partial
108644,57437,68312,Partial
105086,72823,96763,Pending
100632,46196,43491,Pending
100038,114632,146468,Pending
107422,89303,91400,Pending
102180,56388,120854,Partial
108975,69641,145764,Paid
109521,117260,17668,Paid
106883,85148,121340,Pending
109483,116146,131601,Paid
101848,110814,145426,Paid
102751,63312,106543,Partial
102340,105280,147160,Paid
109133,135971,147806,Paid
100057,81355,97181,Paid
104037,136020,116389,Paid
103198,50673,76122,Paid
105584,116683,116867,Partial
104123,113193,127578,Pending
104992,55059,94598,Paid
104219,139118,21437,Pending
109325,140646,54903,Partial
100590,49884,39515,Partial
105854,33409,57925,Partial
109178,72620,21084,Partial
101591,113264,60391,Pending
107683,124469,134094,Paid
108230,46072,143453,Pending
100107,46930,70858,Paid
106400,131788,121060,Pending
107405,44945,141087,Pending
105387,51288,69424,Partial
106670,108334,95370,Partial
107148,112115,70072,Paid
103159,60299,141132,Partial
106225,40417,145242,Paid
100359,127508,122955,Partial
106959,56365,110517,Partial
102032,132308,12507,Paid
102855,147421,124759,Pending
104924,105546,67950,Pending
100957,142425,149326,Partial
105117,31702,64537,Paid
107983,82098,106081,Pending
103902,104707,126944,Pending
109606,115314,83670,Partial
101939,123624,50829,Pending
107304,120232,137003,Paid
100896,39587,61070,Paid
104746,112257,42313,Paid
100071,62180,95777,Pending
107501,71741,144808,Partial
107008,98379,70461,Paid
102599,80918,62326,Partial
101880,31826,86283,Partial
103969,30314,75105,Pending
109244,52066,50318,Pending
107176,116697,79002,Pending
109440,140123,42801,Pending
107658,53479,123964,Paid
102246,145697,44208,Pending
107138,126203,95679,Partial
104809,43209,132634,Pending
106352,89200,94187,Pending
105252,58146,100617,Paid
101680,99278,110921,Paid
106905,110932,41587,Partial
105990,57922,84768,Pending
102652,139605,103171,Partial
100426,80457,50175,Partial
107237,94638,141884,Pending
105498,129532,125914,Pending
100697,65284,131942,Paid
108838,125143,119289,Paid
103768,95278,10257,Pending
109906,129059,107069,Pending
101897,74495,69894,Partial
103557,109474,70871,Pending
104044,79702,101606,Paid
108601,106817,127002,Paid
109730,87953,27953,Pending
105065,51518,76509,Paid
108021,148842,67488,Partial
106253,136673,86413,Paid
105496,81642,57835,Partial
102020,81110,14223,Partial
102711,91549,40442,Partial
105515,93276,116523,Partial
105497,103376,33055,Paid
104947,65310,59364,Paid
109139,57874,111921,Paid
109871,76109,22737,Paid
109378,129271,114301,Pending
100052,136707,98298,Paid
102537,75547,86846,Partial
105891,61973,11936,Partial
109628,40130,88099,Partial
105325,118151,85949,Paid
107566,50900,77572,Pending
103275,40125,87494,Partial
100225,148190,99645,Partial
109602,69522,145592,Partial
105473,94232,45585,Partial
102684,78832,82006,Paid
107207,141051,20072,Partial
106328,130775,94518,Pending
102660,117768,142086,Paid
101087,108934,11269,Pending
107343,127145,34313,Pending
103718,138038,130712,Paid
109633,38409,45963,Pending
100060,80458,125388,Paid
100661,140760,12359,Paid
104532,122299,101807,Paid
104086,119757,125644,Pending
104456,93008,87895,Pending
107371,126644,56654,Paid
107277,107765,144463,Paid
101068,71846,29455,Partial
105562,124625,63951,Partial
108064,83550,111487,Partial
103487,37565,64217,Pending
105636,143910,35422,Pending
106321,94570,148850,Paid
104241,99571,15316,Paid
105944,144701,61673,Paid
102465,116864,109236,Partial
103770,70292,96275,Partial
104784,114446,124871,Paid
105133,90441,145416,Pending
104604,132619,102460,Pending
103138,122012,90113,Pending
101358,133045,120898,Pending
104290,111721,51551,Partial
105637,50065,93639,Paid
109586,69747,67949,Pending
105771,149838,69726,Partial
101412,79121,69006,Paid
104250,94379,101130,Paid
104594,50088,21545,Pending
106642,117357,99209,Paid
102905,36651,142234,Paid
104688,73269,146968,Partial
103075,115345,142528,Paid
100531,50836,143374,Partial
101164,107321,94012,Pending
101775,87988,89091,Paid
100309,139911,11396,Pending
101174,58556,91783,Paid
100290,120737,99454,Pending
109878,95226,36131,Paid
101567,55036,87198,Pending
103526,45736,24173,Partial
108395,68085,129287,Pending
109814,56334,19965,Paid
105562,145374,134266,Partial
106007,42027,34834,Paid
109627,124993,137066,Pending
107243,96053,61464,Pending
104398,105530,13526,Pending
107455,143657,132346,Partial
106659,104423,45693,Partial
101449,84353,10583,Paid
106862,66173,28646,Pending
100749,113171,108729,Pending
101173,115552,139657,Paid
104857,148648,63712,Pending
100225,84140,53265,Partial
108415,55902,136405,Paid
103329,148423,106126,Paid
108330,68752,41783,Paid
101179,56798,43212,Pending
101277,137488,56160,Partial
106804,146992,109365,Partial
101677,109082,113829,Pending
103702,76110,22829,Pending
105271,110446,31421,Partial
108678,125150,143961,Partial
103733,56347,49123,Pending
105936,83543,39113,Paid
100526,51181,21272,Partial
109133,139989,102141,Partial
103250,45457,51005,Partial
106851,65443,39938,Paid
109172,60579,87726,Paid
106653,54308,15603,Partial
101128,61967,106574,Partial
107716,122952,74381,Pending
109085,67204,80518,Partial
104055,97378,21306,Pending
107794,31679,44859,Paid
101645,138317,115961,Pending
102255,72732,115489,Paid
101269,141743,57570,Pending
109128,137293,104381,Partial
103490,109997,132358,Pending
106203,103307,122044,Paid
108362,140757,88315,Pending
103446,103752,37726,Pending
109104,45864,22982,Pending
109700,131644,120519,Pending
105496,114427,31921,Partial
100782,136862,83677,Paid
106157,145510,39071,Pending
105888,138463,33253,Paid
108742,92576,122030,Pending
108062,38411,148021,Partial
101135,144797,53638,Paid
107170,77175,43989,Pending
107989,114054,62986,Pending
103227,128619,92823,Partial
101629,83292,63176,Paid
100342,107064,116361,Partial
102434,32327,138347,Paid
106758,106220,69233,Pending
102141,107938,62656,Pending
108382,107604,10725,Pending
100244,122137,10006,Paid
106071,119717,120988,Pending
108697,32730,142076,Partial
103054,122435,77588,Paid
101031,134845,87269,Paid
105740,127736,58049,Pending
106395,48566,65438,Partial
100863,129426,148171,Pending
103558,40120,29107,Pending
101029,47279,129932,Pending
103306,45421,126295,Partial
104249,135635,94629,Partial
105410,97157,33100,Pending
105711,116128,61034,Paid
102103,127252,64991,Partial
108726,138973,45365,Partial
104113,98357,99603,Partial
100401,123026,119459,Pending
105489,112481,69010,Pending
101220,94205,109057,Pending
105713,34444,114014,Partial
101564,38533,94965,Partial
103400,64770,98813,Paid
109571,32485,44978,Partial
105435,39493,42387,Pending
104325,118280,17426,Paid
101024,91456,81796,Partial
102946,53095,87775,Pending
109557,38912,100484,Pending
105476,32384,97171,Paid
102275,42750,51758,Partial
108910,82462,147438,Paid
102240,106791,41165,Paid
105215,85409,122553,Partial
100426,63033,37275,Partial
101334,68434,72200,Paid
108503,116128,44937,Pending
108529,136192,132566,Pending
100005,104325,14278,Paid
101026,105339,36706,Paid
100492,123455,84688,Pending
101054,143890,112218,Pending
102994,30722,129664,Paid
108857,86504,46178,Partial
105243,102376,71510,Partial
106987,93611,108727,Partial
107153,89881,58922,Pending
106159,146955,83273,Partial
102631,143273,20490,Paid
103893,81138,38317,Partial
104095,47847,26350,Partial
103172,76616,78616,Partial
106784,133605,91058,Partial
107131,144130,142163,Paid
102065,126657,48781,Partial
109002,136537,32779,Pending
106376,32347,68469,Pending
108969,90378,35308,Pending
108922,75828,119361,Partial
102916,46259,93304,Partial
102489,46902,15132,Pending
102070,138052,101482,Pending
106871,72340,50419,Paid
109018,75215,45244,Pending
103785,79503,110162,Pending
103252,91332,14640,Partial
100745,59088,112747,Paid
106910,90292,17605,Paid
101613,86174,98081,Partial
109336,68608,138278,Paid
104189,99169,138021,Pending
101627,88195,116987,Paid
106049,120655,50491,Pending
105669,141413,118547,Partial
102999,118538,103604,Paid
101213,36681,119823,Paid
102365,46674,89461,Pending
108665,118608,128966,Paid
101116,62717,59626,Pending
106251,144593,96250,Pending
104268,86033,99038,Pending
102054,80065,20150,Partial
102653,91828,67934,Paid
100614,130453,64256,Paid
102334,51544,29628,Pending
107975,99666,69580,Paid
100076,45750,129892,Partial
107539,49758,11920,Paid
103628,142182,111310,Pending
104664,60290,137875,Partial
104459,80696,32035,Paid
102867,53921,70654,Paid
105509,93449,38720,Pending
108434,125464,51529,Partial
103568,70522,41374,Partial
103496,106054,122646,Paid
102691,91981,89931,Pending
103627,97364,116911,Paid
100756,103638,60079,Paid
100035,88984,19110,Paid
100102,96132,73185,Partial
103605,113519,11991,Pending
101301,30444,104515,Pending
106374,30426,107408,Pending
103397,40620,38373,Partial
100095,64131,131066,Paid
106905,50081,80438,Partial
109517,79039,107197,Pending
108876,122893,109726,Partial
106553,122498,45855,Pending
108358,30952,119776,Pending
104256,96748,135558,Pending
100709,113738,81727,Partial
109609,109686,127209,Pending
107145,90904,120900,Paid
102058,148909,33883,Paid
109425,148508,116463,Partial
102126,104799,26011,Pending
102502,98263,107128,Paid
105905,136499,35188,Partial
103057,140575,59616,Partial
108573,79331,73525,Pending
104018,127392,60725,Paid
103969,30015,20119,Partial
109239,106166,24864,Partial
100104,88823,90282,Paid
109579,114391,99591,Partial
109866,96966,147244,Partial
104172,114083,123263,Partial
102236,79961,143287,Pending
101585,65956,122318,Paid
101525,136908,58447,Paid
101144,79524,39614,Pending
102122,112002,143359,Partial
100861,85286,47326,Pending
107568,80092,15241,Paid
101657,111274,34686,Paid
105269,131193,116545,Partial
103768,109332,90739,Pending
109786,80790,117400,Pending
109450,73534,111476,Partial
102252,73740,118575,Paid
102226,102107,131978,Partial
109104,51192,107910,Pending
100194,138869,118068,Pending
105861,52712,34946,Pending
105187,143697,11949,Partial
105635,115228,45556,Paid
107379,75763,20286,Partial
106362,146246,139641,Pending
101146,140097,11522,Paid
104622,78001,94969,Partial
108828,145823,60865,Pending
108678,149486,82406,Paid
109611,114495,139853,Paid
109346,60286,83369,Paid
107015,78939,113529,Pending
108746,64398,29907,Paid
107717,72249,118453,Pending
107279,124679,145005,Paid
101346,118004,38980,Partial
106322,84645,126652,Pending
105154,36192,64361,Partial
104475,129292,99470,Paid
104031,106557,36646,Partial
102625,64206,133906,Pending
108594,54114,111034,Paid
102539,30257,142497,Pending
108856,135649,145972,Pending
102139,130708,108424,Paid
100945,70379,95135,Partial
105174,50066,119354,Pending
104464,134752,26561,Paid
105454,46338,80188,Paid
109575,133061,121723,Pending
106007,134854,108957,Pending
108324,121060,26679,Partial
109557,59486,122943,Partial
104253,66856,46589,Pending
107382,140572,28561,Paid
105886,122887,85040,Partial
107451,41431,12022,Paid
109691,56819,80160,Paid
100669,126957,107325,Paid
107515,102354,61984,Pending
107294,143531,107670,Paid
108004,111069,15437,Pending
105745,106563,58494,Paid
105525,118983,52998,Partial
102374,111708,15720,Pending
106306,144182,93608,Pending
107838,42644,117844,Partial
100145,102047,13913,Paid
109459,69102,50072,Partial
100788,47086,147110,Pending
109035,120164,101460,Paid
103105,67744,107288,Pending
108164,141773,13544,Paid
108661,46309,131612,Partial
106877,87871,81586,Partial
104628,89841,44698,Pending
100197,71600,34147,Pending
101014,114859,26076,Partial
101614,42155,29255,Pending
102852,55998,37326,Partial
103968,47470,104036,Partial
102219,72696,22323,Paid
102021,34883,41117,Partial
105425,133442,27419,Partial
102670,44308,149176,Paid
109349,70574,49154,Paid
109296,93624,67136,Pending
101152,45910,27250,Paid
104225,79674,118633,Paid
107447,85756,111624,Paid
101247,31934,123176,Pending
105347,142633,61917,Pending
106598,83544,141072,Pending
107197,120590,44676,Partial
106984,147545,74368,Pending
105984,32146,45604,Paid
108228,66424,36352,Paid
109588,140298,71813,Paid
108969,87834,118439,Paid
108631,136919,132139,Paid
101293,110058,43848,Paid
107099,32520,37759,Pending
101223,100713,31604,Paid
102930,114519,122305,Pending
105259,62531,123536,Pending
105870,53668,93239,Paid
104775,53873,55001,Paid
101525,80269,36091,Partial
102624,112714,70177,Partial
109816,33419,76459,Pending
107662,122233,10778,Paid
100482,73431,98571,Paid
104870,125245,93596,Paid
106374,135029,45838,Pending
104764,101633,74514,Partial
108594,114394,78928,Partial
109003,42800,25560,Pending
108970,79943,112240,Partial
107811,42033,91604,Partial
109570,91150,77347,Paid
103818,46698,87279,Pending
102719,117316,60118,Partial
102107,68407,47072,Paid
107024,92991,72498,Pending
102097,77960,37301,Partial
100283,148585,120550,Partial
105350,72873,104512,Partial
102063,79465,107188,Partial
105384,37538,145778,Partial
102717,67214,146871,Paid
109575,120238,105374,Partial
105735,141517,70843,Pending
106914,61672,55184,Pending
105917,133315,132172,Partial
109036,99387,141754,Partial
107756,137461,141552,Pending
107577,38210,56976,Paid
100871,55230,22773,Partial
109969,67869,27672,Pending
102518,74758,29188,Pending
108333,36326,123424,Paid
101919,121499,61371,Pending
100097,66230,18556,Pending
103089,105682,68749,Paid
107728,31828,112507,Partial
104826,91901,40498,Paid
104974,96146,33413,Pending
104048,134563,67837,Partial
102443,35374,21486,Pending
101912,130823,25069,Pending
103009,144116,18118,Paid
104254,69388,28547,Partial
108075,127125,29586,Partial
105298,51520,63973,Partial
101248,68933,118422,Partial
107867,93949,24263,Paid
106790,139032,11050,Partial
102958,103840,34607,Partial
109926,122454,106107,Paid
108113,94507,81814,Partial
102324,102388,17498,Partial
104415,127053,11896,Pending
100430,75490,49955,Pending
105643,66530,90321,Paid
104273,58933,71041,Pending
107814,72128,76539,Partial
108449,84046,117862,Pending
106649,32891,65041,Pending
105336,144589,97687,Pending
109417,138250,120123,Pending
103573,92474,89186,Pending
109239,129745,63920,Pending
107623,53720,48310,Partial
109518,113959,113707,Pending
109669,122993,25845,Paid
102313,132468,120528,Paid
107357,138885,93195,Paid
109767,88555,140572,Paid
105256,126032,78657,Paid
102211,133557,88182,Pending
101281,54005,68660,Partial
108067,49144,140278,Paid
108337,82670,44284,Paid
100431,66153,16592,Partial
100820,35872,139433,Partial
104530,78387,37555,Paid
105861,107935,113820,Pending
102809,69528,83844,Partial
103387,137750,19179,Pending
109498,81394,97945,Pending
104864,135427,73451,Partial
100854,46113,34726,Pending
104958,59589,54753,Paid
103785,117532,70654,Partial
100542,135853,19210,Pending
101669,99053,129422,Paid
103510,125661,22328,Paid
100082,80915,145721,Partial
105620,121144,75483,Partial
101031,144376,44348,Paid
108276,63407,103383,Pending
105680,37898,89772,Partial
104401,63568,24409,Paid
103996,46024,136383,Pending
107778,118119,138088,Partial
102950,149951,112067,Paid
102724,109287,20257,Partial
103236,127657,78677,Pending
105026,80657,132752,Partial
102894,97062,138872,Paid
101074,46946,41931,Partial
101862,139102,35571,Paid
103817,84099,122067,Paid
103824,132822,50690,Partial
101527,111694,56649,Partial
108096,124101,15328,Partial
100031,30726,108712,Partial
101577,106475,80815,Partial
107412,72409,56761,Partial
108840,97994,53583,Partial
104329,79224,34281,Partial
100512,116804,58356,Pending
102083,102722,118247,Partial
105932,71610,148030,Paid
109412,97688,25943,Pending
100268,83235,53083,Partial
100411,83196,118906,Pending
102253,45564,55901,Pending
107146,76981,50495,Pending
109523,138327,29036,Pending
106858,65739,101430,Partial
104106,59565,32060,Partial
106042,75522,14158,Pending
109497,51525,55751,Pending
107947,81346,112021,Paid
106196,66831,124010,Partial
109782,121923,145318,Pending
104806,143570,83664,Paid
107681,62354,50225,Pending
109293,74676,94286,Paid
100826,83514,123286,Pending
103827,55563,15938,Paid
103212,126605,137108,Pending
100388,131033,101001,Partial
102410,106237,10585,Paid
105088,76804,73398,Partial
100424,43518,53951,Paid
106975,66183,14003,Paid
101062,137271,79019,Pending
103098,59380,127419,Paid
106058,127557,137150,Paid
105801,46036,40755,Paid
104793,67892,135777,Paid
100427,138785,37129,Paid
107060,80373,42766,Partial
104119,138815,99714,Partial
109226,142318,41729,Pending
106785,30590,13492,Partial
102951,39388,127306,Partial
105760,75802,34185,Pending
109484,108994,149146,Pending
102324,95510,78845,Pending
103292,78983,98803,Pending
109908,87249,35953,Paid
103596,103649,35397,Paid
101642,64389,38200,Pending
105821,125154,49731,Paid
102943,117865,15600,Paid
102810,91404,84203,Paid
101698,96308,30868,Paid
108267,50363,38560,Pending
109465,122980,109267,Partial
100050,50854,66199,Partial
100196,132380,79219,Pending
104661,68935,65498,Pending
106041,148688,13238,Pending
105173,81696,117946,Pending
103612,134825,28178,Paid
108767,56922,137315,Paid
108717,44886,145730,Paid
102657,63827,30020,Paid
105559,124241,21149,Partial
101678,71949,104402,Paid
100160,105203,10104,Partial
105350,138255,133933,Partial
102274,37950,130536,Partial
109563,147057,20281,Partial
104723,82526,137733,Partial
100921,93208,12684,Partial
103105,62077,94049,Partial
108094,132582,53573,Pending
102506,88902,109731,Pending
105736,130354,125483,Paid
109351,82786,11621,Partial
102419,54455,16170,Paid
109389,58647,134833,Paid
101077,38799,91701,Pending
109396,72661,19071,Paid
101724,143123,82874,Pending
108996,43927,85376,Paid
105307,64244,76734,Pending
101950,125390,12423,Paid
105970,93428,73157,Partial
106487,41260,23119,Paid
103967,114133,11977,Partial
101543,54212,141328,Paid
101969,59530,90672,Pending
107014,101924,107074,Partial
106722,110845,148159,Partial
108537,83739,22570,Paid
100881,35804,107424,Partial
105943,106657,95027,Partial
104202,71289,147008,Pending
107923,127240,136511,Paid
100920,79871,41488,Pending
105347,96888,77733,Pending
100576,81750,62827,Pending
100697,108186,120847,Pending
103063,60487,143434,Paid
104091,87038,53511,Partial
105125,117708,131776,Partial
102794,46134,99313,Partial
107257,136854,57377,Paid
100592,139722,49180,Partial
102329,41763,29197,Paid
101532,88212,142773,Partial
105711,120204,70526,Pending
101500,123582,113459,Partial
105959,126137,56179,Pending
101676,79697,20661,Pending
102855,83483,72422,Paid
106016,103797,23726,Paid
108683,107639,57853,Paid
102909,75100,86854,Partial
104747,42088,61172,Partial
103084,93064,54808,Partial
100047,109383,44330,Paid
109729,112517,95048,Partial
107862,32736,120677,Partial
106733,54538,106995,Pending
108499,143621,77908,Paid
108916,142893,147581,Partial
108617,75903,12666,Partial
103793,149056,118387,Paid
100265,126475,103834,Paid
109768,139746,90884,Partial
103418,66099,20262,Pending
100721,32650,32616,Pending
109594,148741,148767,Pending
107829,115408,25321,Paid
103884,143537,111503,Paid
102341,103521,113729,Paid
100189,85851,130604,Pending
104699,96497,118807,Pending
109837,123062,56800,Paid
105981,71238,109916,Partial
101572,103670,19334,Pending
104008,31833,52155,Pending
109880,38422,33912,Paid
104651,134380,104457,Pending
108885,138663,116294,Paid
106594,69075,41835,Paid
104389,135819,95699,Pending
101929,118776,100595,Pending
101480,33684,10009,Pending
106306,94683,84189,Paid
102820,37934,72151,Paid
106146,140149,29666,Pending
100216,54855,75332,Pending
109812,109696,88907,Paid
103651,94672,47347,Paid
107418,80733,10992,Paid
102557,136185,28498,Pending
103180,140558,54578,Paid
102762,63479,122614,Pending
102284,113828,104420,Pending
107117,119400,23314,Pending
108442,146880,58222,Pending
103236,134132,74446,Paid
103096,76926,21380,Pending
103698,79379,57803,Pending
100110,81768,103282,Pending
108123,80000,82035,Partial
100014,59169,122715,Pending
104752,81190,131034,Paid
102017,60975,14370,Partial
109614,116860,66819,Paid
100593,136804,116387,Pending
106215,88558,28256,Partial
107763,76998,138565,Partial
100114,71251,77756,Paid
100012,87805,132709,Pending
106664,114049,19785,Paid
106709,138048,132273,Pending
107170,89092,97699,Paid
103256,73628,79119,Partial
101340,71112,145029,Pending
107955,101067,31359,Pending
100586,98969,29525,Pending
102509,34962,131847,Paid
107955,138928,136574,Pending
104792,50381,79781,Pending
101662,65080,63268,Pending
109328,97245,122964,Pending
109978,107544,65816,Paid
103509,30731,31488,Paid
103158,119038,31670,Paid
102855,129285,33122,Pending
109817,95739,51894,Pending
107877,95227,22781,Paid
103705,122049,39444,Pending
106315,88203,126721,Pending
101103,134723,72240,Pending
102713,140900,68048,Pending
101780,80997,80423,Pending
109235,44678,38945,Paid
102935,142418,86167,Partial
105358,78607,130133,Pending
105288,91253,145923,Partial
105525,71878,131409,Partial
109097,98789,85109,Pending
104854,52622,54907,Paid
101234,113778,106079,Pending
109599,89990,146721,Paid
109225,108964,147044,Pending
104894,47290,34308,Pending
101433,63161,106448,Partial
105153,34306,124125,Pending
103262,84004,131218,Partial
105918,145304,82076,Paid
104550,65226,138788,Partial
102749,109452,58480,Partial
109729,141841,21100,Partial
109896,143093,67163,Paid
102306,32234,88227,Partial
106255,135728,95269,Paid
100509,90657,73302,Partial
107589,32225,148797,Partial
107440,127886,61597,Pending
101864,63763,72335,Pending
100778,100616,80973,Paid
105733,73168,79942,Paid
104101,64653,95027,Pending
105262,47149,113253,Pending
100851,146668,77579,Paid
109195,145753,99097,Paid
105798,72956,120946,Partial
108529,145452,11692,Partial
102765,38334,31891,Partial
100073,102732,30106,Pending
101424,147631,131194,Partial
107723,143296,57252,Pending
109519,56511,17528,Pending
101612,141881,72751,Partial
101429,33378,41741,Paid
103713,69344,85401,Paid
106892,107279,104210,Paid
102393,138713,75866,Paid
102144,74678,148840,Partial
102353,66926,60044,Pending
106180,134149,40609,Pending
100944,104995,57768,Partial
105430,73845,117433,Paid
106316,67674,128806,Partial
107743,60611,86877,Pending
105213,100975,16241,Pending
106158,70337,61232,Partial
103256,39205,143684,Pending
105686,108969,141134,Partial
106912,110131,86304,Paid
102486,87460,33902,Paid
101970,114921,115183,Pending
108364,61943,71819,Paid
104376,142480,17547,Partial
103300,89897,143027,Pending
100797,35575,83190,Partial
103939,94027,108249,Pending
103952,110213,141324,Pending
100379,125775,67817,Pending
106405,78603,116680,Paid
101341,117609,43514,Partial
104905,145952,32233,Partial
102713,59847,114402,Pending
106520,143079,38239,Partial
107758,133823,25166,Partial
104063,140967,138020,Paid
103708,101097,92439,Paid
103420,62515,93221,Partial
106801,73127,41807,Pending
108807,87143,67708,Paid
102804,123043,112204,Partial
102612,110657,93573,Paid
108577,70145,98174,Pending
100166,74168,23950,Pending
104013,31945,74695,Pending
106969,146416,71182,Partial
109507,146062,140513,Partial
106250,88867,52375,Pending
103585,52241,11638,Paid
102811,40102,74656,Paid
102404,98458,66897,Pending
104774,57913,118068,Paid
107410,100830,143722,Paid
105798,127930,36846,Pending
106284,35459,40409,Pending
102394,98720,113665,Partial
103097,111139,113064,Pending
106472,135906,47525,Pending
109014,58384,84914,Paid
109026,135964,85678,Pending
108217,79926,65361,Pending
103542,128533,91253,Pending
100549,96180,135963,Paid
104148,93483,95381,Paid
108310,106133,34716,Paid
100582,77587,64764,Partial
103896,140826,125807,Pending
109811,87412,141170,Pending
104477,83688,118652,Pending
104877,117608,134244,Partial
104463,93555,27224,Partial
103329,81545,142674,Paid
101657,93400,149993,Pending
105014,106083,68002,Partial
109686,62754,131765,Partial
108779,89186,127732,Partial
100408,133183,72614,Paid
103230,86417,113224,Partial
108737,57723,21784,Partial
100505,125101,65562,Partial
109912,134270,106253,Partial
100471,141496,53921,Partial
101695,66468,43850,Partial
103407,74854,15674,Pending
103307,100511,119394,Pending
108950,33570,87923,Partial
105969,73416,59318,Partial
101210,135649,78114,Partial
104414,67849,50340,Partial
106612,79670,50492,Partial
100110,94907,35597,Partial
106773,130734,120740,Paid
109602,115541,146929,Paid
101656,65174,142031,Paid
108965,135080,102140,Paid
109084,122392,133323,Pending
106999,38076,85840,Partial
107580,102629,98507,Paid
103442,69699,81485,Paid
102918,93556,13440,Paid
102575,127341,52958,Partial
102344,46542,142427,Pending
107910,89227,45010,Pending
102502,122208,33817,Paid
100374,78997,35774,Paid
106979,42348,17560,Paid
100506,77013,29039,Pending
100066,130550,52440,Pending
105735,33970,147370,Partial
106106,126343,77222,Paid
106718,56729,144894,Pending
104398,102468,132229,Paid
101334,126800,17782,Paid
101075,66811,69381,Paid
107075,91710,90493,Partial
101779,96505,26412,Partial
107639,65807,140066,Pending
102978,40032,40830,Partial
104087,82027,137215,Partial
101899,39791,115119,Partial
104177,41905,28741,Pending
100550,139449,109347,Paid
103001,54863,63154,Paid
107960,111547,96391,Paid
104726,81249,72432,Partial
104343,95870,147914,Pending
105621,132857,45296,Paid
106372,106194,21064,Pending
107626,140368,60067,Paid
103122,118558,96936,Pending
105037,149576,87322,Partial
108533,113893,106193,Paid
102752,71300,23378,Partial
103759,97942,38099,Pending
100687,87246,57400,Partial
107850,56518,60246,Paid
106511,42595,51031,Partial
109412,136364,83240,Partial
105108,58346,79373,Partial
101963,106545,146498,Pending
109421,66211,97231,Pending
101457,103449,146217,Partial
105624,106979,129520,Partial
108714,117097,47868,Pending
101909,43815,32353,Partial
100275,125027,131845,Pending
101150,62444,72472,Pending
105057,126598,89101,Paid
108266,35307,101275,Pending
107774,72358,97882,Pending
107567,128080,138966,Paid
101720,31450,107527,Partial
104451,120921,133349,Pending
101872,73174,131438,Paid
103620,88176,125387,Pending
108040,42870,89383,Partial
104877,81199,100081,Pending
106130,133428,100248,Partial
105191,139367,105643,Pending
100293,110437,34281,Pending
107410,103956,43580,Paid
106204,95857,80567,Partial
101464,50716,58377,Paid
106545,136026,112245,Pending
102690,111166,16357,Paid
106970,107079,149492,Pending
103850,118688,77213,Partial
108150,42976,70995,Partial
102644,148308,31845,Pending
107486,50713,55479,Paid
107750,61828,132963,Pending
106049,51014,106073,Pending
100664,75897,119503,Paid
107523,55778,145669,Partial
108261,96060,149883,Pending
100635,67000,12120,Partial
109896,53096,109538,Paid
107042,38602,27835,Pending
106703,112843,17197,Partial
102544,78226,115449,Pending
107956,93505,131718,Pending
105041,141877,96176,Paid
104956,67141,110688,Paid
105665,107299,98236,Paid
103715,56441,80843,Paid
104573,125982,91026,Pending
101027,88659,130712,Partial
101875,51323,51757,Paid
109375,111816,59717,Partial
101257,129836,83836,Pending
108197,54067,57875,Pending
106102,64050,91986,Pending
101009,148415,69409,Paid
104779,74344,35889,Partial
101648,103807,131506,Paid
105656,53357,28469,Paid
101425,61828,30421,Paid
105736,36741,49992,Pending
104576,50008,26800,Pending
107485,141716,146630,Paid
102130,97564,108263,Paid
103446,133813,98426,Paid
105913,137421,46709,Partial
100050,67178,43992,Paid
107538,75384,123300,Partial
100417,137599,117021,Paid
100761,86754,113235,Partial
102359,81524,146848,Paid
105780,73415,115484,Partial
105699,39895,117801,Paid
100431,30549,125605,Paid
102554,136892,102961,Pending
105542,96155,75330,Pending
109554,113468,132085,Partial
102359,113365,87812,Paid
101450,149868,10875,Pending
109277,64617,139689,Paid
100369,105713,88161,Paid
108716,114913,17088,Partial
104180,87498,69020,Pending
105993,85202,62149,Pending
105741,149291,112367,Partial
100994,51039,86129,Partial
101999,137108,140385,Paid
105636,100838,141066,Paid
109662,104684,75485,Paid
107719,133829,122907,Pending
104929,95362,111506,Partial
101403,93819,142889,Pending
104250,129330,19871,Pending
104960,70828,102594,Pending
102688,82581,113037,Paid
102372,34336,66311,Paid
109386,41077,26842,Partial
109823,102118,69512,Pending
102984,63544,105149,Partial
106531,149974,19086,Pending
108526,42230,136062,Paid
105942,89716,36800,Paid
100170,79925,44652,Partial
104381,135743,20696,Partial
105098,80525,112646,Paid
104259,37249,12040,Paid
102493,61788,103690,Paid
106928,120931,135213,Pending
102878,139207,136603,Partial
104977,59700,129852,Partial
104896,34621,138203,Partial
102632,110011,63878,Paid
106764,138378,17581,Paid
109228,112957,85858,Paid
107731,106348,108674,Partial
102768,84855,64243,Pending
101524,127523,95329,Paid
101078,112231,66628,Paid
107260,39941,89914,Partial
100696,149187,75214,Paid
105714,126047,73283,Pending
101789,119018,105682,Pending
104241,124206,38591,Partial
103682,99376,100156,Pending
104649,79347,19421,Paid
101019,143955,111536,Pending
101078,73159,141202,Partial
109534,45950,61538,Paid
100859,117273,15862,Paid
107909,103914,79930,Partial
102090,96418,114556,Paid
100612,50292,80769,Paid
100826,103058,145174,Partial
106846,89323,60175,Paid
108279,50950,104962,Pending
104921,142798,104377,Partial
103075,136392,47516,Paid
108899,145889,55080,Partial
106341,60947,24797,Paid
100496,70783,14059,Pending
105404,30315,19630,Paid
105955,75565,30184,Paid
100901,50839,149033,Pending
103050,145695,119728,Partial
105280,57518,32887,Partial
103096,55113,114182,Paid
107676,78335,74091,Pending
106667,42642,47777,Pending
108621,96749,64089,Paid
108495,118416,148435,Pending
109640,30786,12211,Pending
102119,68310,54650,Pending
102208,91152,36734,Pending
106835,126601,142911,Paid
105258,111917,149436,Paid
107454,30394,103168,Pending
107168,132750,59395,Partial
109924,69857,38480,Pending
108676,82166,124377,Paid
101927,88445,76076,Pending
106506,138437,118238,Partial
104565,135029,98289,Paid
103715,71519,106758,Paid
106286,125597,25489,Paid
109789,44542,115530,Partial
109472,62220,87222,Pending
106945,113759,123368,Partial
100013,68228,31214,Paid
104520,35821,114930,Partial
104638,44621,96806,Pending
100135,135134,132132,Partial
107416,120834,99407,Partial
105522,68123,13014,Pending
106884,141211,140607,Pending
102978,67991,144728,Pending
101430,120848,117691,Paid
100193,64885,13568,Pending
106408,105592,117789,Partial
104397,37895,54715,Pending
105607,139771,26036,Partial
109442,130202,60194,Partial
100778,105239,42655,Pending
102226,114291,53392,Paid
108194,114230,14806,Paid
100804,93088,48843,Paid
105285,132119,45648,Partial
103332,57917,137245,Pending
107108,69128,43498,Partial
109553,147610,48228,Partial
104067,62973,134342,Paid
107681,35578,44961,Partial
103666,40764,32391,Paid
108305,91661,90436,Partial
105982,89812,63785,Paid
103191,110173,57731,Pending
109200,146270,123526,Paid
103385,144896,12681,Paid
107910,112007,70375,Paid
109987,92927,85909,Paid
106779,102003,27086,Paid
104688,106379,80573,Paid
106701,148370,11495,Pending
100063,123448,133510,Pending
105174,37117,62773,Partial
106193,75875,47547,Paid
109115,33187,69950,Pending
102385,71510,33202,Partial
106535,49861,56222,Partial
102277,121953,71123,Partial
109571,88721,46593,Partial
107189,92627,40267,Paid
108684,74331,128862,Partial
104138,49922,115445,Paid
109206,136091,12708,Paid
105786,38688,70789,Partial
109370,80039,22730,Pending
100710,143228,55832,Pending
105439,63514,117030,Paid
109271,115076,140834,Pending
100306,91265,107345,Paid
107921,54752,142492,Pending
105737,44173,140866,Partial
100632,137924,148811,Paid
107098,120843,91807,Paid
102837,94211,25826,Pending
108075,40440,143566,Paid
101173,37570,148004,Pending
102679,91556,44943,Pending
106087,67369,81464,Pending
101315,77362,100776,Pending
104797,120496,75814,Partial
102176,131566,77933,Partial
106170,143753,33809,Paid
101776,95283,109039,Pending
106128,51274,41949,Pending
104775,76720,44571,Paid
106777,133359,16803,Pending
101766,83175,127390,Partial
103224,121104,92354,Partial
105209,104295,71768,Paid
104684,146471,107784,Paid
102503,51565,10990,Paid
109436,70934,39332,Pending
107408,32980,144814,Partial
103052,33552,23932,Partial
106501,146286,67357,Pending
105238,133557,24092,Paid
103886,134835,137029,Pending
100284,112709,85973,Partial
105796,68274,119404,Pending
101097,43826,44911,Paid
105961,145114,79519,Pending
104421,84085,51480,Partial
102509,56100,65345,Pending
109353,56408,112459,Paid
108475,130945,132993,Pending
106784,134716,104430,Pending
101349,120977,132381,Pending
104038,77237,56141,Paid
103954,40079,24182,Paid
107250,78396,47033,Pending
106709,113125,89577,Partial
109804,126303,33157,Paid
106465,49214,122233,Partial
109111,92881,59841,Paid
105871,109721,79764,Pending
101427,111147,95875,Pending
105736,108720,122145,Partial
109183,32691,127014,Pending
107349,146823,58937,Pending
100910,87716,139119,Partial
109373,110683,69403,Partial
106036,77748,102745,Paid
101906,97206,40963,Pending
108476,80759,115566,Partial
101321,89249,93426,Partial
105467,136314,53867,Partial
105002,132626,74201,Pending
102613,95720,93631,Paid
103947,89160,144374,Partial
105854,69875,37618,Partial
101964,130133,149918,Partial
108805,100147,84592,Partial
105830,125031,56973,Partial
107490,130352,148603,Paid
101692,116720,128192,Paid
106777,94000,136781,Paid
101896,148623,104205,Pending
109666,62754,106262,Pending
102199,120967,52778,Pending
100003,104615,144141,Pending
109448,61254,145649,Partial
107730,70774,74152,Pending
105133,99523,98061,Paid
107634,90656,17855,Partial
105360,48292,111587,Partial
102423,149442,49642,Partial
106823,53545,70537,Pending
108479,126117,128803,Paid
103610,149852,108476,Partial
105486,126151,96007,Paid
104980,56119,42852,Paid
100947,95034,103000,Pending
105398,43253,137762,Partial
108133,40409,79478,Partial
103789,53339,47915,Paid
102257,60570,62058,Pending
108296,143690,47820,Paid
108971,94475,21638,Pending
107042,105914,101157,Partial
109032,141462,110078,Paid
101218,128227,91939,Pending
105098,62166,12138,Pending
101523,73146,111318,Partial
109630,48523,35556,Partial
106782,53432,72568,Partial
100538,38163,111820,Pending
103086,110447,138644,Pending
104102,119134,27457,Paid
106581,62005,34567,Paid
101096,34744,58967,Pending
107270,109516,116156,Partial
109635,114508,126318,Paid
102753,61569,35309,Paid
103499,39560,107903,Pending
103330,87277,19479,Pending
104076,47148,138040,Partial
105443,59890,73113,Pending
100632,80710,138851,Pending
102395,109010,121653,Partial
100276,42647,42462,Paid
101171,34754,140819,Pending
102829,129562,46602,Partial
104215,53378,62765,Paid
104813,136620,128958,Paid
102022,129155,108381,Paid
105058,137657,133124,Partial
103486,117561,121446,Partial
103394,136758,36159,Pending
100872,45839,45289,Pending
103000,37768,86363,Paid
100589,57576,98473,Paid
100675,104600,122770,Paid
102648,111013,133814,Paid
109305,36302,130039,Paid
108420,98809,27063,Pending
107636,115334,72997,Partial
108298,78307,134422,Paid
109950,47484,87958,Partial
106085,53932,32393,Pending
106437,88871,35632,Paid
102862,87446,47711,Paid
107965,123065,93263,Paid
105032,83256,58072,Paid
106863,91454,59157,Paid
101171,31912,63075,Partial
108400,146262,17888,Paid
109142,71472,40107,Partial
106772,121139,39003,Pending
105717,42306,70098,Pending
103065,91270,125770,Partial
106377,42426,68611,Paid
104668,59682,24053,Partial
102087,44276,12368,Pending
105781,133782,53272,Partial
102466,82552,18369,Paid
102114,130540,100953,Paid
101100,104846,83343,Partial
103894,74479,94280,Partial
101663,58392,15551,Pending
105144,76087,96779,Pending
107097,110299,44969,Paid
102645,122346,47922,Partial
103641,122913,126555,Pending
107381,64154,126719,Partial
100409,131535,37989,Pending
108934,100748,149705,Partial
109523,67830,104501,Partial
104897,145026,75963,Partial
106370,84436,21412,Paid
102765,100659,45635,Pending
101468,84547,113952,Partial
105031,37999,62974,Pending
109912,71677,64288,Pending
106176,74405,18607,Pending
102149,66889,106332,Pending
109533,33816,112766,Pending
105301,35821,135527,Paid
105315,55857,113622,Paid
105363,130818,98242,Partial
102085,126426,123541,Partial
105518,115306,77092,Partial
108677,140196,108420,Partial
101324,131560,133047,Pending
105298,74621,139073,Partial
104081,119317,73195,Pending
104774,140351,72393,Paid
103529,43433,24990,Paid
102036,77334,50727,Partial
103986,87085,118413,Pending
103350,142459,115272,Partial
106049,146806,127586,Partial
100270,138027,102901,Paid
104072,80539,42007,Paid
103652,56512,37761,Paid
101254,110116,66833,Partial
109931,56338,18418,Partial
101752,118277,120241,Pending
100545,69027,108661,Paid
107459,129235,147811,Partial
109480,126277,79462,Paid
103086,32761,93565,Partial
103619,82852,16933,Paid
102232,55785,120126,Paid
108833,66085,88460,Partial
101020,60652,116041,Partial
107618,115495,56971,Pending
107792,56032,23655,Partial
109641,112728,16696,Paid
107455,64974,149047,Pending
101703,122264,110741,Pending
109093,114194,119017,Pending
103766,51444,24435,Paid
103037,39897,88313,Pending
104652,73607,77952,Paid
105336,54106,137288,Paid
100715,95657,139226,Partial
107231,79902,72973,Pending
105898,40167,48628,Paid
108456,148320,100456,Paid
108785,40579,126048,Partial
106777,80935,62821,Partial
104824,124021,30846,Paid
108538,43240,119740,Pending
104830,32107,116143,Pending
105046,69329,83199,Pending
106553,127258,107356,Paid
104410,49134,82034,Paid
104890,107934,15133,Pending
104945,70609,17726,Paid
103972,67307,60752,Pending
105969,82308,109486,Partial
107829,149602,147374,Paid
101114,112250,38081,Pending
101043,93180,78922,Partial
106342,132269,140321,Partial
100511,56914,140077,Pending
102651,65535,135831,Pending
101948,41494,60176,Pending
106929,41719,41343,Paid
108873,32500,62200,Partial
104748,121881,86265,Partial
107387,63512,127657,Paid
100155,68734,127212,Paid
107419,140009,74770,Partial
105204,47877,62761,Partial
100629,89394,138111,Partial
101625,125918,78440,Paid
106806,37071,14329,Pending
103067,43051,39872,Paid
106496,103347,142771,Pending
103199,122536,79348,Partial
100882,35542,44171,Partial
109108,106947,145466,Pending
103105,34627,74976,Paid
100605,121637,58025,Pending
103639,73106,39937,Partial
106531,79728,135834,Partial
104022,57043,132215,Partial
108309,93298,55856,Paid
103648,78958,131650,Pending
103811,33722,83407,Pending
104294,50776,87204,Partial
108206,54841,37777,Pending
106366,74976,112445,Partial
107001,97510,42577,Paid
107914,118807,14008,Paid
101299,64758,64064,Pending
102645,71622,81944,Paid
102034,79033,130686,Pending
104579,41479,35340,Partial
104274,82446,76026,Pending
107485,37564,140543,Pending
105786,66061,52082,Pending
101279,59628,49771,Paid
105068,97850,65177,Partial
107325,108092,18344,Pending
103711,140304,127763,Pending
107821,68144,104854,Pending
100418,64510,40188,Pending
108670,132293,63270,Partial
101283,95409,71024,Pending
105915,83945,94520,Paid
105541,143377,145519,Pending
108372,40375,82448,Pending
109642,110832,89945,Partial
101518,142613,42292,Pending
103374,146436,10568,Partial
103843,143771,113063,Pending
103799,119436,28630,Pending
100601,62345,105981,Pending
107393,112196,118785,Partial
108876,98828,101443,Partial
103356,112684,116940,Paid
100725,131182,98175,Partial
105137,70499,92598,Partial
104506,105398,108895,Partial
104629,135135,11818,Pending
101893,142541,103614,Pending
108044,66804,100008,Paid
105259,117833,113364,Paid
106150,101989,70756,Partial
102046,73765,53429,Pending
107686,76498,121460,Paid
108692,71302,27925,Paid
100981,79375,13787,Paid
104238,96011,108583,Partial
102222,144757,55506,Paid
106156,127039,112667,Pending
107491,37974,79102,Paid
105000,115058,121251,Pending
100314,127637,54389,Paid
103507,135669,130653,Paid
106483,42067,130583,Partial
100174,78764,147196,Paid
103864,91155,91109,Paid
101833,82366,66288,Pending
104736,149137,70379,Pending
107144,129313,119351,Partial
109098,119548,38834,Pending
101600,129128,32687,Partial
101251,105516,77677,Paid
109594,57474,12741,Pending
105340,31724,91491,Paid
105865,42556,104428,Paid
102818,129455,111230,Pending
104716,93891,47698,Paid
102682,96599,75264,Pending
104471,79828,126265,Pending
101188,40607,109633,Partial
108176,140925,90503,Partial
103439,30106,105147,Paid
107920,80362,95523,Pending
101203,129768,52497,Paid
105078,76764,37663,Paid
109679,65548,68618,Partial
101290,143138,103778,Partial
105826,48248,140459,Paid
109300,104836,113114,Pending
105183,43078,108262,Pending
108997,48479,100396,Pending
103113,80829,92656,Paid
100210,127055,12732,Pending
100927,37714,62034,Pending
107370,100123,99308,Pending
109227,136694,27961,Partial
107731,85836,111556,Partial
103625,143955,113805,Paid
105080,64208,130479,Partial
100143,109133,53240,Partial
102533,111979,80406,Partial
100396,104595,146354,Partial
109020,145792,109789,Paid
103502,97651,118646,Paid
100066,48797,52390,Pending
103760,133261,43992,Partial
103099,115168,23963,Partial
107762,142573,114426,Paid
102673,149562,17007,Partial
103811,86194,148776,Pending
106056,122060,46098,Paid
101299,98767,44392,Pending
102799,55851,81376,Paid
106761,48961,112332,Partial
108672,133854,120526,Paid
100966,138924,92921,Paid
101907,53551,81060,Partial
107141,113187,15182,Pending
102999,99685,126906,Pending
105596,55548,149623,Partial
101841,37768,139117,Pending
101031,116047,53353,Pending
101154,71638,116921,Pending
109121,73688,46412,Partial
100523,149390,13506,Pending
100055,36219,38410,Pending
108652,144265,78220,Partial
101208,91940,76034,Pending
104541,34222,106474,Paid
101443,34843,59408,Pending
109365,107547,140713,Partial
102035,118139,81838,Partial
107741,31030,134872,Paid
102634,141700,47197,Partial
105205,42581,138426,Paid
105487,47443,84147,Paid
101419,93712,119926,Partial
103801,52781,125586,Paid
108021,96373,91200,Pending
104015,67121,135816,Partial
109300,125882,110050,Paid
101036,33669,100803,Paid
109656,103681,28720,Pending
108105,89370,137078,Pending
103765,147743,104921,Pending
100812,136503,64523,Partial
103913,149441,94432,Partial
105925,111239,104693,Pending
109369,110251,46648,Partial
104191,30459,42277,Pending
107458,140711,118820,Paid
101692,118761,111188,Paid
105176,142907,142301,Partial
103183,136350,129873,Partial
108214,136838,96271,Paid
107021,30388,46927,Partial
101596,106550,55564,Paid
108982,85982,126304,Paid
104066,60090,144369,Partial
101432,76839,120018,Paid
103932,80391,55391,Partial
108705,70494,45923,Pending
108139,145950,82371,Pending
104778,60019,36266,Pending
101387,32051,12670,Paid
100340,114517,80490,Pending
102944,136868,100715,Partial
104277,44936,125657,Paid
106341,97285,103844,Partial
104708,91505,115382,Paid
103550,114356,138202,Pending
108899,88292,16653,Partial
104274,86898,28509,Paid
106089,35322,94166,Paid
105109,42100,36296,Pending
106978,70213,63211,Paid
101725,68167,46980,Pending
106032,48400,35200,Partial
103262,116864,89961,Pending
102314,98566,141112,Partial
104359,60729,33668,Pending
109313,77006,140429,Paid
100842,99022,68708,Pending
107114,108886,107714,Partial
100721,53067,39953,Partial
107547,75233,49034,Partial
106636,100446,143835,Pending
102606,55084,109450,Partial
107047,131327,54304,Paid
108086,49179,29940,Partial
105348,95410,19535,Pending
104792,66310,36530,Paid
104023,70529,115329,Partial
108574,68688,56624,Pending
108457,139686,24625,Pending
107902,72135,142347,Pending
101692,72590,143082,Partial
108978,78484,119826,Pending
108112,135951,127363,Pending
109669,47836,123074,Partial
108724,46433,91903,Partial
106772,135140,127902,Partial
109030,146783,66544,Paid
103854,121785,82423,Paid
100504,91651,70028,Paid
100648,102856,47724,Paid
100208,56727,56606,Partial
104209,122362,42183,Pending
101955,103608,39501,Pending
109285,99102,137627,Pending
107303,46081,15812,Paid
109828,76525,92653,Partial
108177,144653,73540,Partial
101284,123574,66138,Pending
102578,98045,111206,Pending
107558,106084,87916,Partial
103236,59096,70882,Pending
103415,147970,14132,Pending
102247,139097,122713,Partial
101887,54440,115465,Partial
108278,60771,61204,Partial
106599,61935,84358,Partial
102483,143375,35615,Paid
101313,88996,47033,Pending
103391,145134,86181,Partial
104844,138327,69352,Paid
104220,141229,28311,Paid
104766,109023,84524,Paid
103689,112257,42887,Partial
108269,40522,90398,Paid
100740,107948,52597,Partial
109950,147908,101948,Pending
102522,64317,30892,Partial
108197,117672,115866,Pending
104787,144809,117807,Partial
101730,119520,68881,Partial
108343,121616,138970,Paid
102380,100192,26922,Partial
103367,91100,95523,Paid
106814,100902,117088,Paid
106260,47275,36447,Pending
109864,83027,148043,Pending
102461,132480,85444,Pending
101989,48678,51089,Paid
104181,115579,11575,Paid
101269,42935,35892,Partial
105104,93829,34416,Paid
107541,74893,66795,Partial
106356,103827,63526,Pending
107464,64672,69072,Paid
107153,77599,34320,Paid
106637,105565,37573,Partial
101694,128117,147297,Partial
107491,73687,87483,Paid
100001,37587,23280,Pending
107693,59981,67538,Paid
105723,59177,131041,Paid
107925,49620,88832,Paid
102409,113393,124786,Pending
104110,102676,128570,Partial
105410,145339,17241,Partial
108886,93108,31788,Pending
104658,64008,37491,Paid
100899,77481,92717,Pending
106097,39155,118920,Partial
103547,80661,23997,Pending
104451,93444,53167,Partial
108785,110875,98137,Partial
106056,77467,14564,Paid
107851,104031,54498,Paid
108191,89289,27181,Paid
107062,138029,14554,Pending
108741,113888,104459,Pending
103748,36118,42179,Pending
106079,149647,94233,Paid
101870,112204,88277,Pending
101887,57294,44184,Paid
105955,149162,13826,Pending
107157,49009,131428,Pending
104419,105808,66220,Pending
109712,112692,47753,Partial
103093,35178,132011,Paid
108080,73596,102797,Pending
101997,99799,137269,Partial
105665,81188,34448,Pending
108537,92373,61390,Partial
102545,93190,137640,Paid
100123,45131,122510,Pending
106291,141556,15457,Paid
109465,81822,130066,Paid
105744,33771,148920,Partial
109815,127196,140846,Partial
106947,148203,38713,Pending
109343,138474,137734,Pending
102833,50755,112222,Paid
108635,63209,97496,Pending
102387,123391,45667,Paid
108177,52808,85465,Partial
105355,79856,42628,Partial
101147,129475,145561,Partial
100695,89006,16653,Partial
108566,129111,10343,Partial
103570,66514,119896,Partial
108240,56335,145633,Paid
105829,65132,54868,Paid
102394,48856,32607,Pending
109857,62986,61627,Pending
105997,146107,72352,Partial
109992,46583,71343,Paid
105133,96970,22780,Paid
101432,39862,111621,Pending
102993,92835,36434,Partial
102751,79382,112826,Pending
107281,34688,50640,Pending
102397,54742,135243,Pending
107716,70551,98125,Partial
109962,90344,29888,Paid
100884,92923,35387,Paid
108344,144718,77876,Pending
102580,31640,122357,Pending
101804,143065,23949,Pending
109706,60567,142343,Paid
103302,50327,71525,Partial
102388,146184,84709,Partial
106507,112273,143378,Paid
109997,62400,147423,Pending
103963,68100,32277,Pending
100463,111487,69073,Partial
105862,106740,78252,Paid
100925,57086,127341,Pending
108952,144363,72559,Pending
106742,60792,149236,Pending
104231,84439,90983,Partial
105589,82738,20610,Paid
101988,140130,136185,Pending
109269,59306,74306,Pending
108423,144317,90395,Pending
104187,126766,94278,Paid
105774,83335,59247,Pending
107212,94233,61488,Partial
109879,69269,35864,Pending
103272,72442,104183,Pending
108571,78162,119522,Partial
105337,30159,109512,Partial
103958,52808,83353,Partial
109308,72258,128753,Paid
106446,105169,14306,Partial
101721,67013,22254,Partial
103310,130582,123398,Partial
109287,87192,82670,Paid
105195,115490,117800,Paid
107430,112248,34905,Partial
108657,66857,25181,Pending
103981,124727,88541,Paid
104936,114830,60580,Pending
100327,128895,134747,Pending
106134,43917,16280,Paid
106711,59985,138648,Paid
107794,38690,74466,Pending
108724,113504,134123,Partial
108177,115929,69630,Paid
103981,30369,21757,Paid
103788,128258,75931,Pending
106995,65608,32303,Paid
103023,35403,19294,Paid
102918,45936,10786,Partial
102494,93999,11785,Paid
109718,99844,149344,Paid
103161,83828,34098,Pending
109731,63248,37639,Pending
104902,44915,31197,Pending
108836,36744,105889,Partial
102829,90715,37053,Partial
102667,105998,123055,Paid
100069,144472,30071,Partial
108917,37496,38961,Paid
109308,128204,54008,Pending
100889,112445,22489,Pending
104866,127217,147099,Partial
103257,99948,69711,Pending
104153,45471,83821,Pending
101472,83585,124752,Pending
102040,32561,124551,Pending
103847,84483,64158,Partial
101245,129754,69690,Partial
107004,141993,103566,Paid
109225,36672,98297,Pending
108879,110946,62205,Paid
104313,117032,88650,Pending
106807,145857,143918,Partial
103346,48053,100632,Pending
102851,112533,144629,Paid
102227,131009,122808,Paid
105990,71328,96090,Partial
108637,91899,134875,Partial
101016,48376,55335,Paid
101033,55875,35430,Paid
108639,116572,145904,Partial
105523,136900,28513,Pending
102875,142961,107511,Paid
102078,144197,19996,Partial
104067,131246,123656,Pending
102809,87568,14760,Partial
102037,61608,28427,Partial
107043,116128,19581,Partial
101187,97138,60303,Partial
106419,140985,11093,Paid
104197,52328,17257,Paid
105645,63449,69067,Pending
106326,43815,55144,Partial
103690,59854,147485,Pending
105977,35484,126688,Partial
108939,72884,134875,Paid
109499,72278,119836,Paid
102355,65349,12335,Partial
103196,115698,24703,Pending
108115,67686,11843,Partial
104700,41506,112945,Paid
109033,111659,10752,Paid
106210,130329,148607,Partial
103895,97622,89387,Partial
101325,95038,120747,Paid
108283,118830,70827,Partial
102291,31547,148717,Paid
101021,73725,90135,Paid
108430,79540,38875,Partial
109116,47882,64476,Partial
103854,85450,145044,Pending
108506,53284,19303,Pending
105388,47034,112064,Pending
107327,81179,28026,Paid
109628,90809,90402,Partial
105993,142416,142075,Pending
104941,110987,83137,Paid
105768,65384,21587,Partial
103666,104909,63258,Partial
100606,67690,35578,Partial
100757,61420,67612,Paid
108576,145266,40904,Pending
100190,97324,62539,Partial
109480,119439,28047,Partial
105643,75075,20044,Paid
105959,67294,34511,Partial
104794,130503,143359,Partial
109052,128220,148053,Paid
100394,49391,125404,Partial
106720,32186,146153,Partial
103153,108685,18742,Partial
106528,33636,50709,Pending
104905,114484,110108,Paid
107730,101011,144734,Pending
106383,84638,19641,Paid
104695,83208,96000,Partial
102759,115915,73756,Partial
105255,66056,124143,Partial
102683,134540,32044,Paid
102261,131720,32930,Pending
102127,72493,65851,Pending
100952,81436,82186,Paid
101695,97595,42390,Partial
108621,148384,125006,Paid
102246,77489,61873,Paid
104807,129434,99340,Partial
105226,96600,54534,Partial
105316,54711,112903,Paid
104660,138999,57606,Pending
103191,90434,114986,Pending
101763,49535,11893,Pending
107002,79043,84898,Paid
103661,45179,86133,Paid
107465,49361,59399,Partial
101402,134469,22125,Paid
101827,50696,29201,Partial
105195,74516,41902,Paid
109496,140100,82042,Partial
102583,39843,95027,Paid
104341,92964,118132,Paid
106039,97094,114438,Pending
101156,139432,67981,Paid
100593,98610,22050,Partial
104653,56991,44333,Partial
105696,120506,129427,Partial
101895,119767,115238,Partial
104050,81646,32304,Paid
104321,108821,101566,Paid
100649,49816,104490,Partial
101653,136219,66000,Pending
107242,101252,142749,Pending
107765,30488,78225,Partial
104841,144024,18554,Partial
107047,129600,35549,Partial
100037,116984,20503,Paid
109949,61672,57942,Paid
103402,76782,135413,Pending
100963,106306,46386,Pending
108696,132221,51044,Paid
104748,122899,78985,Partial
103390,146343,83149,Pending
105331,103221,113441,Paid
107389,117779,143066,Paid
103855,126309,103892,Paid
107791,91648,126684,Paid
106122,133260,86058,Paid
106623,39388,40440,Pending
109068,90596,94151,Pending
107779,39900,83298,Paid
106614,72153,115787,Paid
108688,100454,117124,Paid
108488,109179,100048,Paid
108516,52214,139484,Partial
100462,46704,29386,Paid
105591,71412,28581,Paid
104062,69839,121587,Pending
101166,38410,76057,Partial
100709,121485,97230,Paid
107766,87448,149794,Paid
108602,81018,42968,Pending
108020,50809,106940,Paid
106488,62097,78363,Pending
100129,106945,19389,Paid
103101,102141,23561,Partial
102710,101404,77679,Paid
105711,138656,50893,Partial
104234,50541,41620,Partial
104573,33384,42867,Paid
103055,119052,22755,Paid
103849,36652,49136,Pending
107783,51741,50621,Partial
100247,117628,112293,Partial
103903,114341,139602,Partial
100115,110264,57977,Paid
108498,146901,54665,Paid
106950,138980,41592,Pending
109070,53556,54729,Pending
107981,48756,130607,Paid
104821,92820,135430,Pending
107946,131203,78731,Partial
100496,32543,136962,Pending
109187,55378,28792,Pending
105087,35387,30911,Pending
108576,99813,27756,Pending
109896,106145,145565,Partial
104793,144341,46045,Paid
105832,118050,135075,Pending
102142,30611,42303,Paid
106022,42191,15763,Pending
103487,63920,36522,Paid
108233,92440,95402,Paid
106404,93087,29834,Pending
108319,47458,34955,Pending
101107,30672,87055,Partial
108763,85798,129529,Pending
100730,144978,57668,Pending
107656,141247,74688,Paid
100557,59292,34582,Paid
107374,80760,149220,Partial
109433,118104,116033,Pending
101867,147459,83147,Pending
100930,46080,64980,Paid
102566,54289,66219,Pending
106759,41169,141208,Pending
109023,124866,44901,Pending
106586,79385,12778,Pending
104534,129563,133848,Partial
104004,115245,124284,Paid
105709,32082,88595,Pending
106191,82296,78632,Pending
105661,38200,38665,Paid
102912,106898,119700,Pending
109028,89671,49069,Paid
104354,110111,112412,Partial
109957,59467,61702,Paid
101982,87711,123709,Pending
100106,32266,23077,Pending
108967,148072,50677,Partial
106499,113535,87221,Paid
108833,64698,98987,Pending
105963,36562,80648,Partial
102259,78798,55782,Paid
108113,88705,36049,Paid
108889,103211,126431,Partial
100340,118842,64384,Paid
105816,131233,43911,Pending
102675,78911,134459,Partial
104674,97119,75496,Pending
107875,55814,127986,Partial
104257,137387,149341,Partial
109922,80089,104202,Paid
102162,43434,126576,Partial
107993,73607,124137,Paid
102573,90944,52998,Pending
100131,47487,115278,Pending
105360,131724,66061,Partial
103796,143055,93616,Pending
105960,122020,33893,Paid
104501,91867,118885,Partial
102046,88554,62153,Partial
106778,45514,83127,Paid
101745,128167,91341,Pending
103490,77176,37268,Partial
109504,57900,142424,Partial
108568,112987,73975,Partial
106888,124988,34280,Pending
105237,149326,77026,Pending
100119,120940,57128,Partial
105096,143138,18824,Paid
107918,68730,90903,Pending
108794,35070,74002,Paid
106078,46524,128073,Partial
107053,141740,52932,Partial
108612,61552,118760,Pending
105162,78960,146226,Pending
106971,147714,139056,Partial
104741,120808,138176,Pending
107101,33222,12645,Paid
106647,40469,17926,Pending
109882,130186,26903,Paid
100422,75746,122236,Pending
102404,111253,108904,Partial
109800,64753,106157,Paid
101295,122678,12438,Paid
105076,103932,81754,Partial
106104,130233,95145,Partial
100631,90868,121870,Partial
100986,130803,125410,Pending
109494,84822,16364,Paid
101518,142195,60684,Paid
104076,50920,12371,Paid
108403,134176,100800,Paid
108909,107157,98541,Paid
105081,148166,143785,Paid
108914,121558,85267,Paid
100723,54842,14566,Paid
101239,70970,66014,Partial
101126,120680,59805,Partial
105270,112995,138740,Pending
103395,67705,22206,Pending
109128,132324,27566,Pending
109452,89639,95409,Pending
101332,70346,143563,Paid
107755,47684,18778,Paid
103581,54398,123698,Paid
105754,74747,37866,Partial
102957,124355,116621,Pending
106165,42771,26290,Partial
107333,54330,133586,Partial
100261,60717,21167,Paid
104545,117319,11310,Paid
104548,90564,132609,Paid
106735,32907,69880,Partial
108923,147554,104757,Paid
108680,146132,98785,Partial
109308,108236,78809,Paid
108298,93176,91381,Paid
100553,110812,112196,Partial
100264,30358,26130,Pending
104202,140074,32009,Paid
109890,67761,147687,Partial
107687,113692,24317,Paid
108433,116388,132238,Partial
102152,121168,79314,Paid
106101,38082,20452,Partial
102471,47652,124828,Pending
104344,73800,45710,Paid
102461,120370,20904,Partial
100402,38272,20529,Pending
109979,75669,101780,Paid
100225,62740,149972,Paid
100874,30727,10321,Paid
109701,107384,68585,Paid
104539,105124,72682,Pending
109353,43973,107485,Paid
104051,108213,107001,Partial
106883,114745,106318,Partial
104786,72470,122641,Partial
103909,146601,148077,Pending
100189,69771,96883,Pending
102401,48234,39094,Pending
101592,149490,14240,Partial
100540,114190,65494,Partial
102227,128467,136252,Paid
101290,98622,79461,Partial
107786,45051,103745,Paid
107566,102520,27081,Paid
102101,140366,11215,Partial
108231,46676,31245,Pending
102809,74885,76874,Pending
103191,39461,44561,Paid
108087,61959,128840,Partial
107520,90995,10830,Partial
103984,39528,69291,Partial
101324,116017,36339,Paid
102252,67200,61076,Partial
107073,39009,56968,Pending
105433,127184,132014,Partial
102063,58257,135806,Paid
107552,73522,96043,Paid
108315,111947,54422,Partial
109144,60749,114901,Partial
108762,118743,103075,Paid
102009,81876,67642,Partial
109902,86945,111324,Paid
105421,58437,24807,Paid
101551,119412,72893,Paid
105834,102864,119894,Paid
102295,116100,148656,Paid
101495,85425,31567,Partial
105529,112521,129142,Partial
101085,79458,40361,Partial
106756,112102,90369,Paid
100998,110595,52516,Pending
101496,126437,35343,Pending
101464,87091,128965,Paid
105059,90833,17116,Pending
106570,43224,82643,Paid
106839,123465,63795,Paid
106712,79322,115055,Pending
109227,107324,30506,Paid
100754,106706,12475,Pending
103957,42635,45324,Paid
109193,89083,87505,Paid
102426,111433,101673,Pending
107078,67515,114979,Paid
108819,65896,75777,Partial
106360,33350,93004,Paid
104733,88116,100967,Paid
107847,100060,73898,Partial
107058,112266,11351,Paid
105295,90807,142708,Paid
105047,38933,91962,Pending
104426,41260,143401,Paid
108153,84199,26499,Paid
105948,143950,89752,Pending
106916,52550,65351,Pending
105730,100353,88417,Pending
100272,65638,29012,Pending
109042,45528,126852,Paid
100118,109262,29265,Pending
108330,94464,10655,Pending
107446,105739,81846,Pending
109554,75938,52765,Partial
105727,79117,141507,Pending
109130,57751,15953,Paid
108736,55632,119488,Pending
100430,95365,68357,Pending
109844,54736,42215,Partial
100013,130050,38943,Paid
101611,133620,93450,Pending
101737,102373,136399,Pending
101862,91392,91016,Partial
100762,116650,114522,Pending
106590,31647,58767,Partial
108273,59880,66719,Paid
101764,68260,13881,Pending
100131,86033,110982,Partial
107801,61694,18521,Paid
100509,76319,41763,Pending
102779,125915,79882,Pending
107573,114798,34499,Paid
104151,58978,40786,Paid
103422,122240,87943,Partial
108527,72296,126544,Pending
106738,99740,47307,Partial
105870,80488,48578,Paid
100966,129355,46106,Pending
105819,99314,37935,Pending
108459,140218,59372,Paid
107506,144842,29953,Partial
103020,56400,143928,Pending
106084,72434,45494,Partial
100595,38116,108110,Pending
104024,120880,11944,Paid
101462,142280,20276,Pending
105203,113489,138322,Pending
102711,138427,13243,Partial
103307,33129,13636,Pending
106022,83925,107278,Paid
101077,91217,74164,Paid
107829,36907,12586,Pending
102210,125188,108555,Partial
101794,105442,95128,Paid
104952,136169,129909,Paid
104908,39569,40140,Partial
102093,147909,137988,Pending
104133,117858,112278,Partial
102466,36861,35617,Paid
107201,42842,113957,Paid
101450,111224,59488,Pending
108720,70981,127127,Partial
103877,143610,76252,Pending
106831,111695,19683,Partial
101307,90150,141326,Partial
101869,141702,124007,Paid
108402,36482,104562,Pending
102761,116773,123146,Partial
101965,49377,135370,Pending
107782,105815,34006,Pending
101169,136009,137330,Pending
109673,49396,109265,Partial
102540,32082,124334,Paid
103125,107548,13048,Partial
107459,60923,79260,Pending
104204,130074,27506,Paid
107839,44615,130461,Paid
102859,100701,122625,Pending
104141,45385,13967,Partial
106961,78632,118807,Partial
103687,63525,50684,Partial
100129,60342,92863,Paid
100569,34459,107710,Paid
109167,75698,144284,Pending
109886,33802,122536,Paid
102232,135503,135635,Partial
109742,109233,112355,Paid
104030,91397,42118,Paid
105455,59774,73204,Paid
109506,51266,106400,Paid
103471,138967,140952,Pending
106037,32620,21145,Pending
106949,94955,22651,Partial
100929,138741,142479,Paid
103352,133168,45199,Paid
101221,142600,68761,Pending
102605,108750,67729,Pending
104658,45969,38561,Partial
106520,126583,14778,Pending
106170,71040,24840,Partial
107905,108949,30344,Paid
100994,58527,56036,Paid
103334,121881,41043,Paid
102114,105657,91589,Partial
105782,147062,128908,Partial
107205,119749,18967,Pending
101483,134896,115280,Paid
106907,117948,71453,Pending
100511,83853,110007,Paid
109166,119191,110077,Partial
104594,86132,124192,Partial
108543,82719,64310,Pending
104283,71896,96016,Paid
102144,113583,95241,Partial
106918,39572,92516,Paid
108939,49596,47839,Paid
100834,128124,138505,Paid
108827,61469,60543,Paid
106109,96619,112459,Pending
109736,56540,79525,Paid
101556,53512,144379,Paid
105955,84330,60317,Partial
102466,141132,66768,Pending
109987,52046,13839,Partial
103570,67642,14080,Pending
109036,115530,19868,Partial
107908,43924,135409,Paid
109319,103538,96038,Paid
101256,135493,40155,Partial
105041,50675,115488,Pending
108360,88483,105601,Paid
104737,65467,128951,Partial
107768,113126,137679,Partial
108424,143221,125494,Paid
103378,63369,99410,Paid
106604,67359,85496,Paid
100442,120556,48146,Paid
109137,30020,127651,Partial
106373,137958,118490,Pending
100679,141957,136928,Partial
104979,58950,70131,Paid
109143,45310,104184,Pending
102524,113093,113326,Pending
100081,96452,77924,Pending
105406,41844,44738,Paid
100054,108320,67865,Partial
104457,72099,144238,Paid
107031,61376,36250,Paid
101642,94384,44414,Partial
102720,82028,149272,Paid
103715,55385,14847,Paid
108868,30532,86393,Pending
107737,137046,56828,Partial
108598,100996,143861,Pending
109455,43741,86248,Paid
108521,87298,23718,Partial
107208,74266,25790,Pending
108057,133325,95353,Partial
109891,143460,86903,Partial
106101,86785,78244,Pending
105993,70158,12525,Paid
109631,40543,71415,Paid
107485,122997,109220,Partial
101382,95734,35394,Pending
102935,67521,33847,Partial
107551,64419,121491,Paid
109722,57880,78082,Partial
109058,142615,134613,Paid
106396,133048,99478,Partial
104900,128482,11025,Partial
109085,64893,115980,Pending
103306,102250,128288,Pending
104129,135785,106763,Paid
100245,58954,40011,Pending
107926,53512,91876,Paid
103181,50203,26589,Pending
105740,129902,136445,Paid
108566,35644,35656,Paid
103904,36562,141036,Partial
108394,34050,136105,Pending
106837,76624,104160,Partial
104808,106371,118932,Partial
103033,41809,122053,Pending
104447,68387,142825,Partial
102652,111474,122773,Pending
104094,107400,139440,Paid
109093,40118,23782,Pending
100879,137515,51846,Partial
103964,92207,76100,Pending
100104,66695,73703,Partial
100149,113926,80007,Partial
107676,57770,115946,Partial
102740,135386,86438,Paid
105263,115560,139571,Partial
109995,52806,29078,Partial
103306,118850,139575,Paid
103818,31863,85302,Partial
100999,106241,86045,Partial
109676,31428,50337,Partial
105025,125562,10838,Pending
103862,81771,69131,Partial
109768,113458,143020,Partial
103844,93470,112486,Paid
100735,149852,131387,Paid
109089,56145,138188,Partial
103771,118362,96749,Paid
101068,108569,93613,Paid
106155,56509,77163,Partial
109132,115110,109472,Paid
103174,146482,23486,Pending
105872,66336,144496,Partial
107044,67810,59019,Paid
106944,86988,102133,Paid
103457,46077,93743,Pending
108906,103697,138005,Paid
106330,116593,23479,Pending
101686,63771,103427,Pending
102064,72719,125202,Partial
108146,53295,47510,Partial
105694,37747,16481,Partial
103698,76021,113558,Paid
102524,49557,92305,Partial
100841,30292,126104,Pending
103911,103111,10511,Paid
105941,147512,28308,Paid
107023,47288,148093,Paid
101501,85692,39697,Pending
108922,133550,136783,Paid
102431,148200,71669,Paid
102168,66777,125999,Partial
108911,58544,33976,Paid
106386,119398,94333,Pending
104093,138335,108981,Paid
104686,127764,47343,Pending
106499,134270,79530,Pending
100054,133437,36422,Partial
102938,78193,56686,Paid
109975,75567,137842,Partial
106126,38640,51114,Partial
100063,92927,123810,Partial
105156,85512,19161,Paid
102403,34536,142983,Partial
105621,70047,110018,Paid
101660,141223,80846,Pending
108149,41810,146822,Partial
103533,98873,65075,Partial
106568,137389,13315,Paid
105731,133118,94522,Pending
107027,131111,111514,Pending
100265,113522,63467,Partial
104143,129215,148472,Partial
109310,65813,27042,Pending
107038,65672,17515,Paid
100147,144972,109744,Paid
104585,69261,14328,Pending
100395,73204,12184,Partial
103495,93518,67616,Paid
108925,99653,12616,Paid
100641,119564,74090,Pending
102290,99192,36205,Pending
105572,125067,129159,Partial
104884,121792,114905,Pending
103238,125854,15408,Pending
105928,108566,51153,Paid
107771,112014,107717,Pending
108172,143255,100043,Paid
108044,55733,82460,Paid
109733,116809,16222,Pending
106338,110107,144544,Paid
101517,115815,74130,Partial
105121,110284,133169,Partial
103608,53183,33815,Paid
107592,33505,144964,Partial
108900,59299,20659,Paid
108894,65068,17225,Paid
107015,117604,52561,Partial
104761,127121,134769,Pending
104043,53551,101483,Pending
105924,34098,71677,Pending
101267,79105,32250,Partial
108356,50399,86634,Paid
108683,74234,87445,Partial
103380,120779,101290,Pending
101198,58650,102904,Partial
103529,134561,80535,Partial
100983,143464,127199,Pending
103367,122553,59815,Partial
104906,84728,147643,Pending
108715,70076,36098,Paid
105614,135659,75162,Pending
103109,107251,105556,Pending
101817,70128,124322,Paid
102371,88397,50473,Partial
107793,131481,16145,Pending
108249,94221,84328,Paid
107431,144906,142735,Partial
107642,93060,82253,Partial
108516,120670,95131,Pending
104180,36243,83812,Pending
108764,144005,55513,Paid
108136,38757,128844,Partial
109264,48865,110738,Paid
106532,123338,26811,Paid
101213,72093,111248,Pending
100232,45724,109370,Partial
104962,97776,55131,Partial
101222,138909,11595,Partial
109930,47102,100967,Paid
104822,144558,53945,Partial
101890,120999,23721,Paid
104771,91183,26061,Pending
102642,38188,90185,Partial
104949,81624,147968,Partial
109398,119649,118625,Partial
108800,140396,59001,Partial
104807,96196,50505,Partial
103947,144082,122357,Pending
100239,96962,42889,Paid
100874,82045,147232,Partial
108743,136036,108988,Pending
102124,124139,107067,Pending
102663,30349,67308,Paid
100307,61740,130822,Partial
102741,71786,107448,Pending
106584,135311,25178,Pending
108063,133124,47661,Pending
103427,101732,94629,Paid
102263,62702,18438,Paid
103030,145519,87324,Partial
102163,101984,122343,Paid
108680,107736,118433,Partial
107400,94368,113680,Paid
100763,71653,25610,Partial
109821,40087,33156,Partial
109622,137668,84524,Paid
107153,116194,100125,Partial
103971,94587,46081,Partial
109277,91286,78632,Pending
106196,50947,13101,Pending
109954,61372,75371,Paid
102818,73317,53565,Paid
108145,116132,35410,Partial
106415,149045,142184,Partial
108953,84852,127027,Paid
103505,100044,106147,Partial
107914,121680,71333,Pending
101962,86200,39741,Paid
107639,89694,21074,Partial
107527,127694,30187,Paid
100681,83795,109908,Partial
109683,32131,76781,Paid
109095,110351,121648,Partial
104784,118568,122620,Partial
104192,112778,80060,Paid
103475,122960,110743,Partial
109238,70403,92300,Pending
103178,120242,91686,Pending
107510,141280,127733,Pending
109223,54770,57286,Partial
104765,56342,25232,Partial
100563,127493,51049,Paid
105599,123968,142126,Partial
109371,67837,12891,Paid
108296,43477,21316,Pending
106749,88587,97125,Paid
108901,45464,82313,Pending
109847,69008,116716,Partial
101946,122824,14663,Pending
104124,131236,118589,Partial
101607,144566,136372,Partial
102525,137189,14002,Paid
100945,72374,67020,Partial
105037,146921,104982,Pending
101868,80157,146406,Pending
105354,31170,67531,Paid
101174,58281,108776,Paid
107252,43540,93914,Partial
101856,110149,136550,Partial
102328,57536,62773,Partial
100850,129055,130549,Pending
109107,102042,85001,Partial
103267,129443,16111,Paid
107981,60835,87484,Partial
104028,80891,73522,Pending
101264,93225,86778,Pending
107820,124216,55748,Pending
107592,117844,108676,Partial
108361,149185,126816,Partial
102406,37012,89535,Paid
104805,52290,140089,Pending
101981,65997,96864,Pending
105958,132012,23490,Paid
100148,74306,28297,Partial
103325,99525,56370,Partial
106791,135560,58538,Paid
108378,85731,113997,Paid
103313,100356,51935,Partial
103596,86714,122639,Partial
104586,135144,16912,Paid
105517,109258,93067,Paid
104794,104096,47847,Paid
107100,64906,52314,Paid
106817,68900,57563,Paid
101793,126730,111931,Pending
100672,143835,137546,Pending
104827,104557,133935,Paid
108802,46122,30269,Paid
102000,40410,121424,Paid
106154,81354,54228,Partial
102993,43920,23891,Paid
104061,138278,73836,Pending
106703,117437,143467,Partial
107132,139063,57777,Partial
102648,47863,34849,Pending
106987,97912,74167,Partial
100629,37820,92896,Partial
107474,91994,29050,Pending
100055,95497,28201,Pending
108712,121990,71501,Partial
102923,148526,119966,Pending
100654,145318,39511,Partial
104882,62329,44373,Paid
108596,76127,128742,Pending
109039,67724,19732,Paid
104659,109045,23870,Partial
101991,83978,76377,Partial
106087,60402,103520,Pending
108558,41113,43812,Paid
103143,99948,70980,Partial
104213,127075,25602,Pending
106145,121026,78928,Pending
107240,83862,139956,Pending
107881,132550,144357,Paid
108575,55087,118506,Partial
102572,124749,94621,Paid
102718,100896,15470,Partial
109980,80474,144974,Pending
103339,95377,90262,Paid
107288,36689,136757,Pending
109787,41546,98845,Pending
102926,112115,46502,Paid
107587,109274,148531,Partial
103462,145198,45980,Paid
107246,94691,19908,Paid
103605,31575,56277,Pending
108259,95675,105501,Pending
101615,134407,132690,Paid
106448,73374,114441,Pending
105371,144057,44001,Partial
105457,43225,122700,Paid
101941,104068,134354,Partial
104099,88469,104025,Pending
102879,131620,110689,Partial
106813,114176,86286,Partial
103520,64033,115050,Pending
102541,34690,81309,Pending
104920,116150,140665,Partial
106645,42682,145387,Pending
103256,118771,101471,Pending
100687,148604,46441,Pending
109551,114263,108982,Paid
106774,50157,74473,Partial
104363,50275,139792,Partial
108395,109180,106355,Pending
109902,54624,79164,Paid
100449,105687,118062,Pending
106258,61500,42740,Paid
104592,55450,24577,Paid
105816,107932,145316,Paid
103936,57012,53165,Partial
108049,45975,113400,Partial
109704,48366,133709,Partial
103618,145161,18060,Pending
102313,83130,146954,Pending
108238,40183,118270,Pending
108965,112024,144617,Pending
106473,96240,135678,Pending
101187,129504,32556,Pending
104937,33096,100713,Partial
104347,73018,100178,Partial
105413,60928,145936,Partial
104339,136380,124213,Paid
101856,111454,101076,Paid
102782,44669,53334,Pending
107809,63459,122533,Partial
101548,132017,142961,Partial
107766,87323,111924,Partial
102604,109143,65010,Paid
102201,42219,113443,Pending
102513,42970,30730,Partial
102721,124677,76020,Partial
100876,44768,96681,Pending
104257,67009,77947,Partial
100737,125208,14372,Partial
100878,44371,85763,Partial
103801,117040,76446,Paid
106612,50140,51524,Paid
107939,82638,132617,Partial
106469,86082,124913,Partial
100148,41447,38218,Pending
103308,86008,138050,Partial
106386,59237,112575,Paid
107657,145666,13868,Pending
103037,109525,146668,Partial
103132,139564,62401,Pending
106250,63624,146240,Pending
103343,146728,43626,Pending
100717,105767,10700,Pending
102738,115110,120605,Paid
106116,94361,58282,Paid
107891,127869,149345,Paid
105235,99761,129676,Partial
106192,109597,70988,Partial
100716,73824,144594,Pending
104196,69352,77357,Paid
103615,110863,103544,Partial
101615,57041,23626,Pending
107084,86497,13033,Paid
102189,44141,44448,Pending
101184,57383,61855,Pending
104699,117439,111111,Pending
107079,147589,64900,Paid
100669,53570,116515,Paid
101484,68000,147716,Paid
101332,78679,76403,Paid
105160,127209,24137,Paid
109677,116059,133637,Paid
105751,146332,32733,Pending
100536,30179,23907,Partial
107517,71982,72174,Pending
103527,81349,131920,Pending
104915,148940,59812,Paid
104866,54239,64714,Partial
105333,137481,124360,Pending
106462,57447,101992,Paid
107508,89744,88915,Partial
103619,135389,112197,Partial
109092,132305,104144,Pending
100457,115070,109042,Partial
108294,35089,111560,Pending
100254,67391,25548,Partial
102630,58871,107429,Partial
108543,130819,69174,Paid
106725,34527,73978,Pending
100060,99124,142451,Pending
103734,119351,35965,Pending
108924,33013,20763,Pending
101386,51434,91563,Paid
105969,149237,10438,Paid
107441,68921,76812,Paid
105750,132880,11738,Paid
106805,58144,66776,Partial
104979,94228,34315,Pending
104186,70831,133634,Paid
102262,105431,62400,Pending
107581,137273,111033,Partial
104735,67653,87207,Paid
104435,98982,60190,Pending
103098,48719,94055,Paid
104872,119273,60206,Paid
108614,76951,82750,Paid
103877,54672,35744,Paid
107849,107289,72820,Pending
106795,62115,145474,Paid
108181,32270,101317,Pending
107208,56868,56286,Pending
101441,86176,131241,Pending
104354,125862,119323,Pending
102327,138362,90954,Partial
107841,110477,44941,Pending
100395,129158,95824,Partial
109406,122389,82664,Pending
108093,81757,82135,Pending
101587,53114,114797,Pending
102704,47100,70438,Pending
103324,45267,142509,Pending
109126,30694,74731,Partial
107273,36273,34549,Pending
100906,146519,47922,Paid
102986,30907,60179,Paid
105501,120065,64396,Paid
101047,95027,20093,Pending
106889,123885,10136,Partial
101235,110697,65903,Pending
101541,34292,142672,Pending
104223,136639,56356,Paid
106738,55002,27074,Pending
108752,104334,19493,Paid
107424,57080,83356,Pending
109984,94126,66092,Paid
104925,33857,122110,Partial
107405,114376,34368,Paid
109660,127834,125879,Partial
107415,142825,93784,Pending
107479,119308,98470,Paid
105535,48602,15195,Paid
100212,145986,58977,Pending
109200,145418,134282,Paid
108762,99304,50577,Partial
109989,146736,76451,Paid
108838,91402,44632,Pending
104662,82735,30137,Paid
104651,148593,22895,Partial
104123,119085,27092,Partial
102420,66426,81483,Partial
108714,96424,135296,Paid
102526,90106,145538,Partial
109530,122442,44527,Pending
102428,31423,109784,Paid
101146,73316,55404,Partial
104373,67056,25968,Paid
106048,123164,121148,Partial
102120,113632,59314,Partial
104720,103580,131140,Partial
109690,77904,69123,Paid
102468,102143,20753,Pending
107604,138745,58965,Paid
105726,71038,122041,Partial
102866,45737,92226,Partial
102957,118928,137770,Pending
106720,140306,58637,Paid
101824,106317,111513,Pending
105055,52494,55988,Pending
100859,129237,140701,Partial
106928,41094,39606,Paid
109400,118446,10361,Pending
101351,126229,20163,Pending
105928,111506,98127,Partial
100517,123984,100989,Pending
107712,117856,104518,Partial
106207,103649,46211,Partial
105732,103971,125145,Partial
105404,114134,25406,Pending
105111,71382,83633,Pending
105849,52666,23560,Partial
104742,39836,30397,Pending
109437,142811,85186,Partial
106776,32088,64321,Partial
103809,71378,65017,Partial
108385,32738,34549,Pending
102153,118091,93182,Partial
100703,47248,136210,Paid
107361,133288,90843,Paid
107645,51966,47802,Partial
102636,113179,112367,Pending
106555,128649,116090,Partial
108494,86853,23515,Partial
105840,90735,65297,Partial
104989,146976,106084,Pending
102124,35166,50934,Paid
102258,107125,66609,Paid
102260,99024,52112,Paid
109178,96763,103471,Partial
106217,34800,54440,Paid
103527,31149,140196,Partial
105097,89534,85827,Paid
102015,112988,39066,Partial
103881,103082,100345,Partial
104336,123250,82609,Paid
104131,90554,98272,Paid
103175,89001,74538,Paid
103849,51891,23360,Pending
108192,129275,121128,Pending
100212,34743,147384,Pending
109583,101821,42833,Pending
106470,62051,108446,Pending
106622,114486,80088,Paid
105165,96499,69745,Pending
106349,31967,51297,Paid
102171,132749,18587,Paid
109187,138117,66958,Pending
103425,144615,13398,Partial
101522,92002,56032,Paid
100162,53881,102512,Paid
103345,124670,45462,Partial
105712,72998,146244,Pending
107765,31121,75821,Partial
106858,70738,16240,Paid
101292,140144,143570,Partial
104590,49671,77980,Pending
104635,74416,84119,Paid
100150,78227,138934,Paid
106248,111843,35977,Partial
105991,147644,130225,Partial
107537,46409,66226,Paid
106660,124202,89834,Paid
106748,46136,50142,Paid
109832,131873,68591,Partial
102290,110484,142786,Paid
107125,112825,44720,Paid
104409,138334,33932,Pending
100384,93205,139473,Pending
100353,148492,76549,Pending
104194,110541,104821,Pending
104911,70865,133923,Pending
107833,40174,114710,Pending
105784,139551,33803,Pending
105228,106566,57976,Partial
108168,107699,113997,Partial
107752,139061,32059,Pending
100820,38333,144540,Partial
100757,82138,107414,Partial
100966,134920,43006,Partial
104434,40166,101261,Pending
100716,64700,143787,Pending
105437,44694,93284,Pending
109440,84794,115646,Paid
108829,81469,87521,Partial
104401,118090,92110,Partial
104281,110381,120116,Partial
103542,144564,27554,Partial
102782,149563,56656,Paid
102390,139615,45890,Partial
104546,44838,60483,Paid
100806,101861,64034,Pending
108723,93651,94718,Partial
109098,138191,108396,Paid
104631,37166,37126,Paid
101970,118055,32858,Pending
106732,55527,56239,Pending
105445,53784,81645,Paid
103514,112138,96328,Pending
105318,131583,67761,Pending
106737,137332,85221,Partial
109475,44461,149620,Paid
108766,130533,96536,Paid
109163,117391,142249,Paid
109885,115257,144335,Partial
101317,38602,15177,Partial
104030,97858,58364,Pending
108921,62536,31166,Partial
104783,81438,103048,Partial
104904,83462,107034,Paid
104588,72457,65097,Paid
104978,78698,94061,Pending
109624,75987,38076,Pending
103237,31301,16887,Partial
105643,32747,135562,Pending
103471,144614,51712,Partial
108337,109053,60585,Paid
108315,57640,27136,Partial
109723,141675,149734,Pending
106871,125974,63906,Paid
105221,43965,146243,Paid
108222,62636,110365,Pending
101725,109541,38358,Partial
107531,110298,86730,Pending
100890,30849,11552,Paid
107237,84870,75519,Partial
109942,42066,103709,Paid
105707,116211,98586,Pending
100538,31750,45403,Pending
103689,117916,55601,Paid
107001,76846,52679,Pending
104964,139905,64805,Paid
105010,144657,40628,Partial
109001,122641,61661,Paid
105822,149769,50658,Pending
101251,37471,82653,Paid
102345,140781,49263,Partial
106227,46575,15696,Paid
102487,68763,140171,Pending
103256,57501,15288,Partial
108309,129845,93115,Partial
104531,79356,90648,Paid
105580,74509,31509,Partial
107819,90870,118698,Pending
102094,87403,102949,Paid
109156,127523,133123,Pending
104465,47742,29397,Pending
101688,68443,122912,Paid
100494,85638,105853,Partial
107212,101067,105217,Paid
100249,95388,132469,Pending
101049,105847,35849,Partial
109890,31586,133769,Pending
100661,90627,49753,Partial
107890,121148,100351,Pending
108226,133483,14789,Partial
101950,100129,64190,Paid
100907,56634,82612,Partial
101438,136978,85256,Partial
109902,33180,99687,Paid
103671,130148,112128,Pending
108623,123283,130663,Paid
103879,97884,17671,Pending
108536,91142,15579,Partial
101198,70202,53081,Partial
102178,129553,124397,Paid
108407,90469,17422,Partial
104597,34028,121110,Pending
104715,135673,129434,Partial
104894,36434,28068,Pending
105915,133255,91570,Pending
103881,46816,36569,Paid
107205,52615,88608,Partial
107254,105098,89058,Partial
103502,83291,85411,Pending
102272,124880,44232,Paid
102867,123084,13478,Pending
102564,96844,126678,Paid
100716,88008,11370,Pending
101815,31687,138052,Paid
108331,97857,117469,Pending
101609,42509,101423,Partial
103274,129683,111529,Partial
106321,43788,97329,Partial
100609,77591,146280,Pending
105519,51290,129486,Partial
107581,129735,38624,Pending
101878,59167,53588,Paid
101949,59360,30928,Pending
106815,145959,74417,Partial
103473,77909,98657,Partial
107666,51974,131063,Paid
103538,51051,52131,Partial
102613,98750,19349,Paid
104118,92939,21182,Paid
107252,43533,11502,Paid
104322,125318,14807,Partial
108138,102829,132549,Partial
101469,89608,89885,Partial
103137,82380,10116,Pending
100304,39999,17852,Paid
104563,114236,64537,Pending
107076,57277,137250,Paid
106512,111004,108936,Paid
104997,72590,74838,Partial
103705,95723,15430,Pending
103056,83566,86281,Pending
103002,35174,76771,Partial
105910,138538,32494,Paid
105706,95067,137037,Paid
109506,116419,72280,Paid
108685,110561,75686,Paid
101569,90534,41299,Pending
104643,146419,84565,Paid
107101,142105,34630,Paid
101076,41654,110763,Paid
106518,108199,138473,Paid
107042,98660,54902,Pending
103499,131034,100580,Pending
103401,80210,14979,Partial
101087,69051,15778,Pending
100228,89642,90746,Pending
100995,117296,116153,Partial
103665,77257,108213,Partial
102499,89350,62440,Partial
104440,61681,41008,Partial
101488,35855,93580,Partial
102365,108687,126134,Paid
105354,105551,54571,Partial
100642,114470,53850,Partial
102106,140576,102486,Partial
107904,40196,70335,Partial
105380,37196,43497,Pending
103058,126942,146840,Paid
105364,99168,23132,Partial
108905,58447,94456,Paid
109712,144526,82154,Pending
106793,98862,61056,Partial
106610,131265,55002,Pending
105210,57630,44815,Paid
106455,94725,135295,Paid
109208,137833,77959,Pending
104780,116038,27098,Pending
104059,48608,98786,Paid
102994,90670,35598,Partial
101382,46300,103869,Partial
108676,45811,50912,Partial
107835,107001,135519,Paid
108272,66257,77395,Partial
105332,38153,30883,Pending
102702,97141,86916,Paid
101097,135873,121153,Partial
105111,74968,20332,Paid
109495,39683,41054,Pending
102112,128976,138433,Paid
100269,106372,11925,Partial
107592,121653,13102,Partial
105212,115176,104828,Partial
108862,63277,75433,Partial
108930,66589,48495,Partial
108455,66808,45891,Pending
105761,119430,84595,Pending
100648,33294,40298,Pending
109326,71567,102808,Paid
104166,123895,29728,Pending
102007,85943,140640,Partial
101253,149349,67284,Pending
100379,54425,64113,Partial
104875,31509,108630,Partial
105663,59250,86760,Paid
101820,62530,88112,Paid
102587,31022,144602,Pending
107728,95706,48889,Pending
107815,132582,140418,Partial
109174,97138,146327,Pending
108027,47939,137277,Paid
107180,60150,137758,Paid
103714,92243,125326,Paid
107195,63456,41060,Partial
102206,123200,99894,Partial
106326,50387,40004,Partial
109826,67927,142020,Paid
105022,116711,31980,Partial
103702,90806,28684,Paid
109009,97045,69374,Paid
100882,68130,18178,Partial
101162,118928,95657,Pending
108261,132663,64642,Pending
105858,48804,21950,Paid
109887,47422,35684,Paid
100317,85673,128923,Paid
106113,49340,22949,Paid
106982,70054,30862,Pending
103272,83003,140033,Paid
104847,61309,131785,Pending
109916,115110,17481,Partial
106873,110204,135739,Partial
101932,94496,106053,Paid
103085,69479,91689,Pending
105454,56425,69964,Paid
106343,113143,114975,Pending
100569,84920,53744,Paid
101522,115328,64532,Partial
109536,142754,44546,Partial
100867,75598,52349,Partial
104775,89249,81731,Paid
100592,124872,133395,Paid
103796,33758,51941,Pending
107551,43761,29331,Paid
100026,132573,34188,Partial
102872,100641,21742,Partial
106657,69277,148234,Paid
106423,115812,35736,Pending
101771,93440,77162,Paid
103768,32068,99538,Pending
109171,60233,50666,Paid
100739,104640,22610,Pending
101678,124357,19920,Paid
102875,100874,86069,Paid
107390,77810,76647,Pending
106910,45300,10277,Paid
101356,124394,26374,Paid
102748,146809,53245,Paid
104642,90596,24196,Paid
101401,104326,127609,Pending
107543,110080,67275,Paid
105562,75459,84268,Partial
104660,122893,13393,Pending
108337,117737,138549,Paid
107081,83804,67184,Paid
100810,71086,118407,Partial
105908,68921,81509,Partial
105790,93054,95295,Partial
103391,135446,121453,Partial
107959,126926,94234,Paid
107487,94320,117081,Pending
106421,133158,85282,Partial
108350,106188,82895,Pending
108769,138312,127871,Partial
105366,80251,88905,Partial
108055,72806,100891,Paid
103175,43184,33708,Pending
108346,119051,62777,Paid
104436,114437,30087,Partial
101358,139318,38670,Paid
109626,101351,79145,Paid
103830,74864,65767,Pending
108836,59846,61113,Pending
103167,148705,40087,Partial
108557,50237,120298,Partial
102883,72774,122116,Paid
105037,97509,114820,Partial
101421,103911,11967,Partial
107121,58935,123693,Pending
109443,93291,16932,Paid
102541,56319,39714,Partial
100837,97276,56523,Partial
104942,64485,121822,Partial
101298,146560,133344,Paid
102482,130479,142938,Pending
102610,119707,141356,Pending
103792,80080,121400,Paid
102017,68774,51125,Paid
108791,31418,85020,Paid
108927,59342,119887,Partial
105403,128733,117725,Pending
109095,98855,73687,Partial
108295,84140,53978,Paid
101414,93589,36686,Paid
100272,107544,127339,Paid
109636,92537,80540,Paid
108384,44077,43641,Partial
101746,40196,58638,Paid
102943,56951,24851,Paid
102333,91919,59136,Partial
106518,70234,54655,Paid
107731,63399,57525,Partial
103110,125161,147669,Paid
102701,51133,127865,Paid
102632,137203,93337,Pending
102852,57997,29176,Paid
101571,90663,23383,Partial
101111,76596,37574,Pending
109242,122048,135221,Pending
105013,84510,125303,Paid
102169,108514,123336,Paid
101711,148463,50937,Pending
100403,142685,130189,Pending
103418,41565,19664,Paid
104371,142005,122035,Pending
104743,136014,65396,Partial
100970,93418,77588,Paid
106739,104043,46426,Paid
103808,96955,49332,Paid
105254,81689,41938,Partial
106935,106347,44731,Paid
107315,90189,16647,Partial
107324,48511,133215,Pending
107295,79592,46908,Paid
109325,45192,144606,Paid
106306,34953,16888,Pending
102215,78584,132692,Pending
102492,149048,56254,Pending
108500,116607,61689,Paid
109782,140756,26552,Pending
103103,138716,76400,Partial
102408,70356,124771,Partial
104594,136889,133415,Partial
107902,112952,123655,Partial
108718,140438,34192,Paid
109924,110257,23528,Pending
101842,119987,60746,Pending
107505,132185,140107,Partial
101910,60553,40929,Partial
100278,50038,18716,Paid
105404,98867,84442,Pending
102222,141114,83889,Pending
102249,60111,84933,Paid
106383,31095,89557,Paid
105881,61152,61506,Partial
100172,134749,87377,Pending
101888,113381,25131,Partial
103054,87775,106594,Paid
101612,141198,105089,Partial
108524,38094,29363,Pending
103097,39153,73617,Pending
104941,66393,66245,Paid
103821,82880,28777,Partial
102692,130071,80816,Paid
107198,58703,115864,Partial
106730,145282,26396,Paid
102110,30711,100765,Pending
109305,54104,48490,Partial
106249,101338,59488,Partial
101264,96984,99806,Pending
100438,38884,92552,Partial
109300,102442,71371,Pending
102132,109153,25167,Pending
101284,48086,139644,Paid
108119,93083,77529,Partial
100193,44874,129366,Partial
106961,84740,93824,Pending
100639,44271,124318,Partial
103974,83148,134584,Pending
108440,145994,26215,Paid
109491,55192,54405,Partial
100716,124305,32890,Paid
109752,75059,97028,Paid
106150,113202,135360,Partial
102101,53044,12253,Pending
105744,33396,118651,Partial
101112,87274,134181,Partial
102563,42120,72186,Paid
104954,38458,61697,Paid
107097,63547,20504,Partial
103007,43380,24197,Partial
105590,147854,27645,Partial
109591,35825,137260,Paid
109313,136824,37975,Pending
103220,36474,51673,Partial
103629,66702,148621,Partial
104908,70059,60099,Pending
104265,149630,114286,Paid
102120,90970,60097,Paid
107654,113948,111015,Pending
102523,128398,40340,Paid
100201,56512,72909,Paid
105152,65302,108917,Paid
108707,94306,31149,Paid
100812,112498,89543,Paid
102962,66189,62864,Partial
102223,83288,118385,Pending
100152,88637,18667,Paid
109987,32568,127579,Pending
107253,111918,22305,Pending
105265,146856,70821,Partial
100058,49486,24388,Pending
106030,125831,11824,Paid
102045,146305,27951,Partial
102174,132604,30195,Paid
109282,60415,108543,Pending
104785,109286,145282,Partial
106552,37793,24397,Partial
104691,35506,90755,Partial
105450,109636,109596,Pending
109483,64578,70204,Paid
101031,138200,121316,Pending
105778,102567,53984,Paid
106346,138591,31240,Pending
101293,76704,143378,Paid
104417,89164,51277,Partial
109442,77546,58374,Pending
102997,41547,73610,Pending
108532,49648,31482,Pending
103276,94611,88010,Paid
107874,46444,32314,Pending
104414,126230,50420,Paid
103151,55213,12789,Partial
109745,56200,49162,Paid
106657,127155,110473,Paid
103325,30583,50711,Partial
106079,131506,55823,Partial
107313,37649,69263,Pending
100040,32742,147251,Partial
105231,141500,58862,Partial
104240,85398,63794,Pending
101361,118382,20663,Paid
103580,128757,120323,Pending
100923,30518,18994,Partial
103936,33111,19479,Paid
106866,36729,49082,Partial
101261,91608,68923,Partial
101684,44625,96252,Partial
100880,84192,129974,Partial
101074,144803,115135,Pending
101400,67538,18414,Pending
105914,146335,79449,Pending
109820,132664,85581,Partial
109467,125446,107182,Paid
103274,112592,115152,Pending
102613,110505,68097,Partial
100295,138594,86369,Partial
109329,124308,13329,Pending
102972,39102,72363,Paid
104082,138913,111728,Pending
103993,113715,20366,Partial
109987,32505,52834,Pending
100209,74769,15708,Partial
109445,71475,15946,Pending
101390,69767,50162,Pending
108596,107796,33554,Pending
102784,44299,36619,Pending
102648,118045,88817,Pending
106825,80821,58637,Partial
101276,38222,126745,Pending
103394,136462,21844,Paid
106132,67107,107821,Partial
104170,140258,20043,Partial
105665,52675,71570,Pending
105229,140821,103892,Partial
105257,71943,115938,Partial
105341,100869,42295,Partial
107525,93589,70096,Paid
107874,40513,47850,Paid
109863,60571,78809,Partial
107828,88035,115636,Partial
106651,85240,16351,Pending
105518,73426,118605,Pending
100185,86081,145755,Paid
105862,97476,18177,Partial
105131,41182,20872,Pending
105106,136171,108154,Pending
106895,123795,34433,Paid
102435,81081,44673,Partial
109711,130596,126013,Pending
103347,118064,83656,Pending
107539,47740,34221,Paid
103702,131198,48298,Paid
102139,56163,64214,Paid
104210,60988,126119,Partial
109449,76906,60415,Paid
100412,54959,66053,Pending
106621,103819,105542,Paid
102480,64437,97122,Pending
109165,98802,62816,Paid
102920,75027,139607,Pending
102854,41401,70778,Partial
105902,74743,71163,Paid
108895,39263,147113,Paid
107493,105211,113795,Paid
103396,73887,18986,Partial
104583,41140,144184,Pending
106653,121344,13415,Partial
108217,82839,97172,Pending
108684,84958,22623,Paid
108016,100283,131612,Partial
107088,134964,139151,Pending
102426,98622,46800,Paid
109800,115488,135776,Partial
100364,55959,80301,Pending
105043,54006,23812,Pending
102053,83052,96552,Pending
108002,148610,69151,Paid
101197,33030,98306,Paid
107598,45992,48823,Pending
109378,85552,148893,Partial
101355,99850,88039,Partial
107936,147937,99587,Pending
102482,92254,144514,Partial
104313,141618,88991,Paid
109465,116354,135650,Pending
100453,33284,149981,Paid
109246,130674,28323,Paid
107814,31073,100921,Partial
108546,36759,28419,Partial
106976,116168,40268,Pending
100811,98035,30819,Paid
106870,60937,118307,Partial
101842,53970,57524,Paid
100185,71229,90744,Partial
105180,73266,73298,Pending
108133,39434,147215,Pending
103626,57446,142547,Partial
100043,131122,23882,Partial
104597,135798,35565,Partial
100816,33041,60278,Pending
104230,41906,125167,Partial
100360,116305,58922,Partial
104939,82456,15492,Paid
102740,82988,27078,Paid
109203,130416,95530,Pending
109979,117603,127258,Pending
100853,85840,37671,Pending
106230,46684,55867,Paid
105278,115860,54092,Pending
100319,70919,35604,Partial
102067,120044,96905,Paid
106058,44527,58055,Pending
103367,143384,129290,Paid
103997,131229,101812,Paid
104165,113404,78245,Partial
105774,119428,31789,Pending
100481,45201,82203,Paid
105458,94578,104538,Partial
101256,100410,33741,Pending
107460,61609,114103,Pending
101888,62117,38157,Pending
107440,60980,41020,Paid
105547,97286,90117,Partial
104546,87919,66505,Partial
106895,134725,86058,Paid
107674,101239,105885,Pending
103643,97792,123493,Partial
103179,51287,32636,Pending
106651,43376,72557,Pending
106720,68276,123429,Partial
103416,140074,91502,Pending
103421,114628,38003,Paid
105907,34431,115352,Paid
101711,134751,114323,Paid
100130,47155,97176,Partial
104601,131497,66052,Paid
100578,140277,113114,Partial
101848,92810,79062,Paid
105321,87438,46387,Paid
102434,50096,12566,Partial
107089,108973,38038,Paid
104621,85409,96339,Pending
100683,134249,44170,Paid
106970,145184,76687,Partial
104777,66092,115480,Paid
106352,58556,100157,Partial
107545,95901,17092,Partial
109966,67827,95682,Partial
103374,143845,30093,Partial
107250,98088,18282,Partial
105951,133660,13682,Paid
101498,82027,98359,Pending
106232,43266,120343,Partial
102422,120442,112493,Partial
107443,61224,145665,Paid
109722,100543,53555,Paid
100153,36213,126285,Partial
107843,135942,26545,Pending
100262,89907,61125,Paid
103119,70795,96952,Pending
106786,139756,59991,Partial
107032,129424,52128,Partial
102392,122133,44143,Paid
108669,38752,117552,Paid
109927,111924,94410,Pending
104318,103934,28943,Pending
103816,66051,58659,Paid
104946,80236,144386,Paid
108887,123133,64931,Partial
108635,85643,72928,Pending
101322,144999,52244,Partial
100999,37073,131033,Paid
101274,84477,93047,Paid
106261,148364,121697,Paid
105549,112604,100131,Partial
103806,141775,104184,Partial
103654,91585,118178,Paid
102336,119669,132135,Partial
101271,81723,118089,Paid
102507,67632,74228,Partial
101099,104773,17271,Paid
103036,102592,146014,Pending
100358,64584,61576,Pending
106048,100718,131122,Pending
101249,77823,40447,Partial
100355,75955,56844,Paid
101693,36448,73407,Partial
102762,63883,129019,Pending
100350,106602,133002,Paid
104009,62676,51056,Partial
105845,127973,129871,Pending
109009,101663,84507,Partial
102109,54635,50364,Pending
106319,109138,63942,Partial
104463,142807,77462,Pending
104246,74097,117379,Pending
102813,88875,66959,Paid
102007,61997,102432,Paid
105854,44005,82370,Pending
103004,148659,114856,Paid
104397,143756,124865,Paid
103791,66355,104273,Paid
106804,100653,44806,Pending
106617,57203,133687,Pending
100777,63139,39139,Paid
104383,136584,51371,Partial
109456,98222,10805,Partial
109833,48901,69829,Paid
106854,132879,88175,Partial
108723,80084,22393,Partial
101666,136691,88988,Pending
102787,39443,114166,Pending
104512,105883,148822,Partial
106556,59929,51665,Partial
104524,124639,58190,Pending
109212,84968,136479,Pending
104167,88482,40430,Pending
100304,121888,69031,Pending
103342,66044,128853,Paid
100462,115158,32343,Paid
105387,79834,11329,Pending
108635,127576,43861,Partial
107930,108485,85884,Paid
108869,137451,111399,Pending
100341,71798,32050,Partial
100256,42932,107439,Pending
101539,34240,16370,Paid
107366,106529,84225,Pending
106060,111268,122876,Pending
102372,37293,45667,Paid
101347,68053,77325,Paid
100597,55140,84241,Pending
108454,61782,131523,Paid
102002,132852,73040,Pending
107834,95000,45935,Paid
109785,127886,106291,Pending
101092,93154,115164,Paid
108518,51944,38692,Partial
100803,148382,16022,Pending
107778,126771,93694,Partial
100902,122247,88676,Partial
106260,36024,62401,Paid
100816,49313,68873,Pending
100783,147831,136199,Partial
103168,71745,126981,Partial
101428,112050,89407,Paid
102786,117402,119155,Paid
102769,142327,31887,Paid
102624,91862,48668,Pending
105677,42306,135617,Pending
101336,138902,140557,Paid
104837,78269,19336,Pending
105020,111083,137752,Paid
102236,82750,90083,Partial
106013,106283,135047,Pending
103305,119609,117381,Paid
100495,97996,143752,Pending
106425,90718,59270,Paid
104439,32799,38172,Pending
100448,117336,66252,Pending
103024,39777,97429,Paid
104551,143209,23298,Pending
109944,59616,54724,Partial
103575,81011,19451,Paid
104116,65580,72676,Paid
103060,69555,25880,Partial
105061,95867,58636,Partial
100098,118005,88704,Paid
100259,105437,128971,Paid
105734,68144,37568,Pending
107854,124214,137015,Pending
108838,85721,71079,Partial
108307,57512,137446,Partial
102747,81206,149342,Partial
108591,98288,72448,Paid
109104,103251,58634,Pending
102850,37444,98348,Paid
103131,71136,78177,Paid
101269,74614,57666,Paid
104842,99385,43758,Pending
100863,128256,143024,Pending
103087,116754,34823,Partial
109875,33587,47869,Pending
100077,138582,60944,Partial
104532,82042,128634,Pending
104910,55269,89856,Pending
102737,115264,86406,Partial
106053,140305,28272,Pending
109601,148982,80843,Pending
101769,44962,107226,Pending
108991,140596,100686,Pending
108228,55701,87404,Pending
104895,55713,23166,Pending
108132,102045,64604,Partial
108103,65675,101971,Partial
109280,45775,101877,Partial
106573,62596,36364,Paid
107186,104545,26434,Pending
103088,55305,142632,Paid
107024,117926,110644,Paid
108691,111149,84832,Pending
108187,71691,100093,Paid
103106,39691,74024,Pending
105630,119483,12059,Pending
109956,142181,125570,Partial
101282,54968,124225,Pending
107681,109539,69197,Paid
107929,147203,65388,Paid
107555,106379,77605,Partial
104462,98121,62801,Paid
101403,86475,149095,Paid
102350,46635,60946,Paid
108635,101303,50597,Paid
102912,35378,121331,Partial
103530,67620,109789,Partial
102214,79384,14824,Pending
102332,58089,84456,Pending
103499,109410,141922,Pending
104405,144462,87184,Pending
103142,126191,132944,Pending
101766,123325,118415,Paid
106571,57222,82454,Paid
107408,30424,14045,Paid
106705,115800,102549,Partial
109240,54298,38068,Partial
108448,92012,82396,Paid
105273,83060,52292,Pending
104930,63942,63343,Paid
100759,87196,81830,Partial
101050,121351,116788,Partial
104063,58555,68043,Pending
101904,136628,115147,Paid
108015,115999,77512,Pending
108885,108183,120008,Pending
107393,93639,13938,Paid
101120,32257,82456,Pending
104416,52555,50192,Paid
107814,96696,97268,Paid
109829,65638,27457,Partial
109239,42003,39397,Pending
108393,101626,50634,Partial
104654,92288,116982,Pending
109325,83631,83573,Paid
108145,44788,46233,Partial
102045,83942,88692,Paid
100822,140792,111647,Partial
100217,96022,149705,Partial
104916,123193,37929,Partial
108397,85269,102519,Partial
103758,69875,56982,Partial
105331,92433,132580,Partial
103181,58615,147547,Paid
105509,104322,13324,Partial
105374,144592,116108,Pending
106295,33690,10931,Paid
101802,124334,64954,Paid
103425,70105,14161,Pending
101815,114282,87841,Partial
100727,46904,101757,Partial
106623,124836,19060,Pending
104465,51103,35021,Pending
102188,49011,19509,Paid
109076,90637,69986,Partial
102418,128767,34400,Pending
103744,118530,91595,Partial
101969,138239,94248,Pending
106659,64980,103469,Pending
104380,105022,76441,Partial
100525,101653,49589,Pending
107608,128002,44783,Partial
100516,68614,89025,Partial
100614,106022,49101,Partial
101362,106428,87298,Partial
101108,137524,93543,Pending
101385,126462,149414,Pending
101159,98601,32468,Partial
106878,51462,10031,Partial
101343,57064,98884,Partial
100358,70507,81402,Pending
106413,129336,61176,Partial
105650,45850,120448,Partial
100153,99855,43259,Paid
103335,104911,54731,Pending
103137,52657,73632,Pending
102996,97106,48303,Pending
107091,45692,123643,Partial
107353,138215,59187,Partial
108097,139393,129491,Partial
102021,86834,30543,Paid
107011,88574,128367,Paid
108691,97822,35757,Pending
101478,48373,33805,Partial
103997,88554,28658,Paid
104062,31385,82087,Paid
100007,45630,54780,Partial
106603,84331,122379,Pending
104121,83295,17654,Pending
106015,92742,113735,Partial
107664,62158,35894,Paid
106962,123639,114787,Partial
103351,123853,85515,Paid
105852,107291,36329,Pending
104140,98413,32894,Paid
102217,101378,40695,Partial
103293,43186,105635,Paid
102717,70655,108353,Pending
105855,134243,122492,Partial
106598,89740,61677,Partial
107436,81794,119404,Pending
109944,100165,100465,Pending
108638,50597,95020,Partial
105355,134287,71580,Paid
102721,135012,56695,Partial
107133,98774,63351,Pending
100405,85859,143854,Partial
103253,54445,17376,Pending
102854,44445,85530,Pending
104745,82368,44993,Partial
104152,31016,74524,Paid
100787,64771,115034,Paid
104085,140687,132916,Pending
109667,138131,51647,Partial
104353,120067,126264,Paid
107583,46322,116563,Paid
106314,38668,84994,Partial
100797,137891,101378,Pending
106498,96307,65061,Paid
104246,141894,100738,Pending
100302,73745,36168,Partial
102831,44266,66985,Paid
100023,140265,141016,Paid
107365,72577,55572,Partial
102753,94792,121682,Partial
101246,47393,119479,Partial
100255,46245,98130,Paid
100808,122385,115200,Pending
103159,70678,126971,Partial
107280,90973,78915,Paid
103713,57960,85758,Pending
103797,76204,131891,Partial
104281,107970,35701,Paid
106324,33131,149250,Pending
100459,38410,129988,Pending
108829,48543,60300,Pending
109325,120349,53427,Partial
102823,116873,100889,Partial
101670,96030,54449,Partial
105310,131512,142541,Partial
103382,149725,47335,Pending
108951,64408,72198,Partial
109942,55531,11934,Partial
103084,105896,115075,Paid
108481,48799,116454,Partial
107333,103932,146908,Paid
106598,115284,15222,Partial
104046,117393,88605,Partial
100645,136946,84496,Paid
104627,146477,107006,Pending
109365,141972,144495,Pending
101333,65870,137768,Pending
102184,143216,19917,Paid
109773,100711,33722,Partial
108174,86814,65008,Pending
106936,59429,124577,Partial
106362,32402,82015,Pending
109247,138007,61815,Pending
101754,49799,139359,Partial
102283,32524,114445,Pending
101194,42034,90525,Paid
102726,101377,145848,Paid
101306,30336,85388,Partial
108316,85579,36944,Partial
101882,96688,106815,Partial
100899,78712,132325,Paid
101247,69902,72555,Partial
107848,84511,41122,Partial
104972,34702,79037,Pending
100373,55538,57447,Partial
108052,63853,138595,Paid
101428,136002,42824,Paid
102291,62284,114067,Partial
101634,30289,14366,Paid
103277,116500,47089,Partial
101946,109591,10071,Pending
101107,40686,129162,Partial
103882,123081,84471,Partial
106693,107043,98600,Paid
100397,61314,78729,Partial
107616,99938,91154,Partial
105748,85420,67807,Partial
109015,73200,147083,Paid
107080,105867,20886,Pending
102625,82455,59663,Pending
102097,30939,75213,Pending
101910,143025,68578,Paid
102219,92249,43942,Pending
100546,79080,67044,Paid
102213,92085,51524,Paid
104686,35429,140140,Partial
103729,99103,78299,Paid
100344,145246,14398,Pending
106446,34827,115962,Paid
103812,33167,144277,Paid
107947,45786,13340,Partial
103990,109240,99052,Partial
101392,61583,89221,Partial
103899,142025,98414,Partial
109044,127381,105138,Pending
103704,64509,18220,Partial
100354,80048,149271,Pending
105949,134674,44450,Paid
104795,34718,59750,Pending
103011,115838,29219,Pending
102070,99362,69429,Partial
101297,89917,82241,Partial
107426,139580,55553,Partial
107629,124068,29963,Partial
109191,37244,112285,Paid
101957,70218,26041,Pending
102358,67668,85770,Paid
103858,127526,71263,Paid
103398,143194,48660,Paid
104349,60512,115883,Pending
101276,135746,65698,Partial
101679,53615,11482,Paid
106765,40400,92384,Pending
101030,45574,54697,Paid
107480,89123,147013,Partial
106387,76706,85301,Partial
105820,89756,95989,Partial
109152,35313,11774,Paid
101619,39161,58119,Paid
109234,116099,149647,Paid
101339,100506,59573,Paid
108856,102730,132078,Partial
101943,126479,79340,Pending
103884,111516,74849,Partial
101775,103943,109451,Pending
104681,99407,36190,Paid
102401,80801,106400,Pending
101090,135049,22688,Pending
100298,75155,135227,Pending
105399,132794,76710,Partial
102074,48150,25268,Paid
108948,64093,53377,Paid
106776,69794,128622,Partial
108917,50888,21681,Paid
106430,65945,118930,Paid
109561,106918,57177,Paid
104381,124938,38427,Partial
104793,49885,38294,Paid
105652,97866,48812,Paid
102740,83589,115349,Pending
100421,64286,25683,Pending
109194,140193,13235,Partial
107191,65373,74029,Paid
109389,83475,108686,Paid
105836,72289,128115,Paid
106742,47938,80402,Paid
105002,147758,29247,Paid
109666,134233,35322,Paid
104838,109906,74879,Paid
101768,60541,32605,Partial
107376,137448,143399,Pending
106543,111376,119587,Pending
106349,139990,91721,Partial
109075,133077,80288,Pending
107327,96172,77163,Partial
106358,42508,55188,Partial
101150,40936,23123,Pending
103391,38448,130989,Pending
108526,52547,57184,Partial
109093,96249,71725,Partial
104811,94729,121277,Paid
108664,122711,102480,Partial
102243,125002,138703,Paid
103024,32868,131189,Pending
103580,91295,111927,Partial
102864,80062,46709,Pending
109194,109224,113021,Partial
105400,48097,16763,Paid
109091,81870,33918,Pending
107967,74574,16017,Paid
106179,119646,46931,Paid
106604,60333,102459,Pending
108394,43202,10772,Pending
106019,140876,106657,Partial
102470,50574,31163,Paid
106783,75822,35069,Pending
105378,55734,49025,Partial
106989,84514,122969,Pending
107348,73289,35233,Partial
103684,32116,82910,Partial
104470,52552,64885,Partial
108116,138090,83257,Paid
109249,123722,32810,Pending
100091,93978,68628,Pending
100737,49704,101412,Pending
106312,142925,144877,Partial
102924,140083,83353,Pending
107081,117487,133867,Pending
103944,64814,10855,Pending
106102,144982,134912,Partial
106801,73606,82454,Paid
104303,56527,146250,Pending
109398,72757,77622,Pending
107381,108325,70635,Partial
104755,102924,110570,Paid
100491,133727,62659,Paid
104569,37820,34646,Pending
100883,122970,102249,Pending
105459,52731,85459,Partial
109846,39026,23957,Partial
109884,132672,58394,Paid
108013,111843,123309,Paid
102618,60779,75985,Partial
108378,83030,14079,Partial
108243,126057,56229,Paid
104417,59875,93664,Partial
107159,56340,65792,Pending
103625,66039,29037,Partial
106879,99285,70854,Partial
107489,39850,117221,Partial
104475,113839,116978,Pending
100432,105331,79057,Pending
105932,129318,138309,Partial
103860,42433,122634,Pending
109281,124922,68938,Pending
109547,133751,53494,Partial
102981,104356,64710,Pending
102138,86540,97226,Pending
105848,120924,69998,Partial
108378,60353,128110,Partial
103245,149493,85212,Pending
106972,81316,141862,Partial
107750,30170,113146,Paid
108174,105215,35132,Partial
104834,121352,65714,Paid
105050,138247,46413,Pending
101851,33865,73261,Paid
100048,129906,139204,Partial
109274,87835,121010,Pending
108394,73609,82070,Paid
107969,87282,116640,Paid
109319,63547,108940,Paid
106908,78193,71577,Paid
103339,70563,148938,Paid
103914,104116,75452,Paid
107220,40525,85664,Paid
104376,31266,56459,Paid
100458,41279,61654,Pending
104045,136892,75218,Pending
106403,138422,82767,Paid
106144,140809,137305,Paid
103443,74233,73404,Partial
101924,77924,123276,Paid
104862,123073,87412,Paid
109048,36198,77802,Partial
109553,47039,99941,Partial
108919,93223,57699,Paid
102359,86257,92735,Pending
106383,56875,99216,Paid
101290,40746,145169,Partial
100721,49205,49108,Paid
104485,101815,25331,Paid
101339,30025,46766,Partial
108020,46493,36215,Paid
106900,70181,21025,Paid
101635,88377,42020,Pending
106056,75772,132189,Partial
100009,100332,87523,Paid
108221,124697,129482,Paid
106070,94206,138384,Partial
100711,80336,109295,Pending
103997,38961,95111,Pending
104429,135620,147219,Pending
102891,51484,18689,Paid
107236,90954,61625,Partial
109143,123470,139816,Pending
101092,122896,139764,Paid
103309,107946,149753,Paid
109280,139705,73532,Paid
103558,141850,81516,Partial
102579,149219,106606,Pending
103825,104725,60767,Partial
109781,70459,66554,Partial
102435,48848,148369,Paid
104346,47693,27237,Pending
105235,129803,41635,Partial
103543,38766,84986,Paid
103109,119960,138851,Partial
107516,139020,61512,Partial
108868,33131,65484,Paid
100729,30385,10496,Pending
104125,74321,113290,Partial
108086,42111,72330,Pending
101533,109244,90184,Pending
109601,88925,42568,Pending
101166,95176,44379,Pending
105260,60713,58336,Pending
103711,46301,106736,Pending
104902,88811,126014,Paid
106073,95665,37010,Pending
104849,52157,91193,Pending
100507,126819,50350,Pending
106741,46156,20112,Pending
104301,46064,85928,Partial
105344,76753,84174,Paid
105027,106971,94502,Pending
104931,53677,56476,Paid
103480,115506,148217,Pending
105824,66790,108410,Paid
105833,33547,48621,Pending
102848,91219,57282,Partial
105313,40435,20178,Pending
101145,72754,82927,Partial
103743,47232,50642,Partial
100260,114219,49493,Partial
108483,97595,126648,Pending
102144,113552,31601,Paid
104350,47418,25777,Partial
109350,107055,19849,Paid
105299,90667,92599,Partial
104205,128128,84079,Pending
108147,144630,14049,Pending
108530,52858,132886,Pending
105200,126939,120051,Pending
101322,82017,120094,Partial
103385,57931,119844,Pending
104049,146439,33990,Paid
105756,36796,147487,Paid
102947,85735,135683,Paid
103276,143596,21843,Pending
102182,132545,110075,Partial
104874,143236,138743,Partial
101512,49244,10831,Partial
103989,58785,48295,Partial
104126,32226,73316,Pending
105846,63946,33601,Pending
105925,42918,55935,Pending
102227,71567,64292,Partial
105483,77849,24883,Paid
105406,86340,131908,Partial
101485,77026,118491,Partial
104821,92391,107640,Partial
101845,95098,93644,Pending
106491,112551,77947,Partial
109265,63773,65009,Pending
109027,77628,24493,Pending
104533,36507,49870,Partial
101146,66552,70590,Pending
108152,70358,12823,Paid
106229,61903,114006,Pending
107913,140677,60581,Partial
103701,107921,51244,Partial
100084,119260,87692,Pending
101104,113850,51224,Pending
107737,142922,58714,Paid
103110,145316,14131,Pending
104744,120024,141968,Pending
100918,66733,45303,Partial
108976,115237,59249,Partial
108521,46195,51797,Pending
107545,86497,16660,Pending
108531,40782,149711,Pending
104569,140513,45636,Partial
102212,57614,131569,Partial
108096,125872,94301,Paid
109472,81443,39841,Paid
104600,102938,51084,Paid
106415,71856,123698,Pending
104975,36879,79623,Pending
102636,40125,95235,Pending
108323,114837,45559,Partial
103366,129348,114681,Paid
107084,74173,116204,Paid
101429,98114,40521,Pending
105269,41159,137081,Paid
104076,41533,110726,Paid
109655,50996,13461,Paid
107875,128248,96849,Pending
100118,49151,28435,Paid
109066,77359,10622,Partial
105588,52211,51785,Paid
105777,98042,102982,Partial
106142,98279,113268,Partial
108521,105775,66053,Partial
104240,143192,75226,Paid
106900,49042,68115,Pending
107135,64287,52672,Partial
101676,101745,69748,Paid
105888,49945,127091,Pending
101580,41483,97280,Pending
102267,139755,70097,Partial
100484,96885,132240,Pending
106790,33224,80070,Paid
106902,111316,18703,Paid
102492,130521,125381,Paid
102644,98181,87278,Paid
102833,80711,105369,Paid
105805,82681,32932,Paid
105329,80020,96488,Partial
106828,101206,147826,Partial
108722,122637,110786,Partial
107764,69255,68510,Pending
108008,116877,56909,Paid
104072,124280,82898,Partial
101992,45496,92859,Partial
105423,91296,48867,Partial
106515,69063,16866,Pending
101737,92143,24819,Pending
105385,136123,64815,Partial
100952,39985,142059,Pending
109105,139903,16356,Pending
108008,144980,65892,Paid
101405,65404,40871,Partial
102969,147894,86441,Pending
106936,116282,34623,Pending
102235,65824,74974,Partial
106870,148184,36418,Partial
103871,139189,82084,Partial
108126,139928,96330,Pending
104291,118177,16644,Pending
106437,41243,56516,Paid
107212,57744,115946,Paid
108099,88610,113252,Pending
108552,148779,87224,Pending
100301,61763,69692,Partial
100842,83805,82328,Pending
100621,97539,114008,Partial
104108,91646,126013,Partial
100090,140391,61583,Pending
102822,125762,108533,Partial
108671,69706,62517,Paid
103446,36279,86098,Partial
105217,110448,144314,Partial
105685,113664,32778,Pending
109800,83284,81344,Pending
108814,140437,101753,Partial
103555,34196,131296,Pending
108725,71719,83920,Paid
103422,39396,91761,Paid
107937,49524,14185,Pending
109807,80193,83318,Partial
109668,147963,128715,Paid
101750,80674,71625,Pending
101868,64769,147789,Paid
104073,106141,144999,Paid
107921,89508,87536,Pending
105226,109421,75392,Paid
100513,105249,95371,Partial
102660,93562,120036,Pending
105271,93357,77237,Partial
103179,127878,15042,Pending
105427,64459,91344,Paid
104310,55432,71586,Partial
101825,125434,145181,Paid
106021,68362,146608,Partial
101004,123725,143209,Partial
108757,39551,87707,Pending
102468,121394,111131,Partial
105259,122917,149305,Paid
101078,37888,14998,Pending
104148,104394,27641,Pending
109408,71628,17204,Pending
103995,66402,131430,Pending
106338,114701,49981,Paid
105624,35746,70966,Partial
108033,126716,14197,Partial
103032,85642,90156,Partial
101799,101693,60794,Partial
102975,46400,98723,Pending
103506,124831,79261,Pending
101741,74061,55731,Partial
109390,32669,90889,Partial
103024,127616,48852,Pending
107578,75562,76013,Paid
100898,42176,38393,Partial
101324,120159,77227,Pending
109641,116673,26346,Pending
105505,111239,17376,Paid
103976,142930,34434,Partial
100153,98469,65218,Partial
103326,69653,56206,Pending
108248,104255,19502,Pending
104152,49701,19778,Paid
101833,77253,11294,Pending
100814,129248,76317,Paid
102824,45727,28121,Paid
105625,34942,19261,Pending
103848,91300,115709,Pending
104028,78270,131467,Partial
103772,101806,115394,Paid
109915,137811,125334,Partial
107110,133299,62225,Paid
102634,77278,143566,Paid
101019,60448,25258,Paid
100350,121652,139497,Partial
109567,52321,128251,Pending
108084,82064,41902,Partial
103980,118119,142193,Paid
101739,67836,55153,Paid
103449,58870,112012,Partial
102513,104429,114318,Paid
102645,129787,79035,Partial
107481,125840,84315,Pending
108468,86654,134023,Paid
103677,77153,116482,Pending
109682,108045,53680,Paid
104014,130353,21864,Partial
103034,141936,66379,Partial
100034,146914,68606,Partial
104732,32698,99096,Paid
101159,40744,121791,Paid
109126,55882,140804,Partial
109481,30577,121363,Partial
104755,45945,43482,Paid
106333,129619,15916,Partial
109906,44272,36216,Pending
102134,102225,98518,Pending
104987,146566,57734,Paid
109581,134384,131981,Partial
107343,79459,96788,Paid
109456,37157,140497,Partial
101322,56456,82297,Partial
108226,115829,102813,Paid
108657,102059,61660,Paid
104130,97997,68085,Pending
106949,119154,19269,Pending
103897,100674,109633,Pending
105257,101271,45258,Paid
101566,98966,34778,Pending
108180,138919,32598,Paid
106431,145180,17397,Paid
101497,71255,148022,Pending
100774,102706,143345,Partial
104996,39569,60744,Pending
106805,147995,76148,Pending
105837,65860,91080,Pending
108399,133902,22477,Partial
101157,71784,24425,Pending
106016,144407,103152,Paid
106706,132526,32919,Partial
102719,89305,148082,Partial
109920,85892,86221,Paid
106193,94296,93509,Pending
109233,130338,10362,Pending
101275,86514,45849,Partial
107889,101634,91620,Paid
104862,66843,77928,Pending
100480,36499,144164,Paid
100422,34665,23230,Pending
108696,31383,63596,Partial
102719,46637,77693,Paid
104108,102353,52674,Pending
105391,55305,113680,Paid
107574,60564,25696,Pending
102523,126404,108147,Paid
109313,84494,113490,Pending
108480,148604,52815,Partial
107521,47598,68631,Partial
106591,144502,135377,Pending
101204,76987,99603,Paid
104320,54969,105547,Pending
106953,129826,121289,Partial
106231,40394,75674,Pending
101858,47754,18872,Partial
101689,129175,67442,Partial
100603,86822,78688,Paid
107390,83586,38046,Pending
106286,77552,61300,Pending
100535,54821,140773,Pending
100990,133593,96495,Pending
108883,114364,73661,Paid
100902,98337,57351,Partial
101927,101624,37499,Partial
105075,139865,120989,Pending
100125,48638,55831,Partial
105040,72459,126060,Pending
108599,97708,146186,Paid
100609,129359,36662,Partial
107356,98196,100181,Pending
108938,118921,56818,Pending
100208,116115,137397,Paid
100437,63977,44190,Paid
102687,42042,88869,Pending
100220,148726,88831,Pending
104405,70352,127670,Paid
108991,34975,51987,Paid
102367,110503,56016,Paid
101269,97111,116606,Pending
105831,33588,59492,Partial
103294,46036,32304,Paid
103682,85067,102203,Pending
103047,53001,38355,Partial
105758,85853,148911,Pending
101801,99665,39134,Pending
101445,68552,96795,Partial
104372,143385,13896,Paid
101342,73344,36199,Partial
105514,137787,137721,Paid
108293,81577,84319,Pending
107487,109552,78160,Pending
107689,71957,29127,Partial
105807,67279,105612,Partial
100742,35953,21833,Partial
103446,141961,63422,Pending
100632,50051,89996,Partial
108866,118012,60441,Pending
102107,107253,116721,Partial
101515,118584,69736,Partial
100961,56575,81106,Partial
105145,70576,147487,Pending
107467,121283,139960,Pending
106312,49807,125600,Paid
102367,51155,144783,Partial
101617,73432,58109,Paid
109034,88300,143869,Paid
109258,58324,62496,Partial
106659,95743,75506,Partial
109245,148026,17957,Pending
100810,60348,75697,Partial
104897,136026,99348,Pending
106477,56712,110518,Pending
109629,73422,28293,Pending
102859,98222,81410,Pending
100544,86241,53210,Paid
109112,118873,55769,Partial
109834,32704,28146,Partial
109089,145812,36664,Pending
107876,59219,12273,Paid
108703,52481,41411,Pending
105326,117447,72031,Partial
103723,134075,43242,Pending
107009,114902,73420,Partial
100654,72001,147731,Paid
108336,46496,148276,Paid
102922,54542,55193,Pending
109111,123625,54510,Pending
101481,58528,147287,Pending
109543,46813,49337,Partial
109499,65110,42022,Partial
105194,54198,138630,Partial
104219,145550,72002,Pending
101647,75186,67799,Paid
106641,141777,34966,Partial
102879,128587,31785,Partial
106052,146515,11442,Pending
108347,33413,15243,Pending
107314,98067,146379,Partial
103408,67738,85562,Partial
102184,77181,67001,Partial
107598,118734,137387,Partial
108618,51654,130374,Partial
103480,47867,89293,Partial
106077,57384,67134,Paid
108682,66112,88483,Partial
107482,57005,42620,Paid
108082,145363,104578,Pending
101371,126954,81511,Partial
101108,70132,134483,Pending
106557,109048,90914,Pending
100993,108743,10925,Pending
109679,114836,108772,Pending
109536,32602,134454,Pending
106745,148834,33930,Pending
104628,109573,113160,Paid
102498,66493,85872,Pending
100431,104493,125615,Paid
108789,57348,73580,Pending
105491,44516,99955,Pending
105563,108962,127475,Pending
109173,89425,18785,Pending
100927,148658,102835,Pending
101492,61235,123381,Pending
109451,96943,86380,Partial
106305,34600,97419,Pending
100302,64378,33453,Pending
105088,43541,12911,Paid
107141,57098,85517,Paid
104935,100597,116539,Paid
107173,142848,104806,Paid
101577,120578,110426,Pending
100757,84161,143314,Paid
103832,127767,70663,Paid
102200,123327,84860,Paid
101530,81330,30398,Pending
105028,36961,69855,Partial
106554,123185,89569,Paid
109311,135924,125478,Paid
101336,96545,111351,Partial
100361,137578,137315,Paid
101633,49852,10357,Pending
108119,86338,58256,Paid
102185,32008,62437,Paid
108831,95215,122511,Paid
101454,120233,138197,Pending
108452,56619,31929,Partial
101084,124590,51999,Paid
101430,75022,53596,Paid
104092,73007,51474,Partial
102660,77595,70119,Pending
103723,148972,60737,Pending
109118,101174,112208,Paid
102577,123863,100564,Paid
100922,112170,120633,Pending
108719,48071,51329,Pending
103565,39796,14081,Paid
103552,144021,92971,Pending
100551,63317,86972,Partial
105615,38810,117189,Paid
106713,75539,11570,Pending
103023,93853,138370,Partial
104031,83523,134165,Partial
100704,143338,96808,Pending
101447,52268,87426,Pending
106653,71459,112195,Partial
107580,143191,149290,Partial
108208,140814,79685,Paid
106301,55537,123539,Pending
103409,101484,13138,Paid
105334,141734,73508,Paid
106972,73695,37172,Paid
102300,138027,47041,Partial
106702,39329,24441,Partial
101294,91428,82020,Pending
103908,117669,85769,Partial
106951,34295,97846,Partial
107941,86261,98723,Paid
103008,63004,51085,Paid
106197,143621,51982,Pending
106722,125784,25671,Pending
107494,90877,108027,Paid
103038,31819,113956,Pending
108681,91995,105772,Partial
100781,31538,31005,Paid
107818,129203,41502,Partial
102460,85110,15209,Paid
101847,33763,133348,Partial
105045,132320,117041,Partial
102874,66441,41193,Pending
109006,142882,30467,Paid
108335,102752,127278,Paid
102460,138636,46711,Pending
102845,99313,13539,Pending
101642,114654,147999,Partial
108782,40207,12484,Pending
103627,124338,110714,Paid
108908,136688,13747,Paid
104300,78545,30876,Pending
107188,130298,42608,Paid
109207,50517,138221,Pending
107581,114890,22429,Pending
102256,104275,57701,Partial
106892,69477,45949,Paid
105280,59848,123619,Partial
101369,106813,13321,Paid
106147,40981,126322,Partial
103215,98855,129551,Paid
104756,44200,109743,Paid
109262,34433,63631,Pending
104061,63495,91970,Paid
109725,71233,58969,Pending
104742,131684,149210,Pending
105492,90437,64992,Pending
108972,42162,23116,Partial
108383,128664,128668,Paid
100277,80529,82532,Partial
101590,89315,103560,Partial
105736,145126,50580,Paid
103283,69047,36139,Paid
102750,73037,26646,Pending
106553,100319,42838,Paid
101309,64030,80124,Paid
102704,92178,93735,Paid
103293,107061,16156,Partial
106626,84803,74042,Pending
104664,92369,104829,Pending
105417,93673,25826,Partial
107395,62241,32446,Partial
109225,126183,149202,Partial
105398,31421,103369,Pending
102719,144317,68197,Partial
101036,134589,138371,Paid
100559,95751,77188,Partial
104029,120253,32697,Partial
107294,113108,147677,Partial
109197,89491,128395,Partial
101187,98545,36540,Paid
108013,51377,120786,Partial
107603,112260,57032,Partial
104899,85193,132809,Pending
109828,101249,90412,Pending
103386,119132,146016,Paid
101422,104604,116773,Partial
109652,79838,94566,Pending
101036,65490,142077,Paid
108953,95285,54561,Pending
100102,118081,49283,Paid
105334,98954,75537,Partial
105749,134781,87746,Partial
109144,40179,41371,Partial
108092,35655,114147,Pending
105660,76823,39619,Partial
100292,140386,129011,Paid
104596,90439,139012,Paid
104873,121955,79779,Pending
107203,51433,65024,Paid
109821,78362,31492,Partial
103255,78749,142206,Pending
101836,37713,78183,Paid
108582,56631,49059,Partial
101978,70798,65538,Pending
105639,42568,77292,Paid
107946,148445,45130,Partial
103402,32477,115967,Partial
100819,121952,149660,Paid
102156,65358,137568,Pending
100659,137506,141983,Pending
108749,65838,54482,Partial
100366,62257,68919,Partial
109792,67611,122002,Paid
100883,95599,25409,Partial
108771,51585,16712,Paid
105022,38170,137638,Paid
102937,127152,149689,Pending
106647,62267,100035,Paid
101332,109124,105328,Pending
103159,96272,82571,Pending
100095,107684,60339,Pending
100465,105515,103391,Paid
103092,67663,119361,Partial
103469,109823,132571,Pending
102618,82410,50667,Paid
108771,71901,125675,Pending
108534,144067,92355,Paid
108351,56261,82153,Partial
109767,43795,127258,Paid
103537,141717,17185,Paid
105353,135683,136456,Partial
107671,85368,125736,Paid
100037,110155,95685,Partial
100438,119497,20640,Partial
105227,51487,63793,Paid
105215,44133,122325,Pending
100823,65925,85891,Paid
109916,83323,32170,Partial
109113,31537,63184,Pending
109262,75284,27812,Pending
109947,38290,72176,Paid
105515,125314,18070,Paid
101430,145157,38453,Pending
108087,113340,101875,Pending
107081,95916,85214,Pending
108023,45763,96904,Pending
109524,140735,147542,Pending
103356,117284,47520,Pending
105885,79016,124486,Partial
108521,50471,93185,Pending
106759,108702,121646,Partial
108280,119113,137301,Paid
100697,146544,23045,Paid
100551,58683,51006,Paid
107869,143200,31421,Paid
101123,109410,118465,Partial
108162,102625,61266,Paid
107363,106151,21456,Partial
104167,92736,42021,Partial
104328,140279,39167,Pending
100289,112580,94846,Partial
109341,55318,26099,Paid
108656,134913,133848,Pending
103245,59607,147453,Partial
106014,86061,19127,Partial
107802,145002,81632,Partial
100144,40206,36229,Paid
108540,74572,55928,Paid
103751,88354,130962,Partial
105580,149490,136910,Pending
104011,58775,10022,Pending
101521,145545,94003,Pending
103357,49918,107579,Paid
100019,70697,106925,Paid
108686,142210,131001,Paid
106305,101556,75334,Paid
106472,95555,17120,Pending
102860,93645,111515,Pending
107657,128502,78650,Partial
107606,39992,52020,Paid
109732,131962,103892,Pending
104428,40253,81590,Pending
106600,82085,39217,Partial
103185,99647,76715,Paid
100299,93788,84539,Partial
105896,43306,52871,Paid
104632,49048,135397,Partial
100006,72355,89109,Pending
109325,95842,14215,Paid
103280,146129,116429,Partial
108929,113626,85249,Paid
103765,143327,118469,Partial
109622,62616,55924,Pending
108232,70523,18426,Paid
102485,101719,95163,Paid
104407,146058,62242,Paid
105609,130117,108132,Partial
101468,71529,102925,Partial
104271,69849,144498,Partial
107928,81092,125255,Partial
102513,33788,77078,Pending
103848,101100,15586,Paid
100345,76459,148111,Partial
109982,54743,18214,Partial
109160,126567,94775,Partial
104061,67576,20720,Pending
105046,121111,27919,Paid
100164,44915,10005,Partial
105562,33323,117641,Pending
108538,58561,112433,Pending
100163,139719,107939,Partial
105740,49923,143417,Partial
100468,107596,13968,Pending
100522,89178,23136,Partial
109219,117805,86555,Paid
106030,61313,108658,Pending
107959,130907,113211,Pending
103594,99731,101996,Partial
109752,103059,115313,Partial
107289,78018,63157,Partial
103552,137174,61352,Paid
107556,58782,81830,Partial
100460,129773,143896,Paid
105956,111550,108394,Partial
100460,118727,103522,Pending
105699,30408,77585,Paid
103474,86108,91670,Paid
102945,95805,133673,Paid
100657,36703,28444,Pending
101541,56921,146753,Pending
108072,63659,126582,Partial
101356,133385,99443,Paid
109587,52784,132872,Paid
102996,106607,146071,Pending
101642,147780,91144,Pending
102477,98281,119854,Partial
105262,121612,127395,Partial
103150,148890,36574,Paid
106024,33694,49221,Pending
101538,126019,53310,Pending
103192,99688,64853,Partial
105304,141118,18823,Paid
103792,138856,112903,Partial
103684,142808,33782,Pending
103377,85403,39816,Paid
102685,145098,86024,Paid
102813,35775,28500,Paid
105195,86121,141280,Partial
108117,110359,47573,Partial
102387,85945,125250,Partial
104781,109384,87289,Partial
105903,119788,14147,Partial
102524,49678,77504,Paid
108485,114163,45764,Partial
100507,43415,70528,Paid
106809,44878,123012,Pending
102669,73907,132191,Partial
100181,102536,124585,Pending
108601,30858,90002,Partial
104700,88465,46634,Partial
108938,121681,121059,Paid
106436,89096,48501,Partial
107130,45392,137276,Pending
107298,125004,29861,Partial
107195,83705,25737,Pending
101949,54025,131764,Paid
106230,34300,102899,Partial
100345,62989,149151,Paid
108075,37557,127248,Pending
109914,38419,35583,Paid
100369,104596,50900,Paid
102146,76633,93566,Paid
108080,93472,148995,Paid
105568,149558,64781,Paid
105720,117389,20335,Paid
107078,138368,59279,Partial
100997,72029,106570,Partial
106265,113221,67850,Paid
107883,103077,29560,Pending
102028,37014,30384,Paid
109058,126082,33904,Paid
100801,108661,134640,Pending
107803,142788,101666,Pending
100747,54548,60378,Pending
100241,66552,58622,Paid
106386,71400,123133,Paid
107374,75809,35721,Paid
100325,35256,55743,Partial
107264,92332,54013,Paid
109497,38039,99210,Partial
109436,92785,84591,Pending
103000,35607,94326,Partial
109008,44776,99172,Pending
107613,60418,24029,Partial
104739,81349,63191,Pending
107762,140409,114178,Partial
104880,39834,79150,Paid
100794,94223,50903,Pending
101233,82932,135356,Paid
106579,32589,10137,Pending
104714,59980,147003,Partial
107589,64116,129368,Pending
100099,144996,80930,Partial
101314,55513,146170,Paid
103736,143444,27476,Paid
106720,71271,53154,Partial
106338,37194,115705,Partial
103590,81533,40317,Paid
107150,75284,13026,Partial
102415,77002,51766,Pending
101527,140753,29010,Partial
102912,92585,116240,Partial
108634,119399,126249,Partial
105575,83907,11418,Paid
106738,68548,66795,Paid
104108,131807,138578,Pending
104081,84302,23122,Pending
101037,76048,12917,Paid
103503,73469,24994,Pending
107194,61342,137736,Partial
107798,66234,138400,Paid
102618,49408,76849,Paid
105319,86599,99586,Partial
108436,36374,80127,Pending
102726,144677,49279,Partial
106564,75741,126578,Partial
102434,149345,72973,Pending
105429,86999,106450,Pending
107184,77476,27457,Paid
109867,103535,68908,Partial
102583,107503,120986,Paid
106100,53332,58585,Pending
108930,118534,136877,Partial
106304,45922,37251,Partial
102274,61870,134013,Partial
103229,132149,60432,Partial
103716,72919,72921,Pending
106941,68182,100274,Paid
102254,105617,63157,Pending
106111,143481,64735,Pending
105593,55897,31389,Partial
100887,74053,63887,Paid
105110,130985,44949,Pending
103420,98674,93329,Paid
103158,63397,126780,Pending
109698,115934,86386,Partial
103874,46602,21587,Partial
109061,110228,140401,Pending
101546,83951,74702,Partial
106141,68770,141165,Pending
108839,128245,114382,Partial
105820,99289,38051,Partial
103932,127387,32227,Pending
106786,31131,63868,Pending
103442,64794,73116,Partial
106731,123272,40961,Paid
108732,67064,72890,Pending
102761,137788,134701,Pending
102282,146411,137994,Partial
102756,136570,72336,Paid
101842,129005,57998,Pending
109189,84719,110786,Partial
107339,91113,147039,Partial
100401,110050,27775,Paid
101827,56107,98543,Paid
104751,32719,74122,Partial
101219,31596,124101,Paid
109922,129629,44668,Partial
107356,84042,35248,Partial
108437,76739,24048,Pending
104009,114882,49906,Partial
101779,73809,106458,Pending
105414,82742,113902,Paid
109921,38181,17031,Pending
108142,117576,17662,Paid
103065,73325,17990,Pending
108983,66925,43817,Partial
109592,95808,119606,Partial
109005,146128,80055,Pending
102148,35566,41937,Pending
105963,55774,79813,Pending
101584,89233,51128,Paid
103877,139364,81175,Pending
100244,106176,127627,Partial
106486,116741,56519,Partial
104234,60993,32432,Pending
101848,97795,92607,Paid
105765,87796,64235,Paid
109756,136098,71981,Partial
103328,123986,147886,Partial
106544,97605,74259,Paid
102787,96220,117460,Paid
103401,44114,38405,Pending
101471,42964,45331,Partial
102886,142859,100880,Paid
104478,48989,133028,Partial
108339,50926,145701,Pending
106569,34666,22141,Partial
107838,114362,46866,Pending
106008,104771,101063,Pending
103277,124514,56080,Partial
102652,65659,74661,Paid
100103,81956,101473,Partial
106476,50209,51612,Paid
108503,125268,59381,Partial
107531,136208,93779,Partial
103822,131279,126589,Paid
101281,142156,14698,Paid
101562,135298,79924,Pending
106306,30645,119580,Partial
104624,49591,75516,Partial
109369,41219,104824,Partial
100329,33181,27296,Pending
109027,89080,103748,Paid
106012,123381,136302,Paid
105619,77759,60569,Pending
103203,61137,27661,Partial
109883,87842,130231,Partial
102343,124720,76409,Pending
107354,47281,56989,Paid
103171,74227,54085,Paid
106364,102580,28183,Pending
103071,134386,146752,Paid
105934,121665,61344,Pending
105948,95899,40241,Partial
107976,122441,110154,Paid
106442,105360,56322,Pending
104280,60088,95296,Paid
105576,149846,56972,Partial
100966,99788,44171,Partial
106095,56179,34818,Pending
106946,75798,111921,Partial
107502,140511,146109,Paid
102600,113389,145126,Partial
101242,127475,46555,Paid
106537,73329,115172,Pending
100740,72536,108705,Pending
106533,101741,106635,Partial
105480,135035,28029,Partial
100822,38550,81633,Partial
100991,39730,92356,Pending
103150,61335,127047,Pending
107331,126923,112428,Pending
105473,123062,130837,Partial
107828,104551,143551,Partial
106287,122239,77459,Pending
103554,119900,81989,Partial
103896,78331,36127,Paid
105154,125172,94688,Partial
109793,73778,100640,Paid
104054,63463,41836,Paid
107490,90516,59072,Pending
100937,52656,104824,Paid
106098,86294,15597,Pending
105217,34033,62869,Pending
102639,115560,110502,Paid
104213,149439,139554,Partial
107555,32291,46917,Partial
108638,140913,47495,Pending
101721,61598,31162,Partial
100204,50573,45149,Paid
107090,104633,143663,Partial
107366,103853,19429,Partial
109683,61856,95128,Pending
103925,146704,133238,Pending
100001,148649,53553,Paid
100493,124386,33309,Paid
105178,34727,100100,Pending
103920,129824,57425,Pending
101678,105193,124110,Partial
107164,78723,109140,Partial
101264,82549,21298,Paid
103710,125264,56250,Pending
101832,121339,37104,Paid
106102,138455,95007,Paid
102509,64793,61894,Pending
101987,53420,136611,Pending
101315,124363,68603,Pending
101312,71832,98557,Pending
101810,96029,42225,Paid
108043,135107,112883,Paid
102859,148762,16910,Paid
104897,97499,67920,Pending
107830,148103,32371,Partial
105333,97302,52164,Partial
100727,46950,119102,Pending
103739,132457,105759,Partial
104478,102341,24672,Partial
103609,93294,34248,Paid
108237,32160,149579,Paid
108398,115716,84847,Pending
102010,108063,114727,Pending
109584,87880,48349,Partial
101470,32341,52588,Pending
104887,62692,127436,Partial
107694,36514,61045,Paid
103622,115825,133280,Paid
105388,72030,73271,Paid
108631,126455,60317,Partial
108651,54500,73786,Pending
107560,115703,146428,Pending
104518,33479,49706,Partial
102892,49029,104243,Paid
109132,137682,139798,Pending
105029,136545,27784,Paid
104108,51674,139910,Partial
107532,41619,114792,Pending
101807,149846,142156,Pending
103030,131060,112484,Pending
106220,121099,148599,Paid
102116,86579,93059,Pending
106445,125201,138006,Pending
102566,118436,31203,Paid
106912,64179,108702,Pending
106513,45513,134405,Paid
103102,136033,148325,Partial
105949,51112,104928,Pending
107603,128819,134860,Paid
102717,106334,97408,Partial
104466,94891,133542,Partial
103768,137133,21726,Partial
102707,66420,60516,Partial
103601,144671,12203,Pending
103957,148042,10088,Pending
108120,141126,103279,Partial
108111,38488,113287,Paid
102087,118183,74085,Pending
105824,47435,123859,Paid
109690,54602,140077,Pending
100678,112175,129326,Pending
100590,129743,23672,Paid
100782,40893,35088,Paid
107455,33234,38447,Pending
104986,91881,133085,Partial
105422,42308,22919,Partial
103428,143461,130960,Pending
100508,38118,63335,Pending
108058,65101,55242,Paid
101957,95317,147441,Partial
109739,68600,64939,Partial
100548,58529,24803,Paid
106993,122429,76283,Pending
103812,72035,145941,Paid
105682,83638,99846,Pending
102362,133344,78945,Pending
108872,128908,39016,Paid
102922,103678,10447,Pending
109121,128134,93776,Paid
105073,137328,33420,Pending
108814,88977,65723,Pending
109072,93437,40818,Paid
107894,85281,25003,Pending
108320,66830,144953,Paid
108469,116616,31566,Paid
101633,77974,49457,Partial
106646,149595,89713,Paid
100729,101262,121330,Pending
108476,101238,59505,Partial
109318,130658,39787,Paid
109033,134202,115035,Pending
107823,63771,133701,Partial
105054,132594,36319,Paid
101555,109019,136446,Pending
102308,47860,14741,Paid
103841,55184,109983,Pending
105327,90697,83590,Paid
106927,89682,83035,Paid
108903,47521,91732,Pending
100305,100493,126564,Partial
103281,100617,55429,Partial
105369,62444,63431,Paid
107449,68551,95161,Partial
102277,94151,54929,Paid
109463,144664,78861,Partial
103400,130570,100048,Partial
108451,127508,63238,Pending
104879,116481,80202,Partial
106576,59254,61757,Paid
102865,31089,106424,Paid
106483,149436,77952,Partial
106679,89774,56979,Partial
100121,77923,39451,Partial
108596,45747,30756,Pending
100930,35063,27812,Paid
109223,123025,132101,Pending
102019,34533,71819,Paid
107638,125625,11608,Partial
106419,134389,52920,Pending
107796,97695,50438,Paid
107569,145630,113663,Partial
108854,114235,80860,Pending
103515,128185,149995,Partial
105185,106117,104373,Partial
105386,137104,97989,Partial
107382,76329,81444,Partial
105362,72295,135025,Paid
104395,111022,37028,Paid
102067,103065,92683,Paid
109695,104913,146828,Paid
108276,32710,32885,Partial
106556,70489,149632,Pending
101612,94441,134402,Pending
101987,104163,24042,Partial
106526,144435,80661,Partial
103397,135688,98445,Pending
102091,52393,49163,Partial
107318,128008,13967,Paid
100248,75670,137514,Paid
109291,98843,13629,Paid
106899,94330,57855,Partial
105870,106716,149383,Pending
109668,117163,75098,Pending
105467,80963,19019,Paid
105159,100507,138292,Paid
103669,41461,79591,Paid
103341,139847,45863,Paid
107398,93838,19556,Paid
101533,95664,44778,Pending
104100,122102,32546,Partial
104904,46704,132626,Partial
107334,96427,21683,Partial
104923,39715,33879,Partial
102654,107288,26202,Partial
106073,89833,31358,Paid
105044,75366,11012,Pending
105986,65866,23404,Paid
106444,106582,94744,Paid
109381,133718,14143,Pending
107461,95731,14656,Pending
101961,145105,139763,Partial
103668,143062,17472,Partial
100124,45253,111156,Pending
101541,78005,90370,Partial
106820,147044,133634,Paid
100640,136917,139909,Partial
106952,48851,132066,Pending
100199,53199,10342,Paid
100527,69466,116200,Partial
109480,146466,125802,Pending
101022,34033,127341,Partial
103322,69653,139311,Paid
104441,137346,107099,Partial
104809,34930,84422,Pending
106380,136120,50525,Partial
106586,144006,114243,Partial
100499,148125,68767,Partial
103194,101637,81712,Paid
108338,129847,82781,Partial
109076,74057,123213,Paid
100711,66119,113351,Partial
108911,146838,127381,Pending
102067,59056,98838,Paid
100699,127990,48042,Paid
107355,122266,132327,Paid
103554,80434,104530,Partial
108802,110628,110733,Partial
108387,43315,144265,Paid
109012,140737,11910,Pending
107779,38113,29727,Paid
100585,51295,34427,Paid
106876,70339,26854,Pending
106192,30520,71903,Paid
104817,109250,100470,Pending
109719,47451,144431,Pending
101681,124000,141391,Paid
103471,116957,78565,Partial
100046,139540,72310,Paid
103489,45971,11284,Partial
105407,135066,79276,Paid
105603,81766,92019,Partial
106768,97837,137754,Partial
100136,137062,29774,Partial
108681,127561,87199,Pending
106686,80805,99158,Pending
100851,59996,39235,Paid
107273,56131,25634,Paid
109602,73983,14546,Paid
105532,50710,100671,Paid
105229,63568,29545,Partial
104743,74650,20675,Partial
105800,51928,110070,Pending
109429,113894,19732,Paid
107626,71232,24070,Paid
102180,94618,128950,Pending
101774,126384,59284,Partial
102090,102357,17078,Pending
107867,87662,93288,Paid
103614,45728,69678,Pending
109103,68950,66367,Partial
108517,84936,82981,Partial
106154,136824,81042,Partial
107167,147747,82144,Partial
100242,109577,124568,Partial
101679,142894,92246,Pending
109470,60398,75684,Paid
107335,79917,103503,Pending
100462,114460,77855,Paid
103038,73822,34695,Paid
103851,97681,45243,Paid
106865,47514,128959,Partial
107362,112289,110394,Pending
102816,33075,25932,Partial
106239,142451,142089,Partial
100464,103010,139302,Pending
105470,78019,26057,Paid
104570,126293,49803,Paid
108598,72877,61474,Pending
102433,101103,96640,Pending
100631,148465,115348,Partial
107512,125553,113019,Pending
107762,110507,135921,Pending
104337,41284,81569,Pending
107116,117066,66650,Partial
101227,147056,45157,Pending
100019,124837,47736,Partial
100016,51103,149884,Paid
108147,97395,81652,Partial
103143,76638,68140,Partial
105093,76746,38835,Partial
106798,80310,108411,Pending
101568,37298,141783,Paid
100982,56499,70113,Partial
108249,63083,144236,Pending
106716,81891,112888,Pending
105440,103871,67953,Partial
106658,67373,82114,Pending
102230,36224,71362,Paid
104297,118984,75504,Paid
101307,39216,60054,Partial
105865,147654,75368,Partial
106089,104165,112234,Paid
101564,100767,39212,Paid
101931,142024,137454,Pending
103685,91546,26916,Partial
103857,65746,18028,Paid
107669,130095,116034,Paid
103525,108399,115066,Partial
103285,40831,87667,Pending
105062,123282,92718,Partial
101582,105857,75344,Partial
109896,98222,105053,Partial
102820,70330,33441,Pending
109139,133141,126138,Paid
104527,82651,58665,Pending
104348,132349,116478,Pending
107521,87985,73570,Paid
102922,52056,128867,Paid
102152,33027,96892,Pending
103730,45234,46343,Pending
104047,54892,88540,Pending
105010,114960,125277,Pending
107102,73586,76848,Pending
104376,113924,133303,Partial
103616,57173,132360,Pending
106017,80927,143288,Pending
107066,80620,132066,Pending
103525,139476,78260,Pending
106320,78849,127963,Partial
100811,120491,46595,Pending
102474,123976,130177,Pending
102306,108368,129180,Partial
101288,36642,67322,Paid
100589,40093,100937,Paid
106940,85632,79760,Pending
101664,63647,26959,Pending
104810,61497,58369,Paid
106566,139368,132511,Partial
107766,124676,131309,Pending
104677,95670,74119,Partial
107266,51869,61191,Paid
100841,81894,23444,Paid
108523,112934,45966,Paid
107322,144004,61333,Pending
105277,94142,30351,Pending
108352,70731,81283,Partial
107511,55371,106937,Pending
102486,73646,53941,Pending
109264,38178,12062,Partial
105049,58095,129859,Paid
104824,114235,13238,Partial
109970,121464,20640,Pending
109529,104882,90805,Pending
106924,66780,108223,Paid
102865,90988,50187,Partial
101539,144635,53202,Partial
104076,96617,66398,Partial
104982,135848,70279,Pending
107640,79818,45068,Paid
109221,119376,11432,Partial
108564,143184,89430,Pending
102333,30444,41629,Partial
105972,83567,113022,Paid
107976,115607,54201,Partial
103294,51403,14050,Partial
106418,123422,52966,Paid
102237,114672,21312,Pending
106427,131426,118121,Partial
106387,93573,14176,Paid
104390,149973,147538,Partial
105260,32942,22300,Paid
102141,62145,49788,Partial
107318,124301,79263,Partial
108849,36539,79939,Paid
100629,98854,59206,Paid
105136,83359,99862,Partial
109769,46066,127426,Partial
107349,108447,47174,Pending
103697,72666,76857,Partial
103927,88032,106967,Partial
100574,112096,29618,Paid
107577,34639,27143,Partial
101991,135992,126911,Partial
101302,64859,97252,Partial
106927,132337,66318,Paid
108982,94674,22260,Paid
108320,54506,59102,Pending
101118,46521,106063,Paid
104135,61066,141079,Partial
102156,135370,62508,Paid
108285,56924,120459,Pending
101015,95883,21210,Partial
108007,38577,40288,Pending
108854,41655,41782,Partial
108402,96166,125169,Paid
108610,105265,130416,Pending
107524,55796,28957,Partial
102435,116817,118302,Paid
102557,122008,102653,Paid
106526,33182,101012,Partial
103852,146099,42881,Paid
108110,72608,96024,Paid
108569,97459,65971,Partial
106043,90046,138932,Paid
108174,108836,16864,Partial
101756,98856,73948,Partial
108554,111853,54924,Partial
108156,132650,42068,Partial
100360,97671,130774,Pending
108271,75771,118654,Paid
109115,67263,36010,Paid
100711,62513,69687,Pending
104110,41805,146182,Pending
105017,76515,104706,Paid
106069,133955,49026,Partial
103488,52200,61741,Partial
102770,93227,120299,Paid
103763,32662,139403,Pending
104518,105066,37509,Paid
102201,114485,93795,Pending
103061,100653,96269,Pending
102978,103557,103934,Partial
102897,58736,98670,Paid
102515,39668,18835,Paid
107676,120098,80209,Pending
100284,68534,55850,Paid
103633,132392,124943,Pending
106565,72861,112183,Paid
108018,144551,149516,Paid
100692,38714,91465,Pending
102557,76558,11366,Paid
108530,41610,131606,Paid
105523,74414,24834,Pending
103594,81367,97266,Pending
108052,52036,109721,Pending
108060,145876,59122,Partial
108379,141980,77916,Paid
103784,63595,40519,Paid
104929,43529,130261,Paid
105863,82969,82129,Paid
100478,74356,110710,Pending
105380,80231,106169,Paid
100651,31353,124422,Partial
104987,38046,60531,Partial
105418,39993,89317,Partial
103876,75960,111336,Partial
100424,121154,136129,Paid
107157,90534,69135,Partial
102196,136980,110608,Partial
107272,81562,117212,Pending
100891,116586,22000,Paid
100806,112577,29739,Paid
108163,125159,58545,Paid
100005,137349,51488,Partial
101437,110030,26144,Pending
102973,48781,145268,Paid
102160,59242,108433,Partial
109207,102440,109115,Partial
102656,142358,57121,Partial
108627,109915,52266,Partial
102917,134917,57390,Paid
107273,57929,55384,Pending
105701,133539,135535,Paid
108170,89048,99011,Pending
103210,125647,131772,Partial
100027,72610,34750,Partial
107497,90004,111762,Paid
102729,30758,133542,Pending
106030,59376,63834,Partial
104453,93446,19104,Pending
107964,67172,96908,Partial
104444,124090,103844,Paid
105035,96738,83885,Paid
104236,130300,38450,Partial
108314,107254,14340,Paid
108295,135663,18772,Partial
102698,107487,115452,Partial
109336,133233,12632,Pending
102808,50085,85908,Partial
109013,69400,30894,Partial
102291,60940,100336,Partial
102867,33203,119820,Partial
104923,80711,101908,Pending
105345,143117,44893,Pending
105386,103050,60644,Partial
101390,30761,124235,Paid
103066,42016,135368,Paid
100396,124551,53106,Partial
108499,36790,112086,Partial
102759,51255,122350,Paid
100854,46553,45554,Paid
105680,30198,119313,Paid
103557,103878,24169,Pending
106888,148165,27158,Pending
100643,48625,136344,Paid
100446,60953,147543,Partial
104008,30282,26551,Pending
106788,148007,52842,Partial
102818,144520,60945,Pending
100249,33414,23478,Pending
101297,49438,24230,Partial
104311,110322,120898,Partial
108580,78145,77772,Paid
103268,38393,33731,Pending
107113,32965,14023,Pending
105655,31852,53554,Partial
105433,148902,94503,Pending
102576,35525,63307,Paid
106153,67805,64169,Pending
101786,144301,114690,Partial
106500,69087,140473,Partial
106088,76018,79206,Paid
107499,76763,107154,Paid
102603,91486,87776,Paid
100934,53960,13644,Paid
107765,114017,50285,Paid
106464,79872,123024,Partial
102747,67803,68833,Partial
108983,117596,10208,Partial
101162,140385,142654,Pending
105219,141874,31284,Pending
105598,71584,19675,Paid
106574,116285,85649,Pending
107423,112001,72173,Partial
107957,38803,90936,Paid
102323,57976,27498,Pending
104663,30793,70334,Paid
104182,140487,64188,Paid
108831,83669,134865,Paid
100734,112630,137244,Pending
100569,52336,41164,Pending
100992,75675,103200,Partial
100866,78751,26206,Partial
107805,85035,17397,Paid
105848,133656,133970,Partial
103248,94200,122502,Pending
109682,146891,112738,Paid
107403,40120,40369,Pending
101779,45772,35179,Paid
101793,84152,54617,Partial
107016,70948,97313,Pending
103317,111130,24269,Partial
104071,74319,79787,Partial
107184,131351,50224,Partial
103608,134650,48786,Pending
105476,127140,112799,Paid
109381,97123,129467,Paid
100817,100895,139184,Pending
106829,130526,14114,Paid
105541,59284,144014,Paid
104908,146238,134636,Partial
102082,51656,33941,Partial
102397,116059,122993,Pending
101917,52611,88422,Pending
105912,48815,33582,Paid
106686,38926,52375,Partial
102088,51471,145562,Pending
106187,56005,123259,Paid
103979,110326,77854,Paid
104536,46574,121757,Partial
103880,109790,31403,Paid
101221,45723,30670,Partial
100453,32189,80347,Partial
105392,139696,90057,Paid
100535,131906,30547,Paid
108058,123469,57901,Pending
101023,148672,54519,Paid
109681,113510,49633,Paid
105908,100977,83070,Pending
102504,92738,62534,Pending
108853,98209,126187,Pending
107296,139299,135570,Pending
101368,134478,54198,Pending
108147,56160,118893,Partial
101090,61452,31293,Pending
106602,148793,125666,Paid
104078,93032,113571,Partial
108933,129459,69319,Pending
100251,71549,67129,Pending
105396,112019,90746,Pending
107757,68042,146200,Partial
105091,126491,51157,Pending
106649,63375,78726,Pending
107088,146178,122318,Partial
105109,43349,81446,Partial
106582,62426,24737,Partial
100246,32805,85891,Pending
102579,43517,96447,Paid
101905,62911,113532,Paid
107476,127302,91137,Paid
108760,37521,112965,Paid
105709,59410,47588,Pending
102252,66870,145864,Pending
103863,91988,31249,Paid
105258,115748,140277,Partial
108563,139961,46599,Paid
101326,74964,120290,Partial
103883,92668,73599,Pending
101100,86171,98699,Partial
101464,79580,125959,Paid
104662,117864,44075,Partial
102426,55106,120761,Pending
109931,43982,23305,Partial
106511,137839,130370,Pending
108223,122573,69475,Paid
108698,63139,90464,Pending
106035,102215,14278,Paid
104617,145567,26951,Partial
105961,71210,49114,Paid
100605,47224,75896,Paid
107087,58447,136747,Paid
100238,89629,123125,Paid
106410,56581,77637,Paid
100745,130072,123516,Paid
102484,77915,132546,Pending
107218,114011,50805,Pending
103573,67481,33444,Paid
107228,36125,68345,Paid
104963,77741,28677,Paid
103828,38973,24438,Pending
106683,131604,104113,Paid
106467,103609,109154,Pending
103245,52219,53297,Partial
101366,111776,47444,Pending
101643,135207,118858,Pending
105979,141800,82882,Paid
103745,58407,91960,Pending
106135,108395,108226,Partial
104172,130355,72583,Partial
103135,95724,83476,Paid
105873,67317,48188,Paid
109245,101629,46978,Pending
106053,94915,37685,Pending
102449,44118,65873,Paid
101451,71626,83931,Paid
105583,95781,34156,Paid
108894,122248,93253,Pending
104825,126443,101038,Pending
109433,83554,30757,Pending
108444,82773,113118,Partial
102905,87354,62777,Partial
107724,67823,84503,Partial
108991,32419,127331,Paid
104775,124565,68315,Pending
108912,31879,135473,Paid
100303,147006,139047,Partial
101958,104803,93905,Paid
105688,148542,130927,Partial
108113,105716,140731,Pending
105950,46739,58963,Pending
105621,49728,48436,Partial
107022,89916,103691,Paid
107565,92995,145399,Paid
101386,138292,123851,Paid
107918,126126,41913,Partial
104617,129322,55089,Paid
100728,149436,99123,Paid
103755,118206,123990,Pending
101223,148504,121021,Partial
103291,96485,31994,Paid
102246,78617,102490,Partial
106697,143834,78667,Pending
102398,35317,17930,Paid
101802,128857,30722,Pending
105650,53683,122486,Partial
106740,93519,54664,Pending
101684,83218,56464,Paid
104376,37781,16935,Partial
102018,70576,13694,Partial
109239,77710,43868,Partial
102836,31999,86111,Paid
105586,103917,27138,Paid
104517,83735,46828,Partial
101132,49167,105430,Paid
100660,115846,138641,Pending
109047,103481,120318,Pending
102222,97755,13174,Paid
108594,144153,131409,Paid
105136,133234,112518,Pending
109823,31902,67445,Paid
101306,72697,147861,Pending
104248,30545,61321,Pending
108056,43582,148418,Partial
105980,141391,141411,Paid
106956,65206,33487,Partial
103780,73968,140262,Pending
101738,82888,94446,Paid
107368,68500,83571,Pending
102523,104943,25964,Partial
109113,35780,103584,Pending
105211,93454,83831,Pending
105331,62097,92293,Pending
106584,125042,58458,Pending
106966,49001,25572,Paid
109044,61061,130072,Pending
102194,133623,106033,Paid
109948,143458,79391,Paid
108839,134470,84386,Pending
108011,120847,30668,Pending
104282,95797,29458,Partial
109876,97082,44109,Pending
102703,53657,100604,Paid
104038,89426,111440,Partial
101677,65733,74605,Partial
106876,49218,45489,Pending
104557,145729,106136,Partial
108096,93382,35337,Pending
102309,87129,18557,Paid
108820,117003,138273,Pending
102964,96580,94484,Pending
103391,131656,116539,Paid
105356,129872,128188,Paid
100202,101443,47579,Paid
106794,40461,96605,Pending
103543,53060,118204,Partial
109693,148611,42018,Paid
104560,71404,80368,Paid
107688,56953,20117,Paid
102482,123914,132838,Paid
104459,72026,139497,Paid
101091,54913,38465,Paid
109017,82164,92790,Partial
101446,132732,24016,Paid
100475,85039,118441,Partial
109735,46259,49439,Pending
106391,106520,75063,Partial
105171,144269,133527,Partial
102740,110276,49103,Pending
104011,33868,36128,Partial
106069,112759,73129,Partial
102570,92688,92998,Pending
100605,51898,60663,Partial
108200,124511,120560,Partial
105317,112887,134878,Partial
102812,67718,105247,Partial
100743,101815,118492,Paid
105536,115671,29577,Partial
102356,114019,57309,Partial
100437,117852,106901,Partial
109830,140168,115137,Paid
104622,116528,100853,Pending
107351,56720,37353,Paid
104551,93476,137903,Pending
108316,74570,149268,Paid
105774,83333,119573,Paid
101615,34514,132729,Pending
103068,92439,33148,Pending
106874,124805,25055,Paid
103777,38720,25193,Pending
109679,101766,133138,Partial
101521,34022,95909,Partial
106567,148108,116199,Paid
100955,65988,134163,Paid
106795,135188,96507,Partial
108367,54672,22760,Pending
105837,128870,98290,Pending
107584,100496,11787,Partial
107347,81920,32626,Partial
104801,109325,61272,Pending
108572,111682,40673,Paid
103204,110772,71818,Partial
103077,106061,87918,Pending
100782,67002,118995,Paid
107833,104195,49640,Partial
104998,37142,50121,Partial
102978,139715,140377,Pending
103463,80276,114903,Paid
109185,47015,120937,Partial
108124,36788,79149,Partial
100970,101987,110666,Paid
102604,62127,19230,Partial
102552,78612,86123,Pending
108874,54952,54946,Pending
104035,134222,78303,Paid
106449,83643,109666,Partial
100009,53111,131351,Paid
107714,47721,15455,Pending
103906,95722,114302,Partial
100408,116451,146215,Paid
107376,87867,69142,Pending
103742,49463,21637,Partial
100351,125921,121280,Partial
104387,141686,37045,Paid
102181,85685,84838,Partial
100493,117000,70466,Partial
104228,128720,97150,Partial
101006,102362,77508,Paid
106258,96421,134381,Partial
101803,90512,22645,Partial
100921,38589,131933,Paid
106049,143236,28262,Pending
109812,149901,141927,Pending
103944,136495,78038,Pending
104542,127695,84388,Partial
107165,55640,47034,Paid
103323,90384,90462,Pending
107961,39916,54912,Partial
103808,73490,38507,Partial
106670,113718,119217,Partial
100843,50477,109689,Pending
101031,53018,64122,Paid
106721,56176,52788,Partial
107600,81289,122971,Paid
105257,84702,143063,Pending
100362,122784,36971,Pending
109117,127468,59550,Partial
100905,38737,130357,Paid
109634,80698,129472,Paid
100834,69791,39675,Paid
107319,31575,84778,Partial
107063,48816,54662,Paid
105235,93120,112610,Partial
109941,120983,79804,Pending
106962,113032,69979,Pending
102932,38599,86943,Partial
105761,97576,138858,Partial
103400,104642,64420,Partial
109523,123912,119354,Paid
108608,47314,116640,Paid
105137,74718,118243,Paid
105352,44961,26666,Pending
105812,51819,57165,Pending
102170,147876,110047,Partial
108490,144019,95118,Partial
105398,76188,87642,Partial
107550,88962,135828,Partial
101478,89152,75575,Partial
101089,34312,11356,Pending
107944,70355,123058,Pending
101627,100076,85636,Paid
101730,34309,82997,Pending
102868,47485,25460,Partial
106314,148344,29450,Partial
108640,56403,146714,Paid
109964,86098,34597,Pending
101295,62126,97178,Pending
100262,75877,79553,Pending
104282,99794,135288,Partial
100771,49808,115914,Pending
104208,43252,70423,Partial
106887,76784,125540,Paid
100707,40085,119434,Partial
105819,120078,64184,Paid
108588,87864,124336,Partial
104318,82460,121956,Paid
109106,123386,42332,Paid
107739,77213,65940,Paid
107768,45897,80009,Paid
103745,110070,49343,Pending
109978,113546,81885,Partial
104852,69994,71124,Paid
101771,137469,73899,Paid
109452,114206,34032,Paid
100752,69996,111429,Partial
107987,33173,99468,Partial
103524,116212,40718,Partial
106787,99961,15448,Pending
102788,51696,148196,Partial
100131,112427,64017,Pending
102697,32667,134077,Paid
100292,73556,101379,Paid
101761,128248,121839,Partial
108862,149526,42711,Paid
106815,122978,15499,Pending
107927,52850,103509,Pending
100491,131394,38104,Paid
100586,82898,107852,Pending
109548,109386,13996,Partial
100345,81597,131339,Pending
106355,71164,125682,Partial
104699,94407,117041,Partial
109774,145220,42247,Pending
101705,47431,37898,Partial
103465,58209,136178,Paid
105329,145201,32392,Pending
107381,50286,50886,Paid
108365,143434,86446,Paid
102647,91987,126752,Partial
109301,76792,58492,Partial
100195,69411,120293,Partial
105298,55036,82194,Partial
102340,54721,19582,Pending
101950,78026,52632,Pending
101695,36820,108050,Partial
107599,129759,124928,Pending
109248,110298,23999,Pending
105459,109082,29430,Pending
105381,141658,148758,Partial
101710,99568,122774,Paid
104374,142935,36373,Partial
101003,59096,92290,Pending
100086,38240,132445,Partial
100017,93574,72666,Partial
100227,61849,73326,Partial
104484,104628,25745,Paid
103738,61927,42690,Paid
109600,65260,37050,Pending
106776,110344,116850,Partial
105051,102340,32079,Paid
103000,61461,84107,Partial
107488,149475,27250,Pending
101287,114304,117970,Partial
103270,141276,68399,Partial
106612,79861,147030,Paid
101028,83679,50591,Paid
105263,48696,93899,Pending
108364,138999,33300,Partial
107938,71887,19102,Partial
102454,89448,19881,Pending
104378,48234,83437,Paid
106212,66583,30050,Paid
101515,31406,80026,Pending
105288,78591,10233,Pending
109973,107743,86494,Pending
105985,68095,17693,Paid
107248,63365,65692,Paid
102252,75738,81692,Paid
109561,33145,134359,Pending
104921,83345,42125,Partial
104256,72123,17383,Partial
105827,32177,88300,Paid
102080,102462,35202,Pending
103937,63266,28582,Paid
102195,70313,19984,Partial
105733,41890,64311,Paid
108314,55035,106275,Paid
101974,101817,79892,Partial
103456,85638,29239,Paid
101375,41552,47936,Partial
104877,137128,70647,Paid
104153,79797,104996,Paid
105969,61851,21586,Pending
105445,67041,19065,Pending
105719,75695,87598,Paid
102647,114294,61424,Paid
109105,43601,33445,Partial
105593,57455,89363,Pending
107952,43180,36656,Pending
100449,97319,55653,Pending
108014,102585,63033,Partial
102353,136852,63960,Paid
106639,127756,103686,Partial
100924,45253,123762,Partial
105317,128035,142806,Paid
109181,140079,125229,Partial
103428,129899,98650,Paid
107812,121482,95967,Partial
105592,64465,34743,Partial
104925,88276,39760,Paid
109925,126984,15646,Paid
101583,57351,92805,Paid
101465,47720,135150,Paid
105974,65009,143432,Pending
108539,145104,140145,Pending
101391,110928,146504,Partial
107835,52510,69064,Pending
106305,66866,134488,Partial
104810,84209,49623,Partial
106367,96735,53547,Pending
106068,138519,59110,Pending
106709,124697,123677,Partial
107081,70688,71981,Pending
101721,122044,80398,Partial
107377,40156,21218,Pending
105198,70614,40071,Partial
107512,99020,56816,Paid
102182,137473,32252,Pending
109109,116153,12581,Partial
102737,135379,80009,Paid
103373,98359,20789,Partial
106600,69891,140794,Pending
101172,121442,149963,Paid
107335,30265,131959,Paid
109691,134230,58919,Pending
103150,128155,20109,Paid
103383,147602,135802,Pending
104730,146606,142678,Partial
105343,94358,53498,Pending
103740,128952,87241,Partial
100862,147278,127849,Partial
105623,30248,11802,Pending
101480,139767,77734,Paid
101296,138314,133236,Partial
100001,48409,49162,Paid
104633,68779,32456,Partial
102546,56739,124978,Paid
103391,36688,14720,Partial
107611,89815,94178,Paid
107168,73921,14793,Pending
103621,101268,66304,Paid
103420,83392,58591,Partial
107356,125621,25404,Paid
103461,70361,40291,Pending
109816,47669,115514,Paid
102380,102982,103752,Paid
103583,117962,73854,Partial
101201,132763,94820,Pending
106199,134541,46400,Pending
102694,59901,74845,Partial
109724,123276,80852,Paid
104869,116189,111557,Paid
106467,106246,140638,Partial
107076,57679,54227,Pending
108813,107235,28562,Pending
108791,73496,34115,Paid
103515,72816,97494,Partial
104717,38638,110290,Partial
108100,70622,131325,Pending
103877,109913,11903,Paid
105731,71021,50372,Partial
100880,57005,79063,Partial
102411,68662,149799,Partial
102175,144198,135267,Pending
106668,30595,35308,Paid
106207,52304,47782,Pending
102893,75131,61002,Pending
103632,138905,116794,Paid
104173,53174,102937,Partial
103835,118164,53727,Partial
101429,43608,98089,Paid
104970,128904,33159,Pending
100065,68733,70039,Pending
101884,113427,112083,Partial
103897,50509,133788,Paid
103958,119839,71260,Partial
104082,97190,94396,Pending
101304,118348,98050,Partial
104835,130937,111249,Pending
105393,35770,48663,Paid
109039,85565,11975,Pending
104292,132583,119326,Partial
107256,133292,121932,Partial
104356,121044,31697,Partial
106206,53884,74185,Pending
109546,137683,19869,Paid
109182,147182,124824,Partial
100059,68273,126944,Partial
103524,115580,65462,Pending
106785,147047,28700,Partial
108468,122349,60062,Partial
100824,83192,145317,Pending
103942,121097,132308,Partial
101116,40411,133575,Pending
101645,42239,57836,Paid
108556,119039,88513,Pending
108365,144364,80573,Paid
107545,119309,51204,Pending
104029,146272,26350,Partial
102792,113748,18552,Partial
109306,67671,27653,Pending
106750,83998,70783,Paid
100058,58326,98352,Partial
100839,124923,22977,Pending
103056,64421,129940,Pending
100333,149062,83832,Partial
104333,36864,67940,Paid
107648,144861,92738,Pending
101127,67032,81369,Partial
109272,73318,121383,Paid
107433,128140,122420,Partial
107734,65097,53511,Partial
109285,54957,74340,Paid
102483,69463,64366,Pending
103085,146408,86972,Pending
104714,67660,71164,Partial
104764,42485,37370,Paid
105594,106479,70583,Pending
102372,113655,23993,Partial
106523,96308,11507,Paid
101928,143019,39692,Paid
102808,35791,141565,Partial
103240,142946,134388,Pending
107803,63345,57743,Partial
104479,87198,119595,Partial
101221,47011,61271,Pending
107389,74917,127542,Paid
105090,64274,18407,Paid
104614,124201,94171,Paid
108892,40747,19677,Paid
100434,98164,16248,Partial
100515,51670,40996,Paid
103136,35932,103683,Paid
107146,31971,134706,Paid
105077,145694,82342,Pending
104368,107228,106012,Partial
106535,42013,74471,Paid
105115,126253,36217,Pending
103019,126823,61473,Paid
109385,78418,38427,Paid
108954,127507,78569,Pending
108161,90456,98908,Pending
107902,88269,98591,Paid
102552,80779,146835,Pending
102275,93197,43919,Paid
106271,62928,86035,Pending
107731,41420,146819,Paid
103380,42472,112259,Partial
109614,144725,97219,Paid
109868,41358,57744,Paid
106144,56751,62088,Paid
100653,85790,113762,Paid
105248,94290,89492,Pending
101795,118097,20511,Pending
105361,78865,37690,Pending
109747,35592,103464,Paid
106444,83569,123481,Paid
108065,139269,137530,Paid
100990,46662,131761,Pending
107103,40554,93937,Pending
105597,45415,117824,Paid
104149,142857,89445,Partial
100528,58543,52080,Partial
104651,105386,126606,Pending
102578,101315,138116,Partial
100170,141892,63350,Partial
105242,120437,13436,Partial
101442,112101,19242,Pending
108915,74609,78361,Pending
107821,117293,115301,Pending
102118,142729,64028,Partial
109380,73399,96874,Paid
100433,57034,130676,Paid
109091,60067,108397,Paid
105258,83912,81066,Paid
102652,59922,124387,Pending
106220,83553,63196,Partial
103734,136518,108071,Paid
105832,149340,105956,Pending
107742,95028,109015,Paid
105025,102630,115580,Pending
107326,75527,79216,Pending
103447,71379,51929,Pending
108557,72921,80023,Pending
104164,84320,86830,Partial
106786,59843,131765,Pending
108848,74543,114255,Partial
107288,129664,25229,Paid
106787,97126,33131,Partial
105914,65769,21143,Partial
107455,36750,33850,Pending
107128,46833,50830,Partial
108163,123908,98261,Partial
101247,78772,13758,Partial
106352,76310,76533,Pending
100622,117056,37136,Paid
108941,127567,140983,Pending
108855,76892,47349,Pending
106778,48265,85838,Paid
102312,90043,102381,Partial
100632,34333,94795,Pending
102959,70179,103137,Pending
108803,78126,30044,Pending
104846,99497,128732,Paid
104184,81598,60815,Pending
104037,69277,45244,Partial
108040,140450,54983,Pending
102925,95045,70876,Pending
106245,53649,89916,Pending
102435,81163,110032,Paid
102780,64366,44470,Paid
100795,75781,147903,Partial
107197,104462,29710,Paid
101329,89504,60055,Partial
106937,42569,137997,Pending
102254,97993,52762,Partial
107450,36982,119621,Partial
104185,122845,98583,Partial
109281,69540,16091,Paid
106008,51984,46548,Paid
101082,125472,31476,Paid
107802,57355,18277,Pending
109787,133795,41252,Partial
104998,110392,72827,Pending
103021,132813,84231,Pending
106892,103079,144876,Pending
107625,34023,78701,Pending
103509,75167,115619,Paid
104555,61152,53638,Pending
104041,64416,103089,Partial
108110,133766,74955,Partial
108824,121767,79112,Paid
101732,54784,58023,Pending
101358,32680,14756,Partial
108112,31482,16528,Pending
108546,134128,20972,Pending
102091,87259,106953,Pending
102921,94106,29271,Partial
109205,61457,144811,Partial
103970,84862,114650,Partial
109931,39475,111716,Partial
105757,45542,46326,Paid
103885,123917,96910,Partial
107371,43615,103173,Partial
100224,123046,101782,Pending
100271,108951,60836,Partial
100735,113055,141926,Partial
107409,111748,109554,Pending
106765,146357,75109,Paid
106189,53976,71571,Paid
108736,148831,60820,Paid
108987,42235,43726,Pending
108943,55979,76455,Pending
108178,37364,141788,Pending
103015,123635,100920,Pending
104824,46743,120769,Paid
109266,86822,92799,Partial
109269,31404,134502,Partial
104465,70657,126898,Paid
102059,131370,129314,Partial
104432,132100,140834,Paid
104313,52531,57167,Pending
108438,149127,66962,Partial
108336,77785,56740,Partial
103199,74529,65771,Paid
109203,148909,18690,Partial
105269,89475,96794,Paid
108187,46444,125785,Partial
100064,82742,66507,Partial
101443,41943,45785,Partial
107384,140428,71552,Pending
106767,120195,101609,Partial
100589,117718,134415,Partial
109369,76518,33168,Paid
105986,132074,111184,Partial
101802,52064,142850,Partial
101565,49674,36495,Pending
104232,65440,47214,Paid
103333,40746,98338,Partial
108785,103619,117355,Partial
106383,139299,43827,Partial
103086,30296,73826,Pending
103371,94888,125079,Pending
107146,112560,146225,Pending
100766,129617,40740,Partial
104647,80483,78281,Paid
105312,117312,18079,Pending
109211,75685,101848,Partial
108163,104060,97801,Paid
106970,51857,132740,Paid
100922,74400,108737,Paid
109620,38585,79976,Pending
101079,108618,15529,Paid
109478,101333,110113,Partial
108630,122910,126580,Partial
108934,86578,77605,Partial
107812,81787,106770,Pending
108694,144625,54195,Pending
101968,101084,75813,Partial
106529,74663,132082,Paid
109477,121444,61270,Paid
108132,109764,137077,Paid
105585,103882,73214,Pending
106823,77312,106054,Pending
103805,119430,106678,Pending
100596,72146,122420,Partial
103946,147571,14166,Pending
106092,134031,140213,Paid
108146,147771,54471,Pending
102518,90268,135087,Partial
105166,74541,51068,Pending
107810,139322,139169,Partial
103377,90675,114567,Partial
105227,81733,54368,Paid
106651,38511,72782,Paid
103543,149708,113918,Paid
109324,61397,110515,Paid
109531,71728,20220,Pending
100525,71565,86043,Partial
106725,70236,117927,Partial
100713,54508,109160,Pending
102657,126212,101243,Paid
100172,75705,42648,Pending
100238,64526,96421,Paid
107570,126272,111155,Pending
107454,136693,136504,Partial
101332,124343,141700,Partial
105568,85883,51393,Partial
107339,93667,32359,Paid
101996,92945,107269,Pending
108339,129427,125336,Paid
109943,140037,82563,Pending
101134,142418,59541,Paid
104300,74972,130458,Pending
108032,64455,86333,Pending
100566,56121,66222,Pending
102536,108196,101344,Pending
107149,100279,64040,Partial
106347,115176,126959,Partial
105203,50660,15612,Partial
103880,143566,52049,Partial
103400,145329,37915,Partial
102318,58313,102741,Partial
109579,136675,118100,Paid
104686,115733,111583,Paid
102052,43691,50158,Paid
108647,74581,145553,Paid
105141,113968,113041,Partial
100991,51226,41170,Paid
100339,57794,108332,Pending
103701,127789,84022,Paid
103747,37097,126954,Pending
108757,64354,60373,Pending
100533,53121,117821,Partial
109661,33808,70166,Pending
107567,144888,144321,Partial
105425,72028,43020,Pending
103747,58653,101032,Partial
104300,30414,86232,Partial
105304,108191,97427,Paid
106142,73278,43904,Partial
108588,143747,114307,Paid
107722,121814,98086,Pending
101295,93705,135620,Partial
100665,103186,11467,Pending
103399,140696,120427,Pending
102696,83299,97333,Partial
109750,101727,85982,Partial
102333,38293,94093,Paid
100768,46775,143138,Paid
106028,146857,119071,Paid
103780,141196,41087,Pending
101039,113384,58883,Partial
106544,136290,33162,Pending
106793,81605,48830,Pending
100842,142877,95660,Partial
106425,76053,142242,Pending
101469,45376,112452,Pending
103807,109622,93566,Pending
106310,49784,116037,Partial
106134,54924,49383,Partial
104627,118345,17073,Paid
104107,87376,73827,Partial
100092,85140,134414,Paid
100413,147803,21769,Paid
104307,68832,116317,Paid
108990,82569,105844,Paid
104671,73056,85616,Partial
103656,38750,26756,Pending
101579,116553,146800,Pending
107173,95808,70096,Paid
101141,58866,118839,Paid
101044,114139,106863,Paid
107954,53940,111579,Partial
106597,49773,27313,Pending
107153,31100,17378,Partial
107143,108000,28105,Paid
109376,72189,59557,Paid
101609,97902,80824,Partial
105850,45966,79044,Partial
107091,134980,41772,Partial
108532,97137,136134,Paid
100334,113135,91466,Pending
106930,72378,71225,Paid
102280,136563,80239,Pending
102937,69999,80762,Paid
102949,118382,61119,Partial
104873,145300,57904,Paid
106503,37523,27820,Pending
101114,128663,59128,Paid
107879,61020,92558,Partial
103705,102900,145775,Pending
108462,53892,141320,Partial
109998,45876,106719,Paid
103218,53351,91596,Paid
108973,143434,59927,Partial
101398,52640,92120,Partial
103069,60729,147520,Paid
109393,99926,25548,Pending
104730,114045,101276,Partial
107797,33447,149485,Pending
100917,64925,139977,Partial
104098,93645,35470,Paid
103956,73416,42601,Partial
109851,85620,103285,Pending
109149,143545,22486,Pending
108066,95057,61750,Paid
108330,56196,57501,Pending
105956,129729,37245,Paid
103053,128309,135609,Paid
102736,48372,141786,Paid
101686,99754,53458,Pending
102374,82818,53212,Partial
103949,110772,116586,Paid
107536,137817,96023,Paid
102124,84673,145163,Paid
109351,72367,49360,Paid
103398,49438,46846,Partial
100750,99357,79644,Pending
104071,30824,37458,Paid
104758,139935,43375,Partial
109189,58588,131974,Partial
100149,99385,83146,Partial
103232,60498,42832,Partial
103037,71107,53283,Partial
101017,44341,103803,Pending
107042,113041,110573,Partial
102076,124575,145235,Paid
105345,63807,82355,Partial
106618,148763,115930,Paid
108411,31089,100671,Pending
103370,88538,89056,Pending
102450,96495,96549,Pending
106043,52731,116298,Partial
109135,65046,64659,Partial
104285,110764,14147,Pending
106689,106835,119996,Paid
106656,61798,27283,Pending
109397,58747,135276,Paid
106902,147825,10041,Paid
100907,85986,70274,Paid
102738,78055,42349,Paid
102096,148209,35006,Paid
109272,135359,24326,Pending
108788,113269,35096,Partial
101029,56045,109552,Pending
106829,65486,139936,Partial
108435,35377,127647,Paid
101357,103493,42482,Pending
104951,94084,66533,Paid
104944,70907,44027,Pending
103097,35687,125596,Partial
109219,49631,115319,Partial
108961,53135,19740,Partial
108626,90042,103646,Paid
100574,30328,98926,Pending
100957,95306,133530,Paid
103161,87001,81028,Paid
100112,138482,108587,Paid
107074,58746,76237,Pending
104735,85587,142026,Pending
101247,87693,105688,Pending
100767,109379,79775,Pending
103817,54448,10106,Partial
104198,100829,113526,Pending
104388,68632,69966,Pending
109750,78049,145933,Pending
105298,65581,110694,Partial
109581,89405,117425,Partial
105632,64044,13076,Partial
109429,63081,98310,Partial
108795,44698,133463,Paid
101386,33019,66539,Paid
101103,63975,131505,Partial
108119,77099,115799,Pending
105832,47551,82709,Partial
108790,33603,137157,Pending
102765,112686,128057,Pending
103835,93236,119215,Partial
108347,67301,126182,Paid
109185,83310,93345,Paid
102172,98215,35323,Pending
108343,107843,51067,Pending
107257,53055,113135,Pending
104104,72763,148441,Partial
108393,73069,52039,Paid
102519,72140,76263,Partial
104434,57793,110245,Partial
109069,82834,17230,Partial
102576,101357,85051,Partial
100161,101800,56419,Pending
104259,115258,106103,Paid
108489,84625,16988,Pending
108649,122776,129007,Partial
103771,55950,126508,Partial
104003,122333,33522,Pending
106994,54210,148816,Pending
104831,99955,71454,Paid
103471,30388,127277,Partial
102261,148597,106701,Paid
101258,142589,147461,Paid
102487,44803,66901,Paid
101397,141876,16654,Partial
105354,59337,141369,Paid
102720,130316,93634,Pending
106401,71101,131340,Pending
103492,90130,54648,Paid
109947,50228,73932,Pending
108733,144288,73796,Pending
109864,126423,42836,Paid
101618,72300,138976,Partial
106409,40215,67388,Pending
103388,37064,17246,Paid
108737,44948,40674,Pending
102657,63720,108886,Partial
100792,40805,128478,Pending
100133,113214,82019,Pending
106230,111039,137964,Pending
103404,146995,24081,Paid
106454,61732,66950,Partial
100075,47093,71840,Partial
107525,43131,16098,Pending
100637,115629,131370,Partial
107837,122317,88591,Paid
104375,114936,87554,Pending
103319,104542,16870,Pending
100525,106820,108820,Paid
104614,104654,13951,Paid
104027,133966,22112,Paid
104293,109786,70172,Paid
109925,116810,102235,Paid
106855,103959,66516,Partial
109285,40703,50788,Partial
104268,86684,30445,Paid
108220,128651,70768,Pending
105411,115675,84616,Partial
102569,58141,70138,Partial
105505,126474,55423,Pending
101182,136097,139569,Partial
106793,128742,148666,Partial
105703,63045,94670,Partial
104118,43308,114792,Partial
102526,34953,121867,Paid
109029,47173,24189,Paid
103422,141724,122480,Paid
101897,40573,16761,Paid
103742,101965,19169,Paid
100149,97679,12018,Pending
103126,65248,100191,Pending
100055,68713,118202,Pending
100324,82710,100269,Paid
100869,107745,85825,Partial
104357,96441,95834,Partial
100711,73897,113479,Pending
103121,55842,148284,Partial
109688,144131,73986,Pending
109115,149260,87391,Paid
103599,72869,56689,Partial
102564,83889,75260,Pending
109119,132788,36753,Partial
104311,86649,27666,Pending
101586,92417,136864,Pending
106146,125085,95594,Paid
103872,67869,20288,Partial
109876,59479,148199,Paid
104053,108629,69158,Pending
102572,113491,26457,Pending
105798,94855,63710,Paid
102408,129894,88243,Paid
108054,118088,16420,Partial
100528,125982,109588,Paid
102455,64073,33074,Pending
100287,133902,142162,Partial
109831,116981,49426,Pending
108800,104605,138739,Paid
109428,136023,46642,Partial
109057,111449,13373,Partial
104250,63544,39740,Paid
107058,48185,142829,Partial
104286,145269,63139,Paid
100383,133927,55381,Partial
108027,92524,63769,Pending
104906,137633,63451,Pending
104729,130906,117693,Paid
105898,79754,131988,Paid
100645,86191,16026,Pending
106134,66143,128118,Paid
100650,69589,119966,Paid
100212,54879,128007,Pending
107863,53122,26511,Paid
103124,83705,91226,Partial
106461,60450,146443,Pending
106051,132691,117335,Pending
108108,100239,40901,Paid
104266,103772,115708,Pending
104385,123006,87885,Paid
100842,78857,144348,Paid
100552,66600,126053,Partial
101351,106108,19434,Partial
102627,62130,45936,Pending
107594,52477,60675,Pending
101779,137413,35808,Partial
100596,122507,34931,Pending
107861,143759,20646,Paid
105235,66820,49786,Partial
105563,108886,20768,Partial
105365,32085,36801,Paid
104195,49232,79584,Partial
108846,71457,32640,Pending
104078,132366,145352,Pending
100478,110619,20017,Paid
107495,135286,107649,Pending
109396,146711,24539,Paid
103336,76385,80873,Partial
106259,114753,104392,Paid
109724,103970,16804,Partial
101335,95070,110136,Partial
100124,87954,25020,Paid
109211,129544,37160,Pending
101553,128328,143340,Paid
107542,96521,127221,Pending
105253,33140,105157,Paid
107681,68565,54521,Pending
105312,78063,13523,Paid
105787,142638,73253,Partial
109753,86017,137175,Paid
107472,40769,57598,Partial
105884,50077,28857,Partial
104836,100011,124305,Partial
106780,86117,123618,Partial
103264,101872,115979,Paid
101912,60857,87937,Pending
105435,62681,128104,Paid
105854,134257,27164,Pending
101227,123692,112997,Paid
100580,110545,111050,Paid
102077,121403,32444,Pending
101571,32303,133343,Pending
108916,59568,40478,Paid
107695,79820,34969,Partial
107081,88458,14712,Pending
104979,72260,88774,Partial
101920,62471,101695,Paid
106375,41141,147336,Paid
105393,77140,46949,Partial
108149,72701,81303,Pending
108906,148074,120447,Paid
103950,112685,129876,Pending
103155,59697,42829,Partial
100011,100409,76037,Partial
103845,88408,31737,Partial
104932,110501,130820,Partial
104686,60198,17357,Paid
106779,144644,109737,Partial
109135,59323,93824,Partial
101132,47258,82912,Pending
107304,102619,114296,Paid
102574,137129,27357,Partial
105451,96298,89675,Paid
101797,72329,119853,Partial
108496,140881,25943,Pending
107427,55012,41427,Partial
104387,129221,106378,Partial
109152,58825,53227,Pending
103213,61610,63395,Pending
102924,146177,147836,Partial
109128,91650,71983,Partial
103030,119327,19524,Partial
104480,59053,70337,Paid
102636,144963,128038,Partial
100928,96819,92299,Paid
101807,33371,79655,Paid
109547,78876,17885,Pending
101088,79875,50812,Paid
102218,66575,43652,Paid
104494,47203,81244,Partial
109584,45842,39500,Paid
107784,131395,53971,Paid
106341,100348,14524,Partial
106206,44795,124160,Pending
102098,149319,149051,Partial
100613,127823,69123,Pending
108519,69063,11793,Paid
106349,131856,128839,Paid
107140,137188,54687,Pending
101186,128804,35214,Partial
107780,114893,52280,Paid
105744,83702,79024,Partial
108666,81422,108361,Paid
109620,126389,143350,Partial
100537,111146,76119,Paid
103544,63956,62767,Paid
102499,38546,139070,Pending
107214,107683,17131,Partial
109740,121459,127207,Partial
109552,45735,24781,Pending
106074,144227,96767,Partial
107975,87380,112818,Paid
105327,38661,67039,Pending
106197,135627,57086,Pending
103315,85852,86040,Pending
102635,37818,21635,Partial
100591,91485,108095,Partial
107142,40117,11831,Partial
108597,111779,36271,Partial
101712,99250,82611,Pending
102023,136194,129701,Partial
103866,88595,48693,Paid
102460,45658,14413,Pending
106471,106964,16974,Paid
101340,139149,78950,Partial
104557,84353,142383,Pending
102631,79040,54016,Paid
108523,135371,40128,Pending
103035,64661,138943,Pending
105502,83849,15618,Pending
101275,68368,87184,Partial
102128,104078,58430,Pending
108436,129239,32446,Pending
102424,50813,42274,Pending
102233,148661,149247,Pending
105440,136842,121988,Paid
103541,105749,14852,Partial
100522,116629,60961,Partial
107406,77997,142730,Paid
105577,81074,60937,Partial
102168,109130,45047,Pending
105012,73481,146194,Paid
109534,100887,133477,Partial
103265,137485,140879,Paid
106726,125112,137014,Paid
104996,33645,51280,Pending
103275,83451,93017,Partial
103841,88403,39587,Pending
108434,137358,105919,Paid
104156,115120,18469,Partial
102115,67050,21361,Pending
105600,89560,65135,Partial
107165,40231,99526,Pending
105475,103160,111708,Pending
103950,72078,43772,Partial
108235,78011,38617,Pending
100436,76253,105230,Pending
100315,140366,23313,Partial
105569,141582,82093,Partial
100867,62462,90826,Paid
103583,124908,100601,Paid
109562,121782,44717,Paid
107293,50126,135343,Paid
109455,138721,91008,Paid
105587,130318,62756,Pending
102362,122460,42846,Partial
109514,62168,17856,Pending
101370,149975,55646,Paid
106497,54046,117840,Partial
108310,140843,139406,Pending
103781,143802,110988,Partial
107089,71588,148775,Partial
104942,46313,80205,Paid
100020,109053,117670,Paid
107460,55927,53182,Pending
101626,148151,83967,Partial
105609,142396,140966,Partial
109252,46899,141171,Paid
108028,109334,111070,Paid
106729,87721,113678,Partial
108928,97824,68357,Partial
109038,88430,20270,Partial
104375,75590,136388,Paid
106337,132592,17995,Pending
103394,72755,111415,Partial
106295,125507,21206,Paid
108708,89524,102639,Partial
103988,115955,62357,Partial
105976,130347,118812,Partial
103930,56813,59118,Paid
108844,93081,31446,Partial
104880,35799,132579,Pending
100620,102060,147007,Paid
104901,127468,139627,Partial
100488,101143,41429,Pending
102546,90376,124447,Pending
106747,80528,28208,Partial
108933,37138,84530,Pending
100999,75056,131069,Paid
103205,83510,29579,Paid
102113,56728,93620,Paid
101171,76003,52410,Paid
100803,84386,146450,Paid
106887,105973,104330,Partial
106743,136698,125223,Paid
104794,45911,95633,Paid
102362,40692,15385,Partial
106778,76885,69135,Partial
108795,125056,101629,Paid
100346,141614,147854,Partial
105684,116032,140079,Partial
103886,39901,91061,Partial
101131,67911,81462,Paid
107662,144093,48285,Pending
104099,39930,145736,Pending
105902,149333,86586,Paid
107942,32078,39784,Pending
108653,91274,23491,Pending
109800,36935,93128,Partial
109374,49610,34392,Pending
103255,34022,127054,Paid
109843,45979,133379,Paid
106377,140146,16501,Partial
106293,68864,135902,Partial
109175,58681,125013,Pending
108811,141233,16176,Partial
105182,90574,40853,Partial
100764,40818,70096,Paid
108946,104919,22334,Partial
107010,78302,148158,Pending
104278,86087,63422,Paid
107806,123613,149082,Partial
107424,100349,88612,Pending
102552,128717,137928,Partial
101040,34740,109057,Paid
100021,128157,50207,Pending
102426,111328,147963,Pending
109343,49638,89717,Partial
105235,134459,42510,Paid
105764,51646,26351,Paid
108467,149473,94574,Partial
101607,134932,27397,Partial
102226,141260,57373,Paid
107274,53693,71219,Pending
107910,147509,141014,Pending
103869,124186,84658,Paid
101848,66828,149180,Pending
105930,54439,102081,Paid
100278,33638,129674,Pending
109487,112459,14862,Pending
106654,75304,141965,Paid
103248,91205,17809,Pending
100457,108958,111998,Paid
109139,33272,61067,Partial
104778,107978,112494,Partial
100411,84610,87057,Pending
101277,74467,132823,Pending
108740,38240,107540,Paid
105279,53658,96751,Partial
108435,85275,69563,Partial
105102,56020,97454,Partial
104257,107275,80595,Partial
107182,80922,16776,Paid
109055,103867,140144,Partial
100939,89497,80365,Pending
104482,76720,126815,Paid
105232,66435,141185,Pending
107378,89690,136197,Pending
106165,73241,97342,Pending
107756,102195,106098,Paid
100372,90131,90744,Partial
104096,135064,23894,Paid
101691,103965,53596,Pending
105626,40135,120454,Pending
103193,59220,66078,Paid
101051,137736,67541,Paid
102357,122878,80032,Paid
107494,69154,149663,Partial
107997,85111,80278,Pending
101371,145288,94074,Paid
104620,125343,28218,Paid
104807,91137,44079,Pending
103722,114703,128099,Paid
104845,147144,15735,Paid
102569,125881,40951,Partial
103405,144752,101147,Partial
101652,143896,88032,Paid
108572,112808,70099,Partial
102896,148187,135257,Partial
101357,37273,44062,Partial
100674,59512,141403,Paid
100257,37450,16686,Pending
105384,44729,36849,Partial
102071,67980,56913,Paid
104939,93937,99886,Paid
102945,141755,103184,Partial
106787,88522,148476,Paid
101018,144220,39378,Paid
105589,48760,108657,Paid
102183,104342,149700,Partial
106808,77413,104803,Paid
107002,141162,117529,Pending
108386,130859,131284,Pending
102869,89288,131071,Paid
104705,134515,112385,Pending
102658,96130,12822,Pending
101080,51503,136668,Pending
103469,82763,20621,Pending
101291,121593,122363,Partial
102446,120737,24770,Partial
108806,130505,88016,Pending
108846,85005,56874,Pending
104663,34781,68651,Paid
109823,30785,77038,Pending
108112,70413,47743,Pending
105458,124331,111797,Pending
102851,64532,65661,Pending
109378,55600,144673,Paid
108912,76401,73831,Paid
101970,74301,145079,Pending
103760,121860,68329,Paid
106142,97082,48744,Pending
104997,127068,115144,Partial
105126,34433,149020,Paid
108357,110060,76030,Paid
100568,62440,108811,Pending
107420,33573,20392,Pending
108054,113627,97087,Partial
100801,134704,79255,Pending
103448,120935,88410,Pending
103508,120490,114523,Paid
103219,148485,109390,Paid
103195,56996,116411,Pending
101123,94450,37761,Partial
105702,136870,87519,Paid
101006,96744,78044,Pending
106120,31721,45430,Pending
104862,39546,12380,Paid
108761,41068,91796,Partial
108951,111328,94279,Pending
100018,50143,73005,Paid
104671,88290,53384,Pending
101477,98533,38829,Partial
102642,103317,141587,Partial
100963,70860,44996,Pending
109005,129333,61087,Pending
103353,148468,65880,Pending
102182,70045,132157,Partial
105164,128509,34526,Pending
107182,64628,120291,Pending
108889,109268,108123,Pending
108586,32629,40039,Pending
100170,88872,28072,Paid
109156,64563,60827,Pending
102835,38205,11447,Partial
100834,40156,46706,Partial
109036,71366,101647,Paid
100135,32702,128091,Paid
103836,135384,146091,Partial
105620,40996,112520,Pending
108725,138172,25521,Pending
107559,93064,101679,Partial
107339,112637,120077,Partial
101964,71348,89821,Partial
103530,121067,145878,Paid
102361,94201,133556,Pending
101701,102925,140954,Partial
104446,33228,62393,Partial
109554,61821,34169,Pending
106927,33272,65155,Pending
102992,103019,21539,Partial
102549,133498,45333,Paid
108882,55116,51766,Pending
107954,75200,133600,Partial
102958,79977,126326,Pending
109819,61053,63334,Partial
109805,91531,41907,Partial
101042,100635,64580,Partial
105906,47848,108063,Partial
102987,141545,85590,Pending
109504,117493,128384,Partial
105574,59937,114588,Pending
108925,97367,137023,Pending
103177,86103,104989,Partial
100114,143158,57316,Paid
104073,68954,73592,Paid
103462,133360,137217,Partial
103949,75634,32630,Pending
103111,94064,78608,Partial
101868,107803,76183,Pending
103393,86561,123689,Partial
109011,52805,61197,Partial
106288,71774,59145,Pending
101145,120159,55678,Paid
105893,49166,92226,Partial
109812,131515,146851,Paid
101718,36452,98480,Partial
102398,145516,30663,Paid
101441,62867,111075,Pending
104083,74096,15509,Paid
100289,59356,134822,Paid
106587,119061,130213,Pending
105344,115170,109237,Paid
108199,52424,94101,Partial
103375,147941,103301,Pending
108760,31524,146424,Paid
100296,95131,58468,Pending
102261,101357,48225,Partial
106459,115426,39998,Paid
106103,42860,68234,Paid
104734,126369,86760,Paid
105542,92720,136742,Pending
105126,92577,76296,Partial
104486,79918,58350,Partial
109146,119284,62979,Paid
104166,100936,70379,Partial
104724,88639,78730,Partial
103839,118021,14282,Paid
108681,79324,44171,Paid
101962,54934,121729,Paid
101625,64365,146324,Partial
108579,53011,24139,Paid
101127,74736,39397,Partial
100598,34570,45314,Paid
101161,33421,11936,Partial
100269,148765,91503,Paid
106087,137756,18700,Paid
102590,114339,22455,Pending
108816,37118,93342,Paid
108323,45488,141029,Partial
104726,71833,147356,Pending
109946,131005,68182,Partial
108162,99295,52792,Pending
101987,69581,22962,Pending
100063,79688,20416,Paid
103465,34508,41058,Pending
106964,96638,34456,Pending
109560,133832,20230,Paid
109789,75381,19863,Partial
109550,65132,98622,Pending
104083,63799,47871,Paid
108686,149154,103402,Pending
109521,104580,79121,Pending
103679,91593,105077,Paid
106676,127165,146025,Partial
103571,74567,81971,Partial
107827,124427,99113,Pending
105419,40453,96444,Pending
100320,123813,87388,Paid
109696,124339,138961,Partial
105772,32924,37521,Partial
109173,108492,135317,Paid
108508,77477,52371,Paid
102120,116848,68539,Partial
105975,77761,25251,Pending
102147,52532,88859,Paid
105848,69116,120448,Paid
102057,142505,116942,Paid
106391,95313,141629,Pending
106720,32933,77760,Pending
107806,63015,95624,Partial
102634,59937,124353,Partial
102699,126759,88711,Partial
106881,40463,86000,Partial
109823,128656,78867,Paid
103350,67150,63295,Partial
103896,100988,121194,Paid
108331,120089,50454,Paid
102983,136408,49074,Paid
101515,89888,56060,Partial
101980,75036,135340,Pending
104199,148909,79541,Partial
102150,49025,37869,Partial
104863,71456,48806,Paid
105160,50455,147186,Pending
104050,115575,148405,Partial
108871,67157,97407,Paid
106380,107883,149148,Paid
109145,98520,115459,Paid
100879,32247,52266,Partial
109078,132837,140976,Pending
108181,103767,98168,Pending
107392,31179,114420,Partial
106463,119226,47531,Paid
109477,57640,14943,Paid
104017,105684,131997,Partial
109652,50639,80912,Partial
101313,83877,80111,Partial
109699,82980,80152,Partial
109702,144903,42072,Pending
102524,68407,110436,Partial
105485,111718,76348,Pending
102190,52788,78240,Paid
102128,138277,71435,Pending
103195,128951,132004,Paid
100490,127313,69798,Partial
100051,34152,102125,Partial
109211,59224,51349,Partial
109694,110517,132636,Partial
108221,57465,82890,Partial
108499,62463,147853,Paid
106235,125021,11806,Paid
101836,134477,92451,Paid
101287,115339,132569,Paid
106910,113662,87478,Partial
101525,147700,98230,Paid
107885,101573,66693,Paid
109082,148961,27971,Partial
109406,78825,25233,Pending
105934,58411,10797,Partial
109108,126682,103041,Partial
103163,71156,130465,Partial
107534,119212,54670,Pending
105517,30518,26839,Paid
108971,133769,93902,Paid
104380,58185,123996,Pending
109826,128637,43291,Paid
101860,129039,110875,Partial
101098,127532,46378,Pending
105245,147159,112860,Paid
100029,91218,91595,Paid
101119,45449,137202,Partial
107563,143760,119919,Paid
109319,69695,134293,Partial
104136,142629,140275,Partial
107386,131040,64845,Partial
102078,51339,59935,Paid
109216,99456,98041,Paid
104386,78959,40847,Paid
109171,72961,140394,Pending
107800,74064,135526,Partial
102184,136279,75153,Pending
105813,66295,55188,Pending
105769,147331,74008,Paid
107126,148469,147539,Paid
104156,50253,56855,Paid
104693,109727,111169,Pending
105572,39141,19548,Partial
107498,63572,43112,Paid
102440,95548,15779,Partial
105606,143919,102142,Pending
106239,73837,51661,Paid
102499,88290,133915,Paid
100923,106714,70252,Pending
101604,114008,46872,Partial
107215,122944,31678,Partial
106514,137933,117607,Paid
105540,70222,81807,Paid
102178,81106,72658,Pending
108099,73971,34124,Paid
101175,117001,106336,Pending
109443,45031,31727,Paid
108395,95728,36276,Paid
104903,94959,46190,Paid
101541,47467,20225,Paid
108534,139853,33983,Paid
108812,61649,33894,Pending
109638,102603,43275,Pending
101731,66370,146633,Paid
100051,47959,78871,Pending
101674,126875,35918,Partial
104214,129783,98951,Partial
105521,103746,133847,Partial
101547,100874,86492,Pending
102531,117106,41329,Partial
108260,67305,145284,Pending
103120,47610,19758,Paid
104233,95832,72212,Pending
103527,114592,127745,Paid
100804,84386,140665,Pending
109925,55453,145216,Pending
105173,56160,138369,Partial
106414,38870,102916,Pending
107267,32850,77238,Partial
109698,138469,143837,Pending
104519,117202,59372,Paid
108239,53450,116777,Pending
108876,149781,47153,Paid
109663,139548,118037,Partial
107509,114108,68657,Paid
103687,120436,90381,Paid
101573,105820,30047,Paid
109628,134293,47324,Paid
107454,55347,141813,Paid
108228,77760,94010,Paid
104367,52748,56418,Paid
101854,119756,51258,Paid
102960,124319,19762,Paid
105279,106252,63724,Pending
108300,40297,52578,Pending
101019,54230,145060,Paid
108117,108702,46857,Partial
104908,39655,54372,Partial
108402,148118,29705,Paid
105200,40555,92101,Partial
100256,54917,48010,Paid
109580,34488,127681,Partial
105402,117947,148480,Partial
104741,133866,55655,Pending
104249,124844,127048,Pending
108751,123936,120761,Paid
109028,112268,70280,Partial
107700,75785,14115,Pending
103956,124182,63597,Pending
104290,84173,50002,Pending
107347,123988,35895,Partial
104348,116376,103871,Paid
100584,97587,80830,Paid
101251,140366,46827,Paid
105208,53171,56744,Paid
104957,117301,58426,Partial
102557,42418,90908,Partial
107221,58805,29954,Pending
106535,89377,61143,Pending
100480,104906,58792,Paid
101698,149774,18782,Pending
106070,129189,117481,Paid
109206,111502,137428,Paid
107220,98329,57409,Partial
109292,60105,73246,Pending
106728,88332,145174,Paid
109240,95705,36359,Paid
105494,85178,101100,Partial
109704,65609,23603,Partial
106114,30653,89537,Paid
106929,128097,119770,Paid
100427,97179,104578,Paid
102481,96807,73301,Partial
104762,50676,97067,Pending
105480,48844,107507,Paid
105233,33943,62921,Partial
105576,30986,34902,Paid
101923,113584,117927,Pending
104049,88629,60030,Paid
106523,122392,145666,Partial
100172,137365,89733,Partial
108731,139989,102830,Partial
100100,88431,40194,Partial
109551,135280,87400,Partial
106234,114705,70845,Paid
105176,57484,22531,Partial
103769,58204,52063,Paid
107236,141898,109041,Pending
100107,30608,28536,Paid
101758,127263,78922,Partial
100880,143864,141927,Paid
102066,90424,142513,Paid
105363,66426,114339,Partial
106777,85038,121332,Partial
102748,129511,100821,Paid
104274,110446,55573,Pending
101339,108202,125917,Paid
106433,146111,74199,Paid
104697,133463,88641,Pending
109473,36787,10293,Pending
104416,49175,30858,Pending
100616,54129,13959,Paid
101800,124004,33680,Partial
109639,85403,76429,Partial
100273,116405,117872,Partial
106132,87007,97219,Paid
106996,59334,91859,Paid
105846,107748,113198,Pending
103442,74178,140789,Partial
104177,126911,127322,Partial
109597,118920,60969,Paid
105747,118875,56712,Pending
106331,60746,51008,Pending
109718,91960,135283,Partial
104035,31168,87440,Paid
101615,78173,61117,Pending
108997,105155,31169,Partial
109593,124716,76117,Pending
107836,139757,21845,Partial
107658,70671,84873,Paid
106094,94588,11199,Paid
104595,111230,122754,Partial
109976,38580,64098,Partial
109162,43712,88140,Partial
103598,142522,134005,Paid
100074,87037,99439,Partial
102315,94716,119741,Pending
108677,31036,55650,Partial
106747,137398,129176,Partial
101616,87313,80853,Pending
100759,55121,118308,Pending
104855,143491,21600,Paid
102772,48211,99342,Pending
103141,67938,83103,Pending
100316,60506,107743,Partial
107004,102442,102867,Partial
101346,111525,67111,Partial
109415,133604,38784,Pending
102352,72970,48322,Partial
109003,131641,121497,Paid
101732,38784,76213,Partial
105561,143209,114025,Partial
100381,78002,78308,Paid
101559,122904,37788,Pending
106249,146206,137357,Partial
103086,119466,47653,Paid
109599,55377,16982,Paid
107781,45842,78270,Pending
100560,128508,51073,Pending
108929,139794,105448,Pending
104509,86391,62418,Partial
109028,37464,49151,Pending
103921,120931,48921,Partial
101889,133833,118541,Paid
103524,30212,147444,Partial
106044,87343,117796,Partial
103656,132471,94601,Pending
105945,119075,148436,Paid
105690,45890,29933,Paid
102662,70043,129667,Partial
101176,81532,15550,Pending
109410,67278,13467,Pending
106471,148881,127633,Paid
109316,83100,13670,Pending
102449,57396,101423,Partial
107559,105134,83771,Pending
108606,63503,108599,Partial
109247,105607,146848,Partial
104772,32764,36448,Paid
104427,77871,91084,Paid
106576,134134,133694,Partial
103360,97568,23725,Paid
109715,89685,97326,Pending
103503,78934,126241,Pending
109036,140596,95422,Pending
105635,60522,94869,Partial
101321,46723,124193,Paid
102284,133717,60089,Partial
102135,44616,94759,Partial
100534,120991,60436,Pending
101275,40099,27005,Partial
101898,130714,140221,Partial
102741,41432,75069,Pending
101458,104612,109143,Paid
105461,145157,125268,Partial
105426,89940,124826,Pending
101316,46941,103033,Paid
101912,62904,116246,Pending
103090,58218,19292,Partial
108700,80440,43261,Partial
109956,137053,119602,Partial
108310,44282,141565,Pending
101818,89058,57407,Paid
100909,102919,16250,Paid
109147,31034,122417,Pending
102859,70923,108655,Partial
109827,106538,92762,Pending
103975,86815,16863,Pending
103683,114007,117034,Pending
108672,99741,11752,Partial
108101,91436,16587,Pending
107587,43578,137977,Partial
102760,97774,67450,Pending
104598,144244,34770,Paid
100091,128113,20925,Partial
102718,140723,123293,Partial
105993,62024,121456,Pending
106322,103829,16872,Pending
105963,115955,39781,Paid
102969,41635,13745,Pending
100920,53327,116383,Pending
108195,118133,127779,Pending
100470,51751,58021,Partial
107460,147548,12995,Pending
109033,63400,62698,Pending
105123,136299,109028,Partial
104756,118457,62936,Pending
109342,125148,73944,Paid
101702,42198,90500,Pending
107429,73590,78717,Pending
106177,35538,93745,Partial
109494,76538,53473,Pending
106810,54071,92597,Partial
100768,77790,15332,Partial
104506,142731,11287,Pending
106793,84447,134486,Pending
101963,112803,49247,Partial
108817,133610,119908,Paid
106045,101155,115695,Pending
107264,92282,80391,Partial
106655,37949,98737,Pending
103533,33931,27137,Paid
108781,120674,113085,Pending
108033,99746,31617,Partial
103135,87660,104051,Partial
107657,75688,12295,Paid
103711,124086,147572,Paid
107274,90010,25323,Pending
103189,140077,71647,Partial
105915,119136,102507,Partial
104965,133016,82133,Paid
103454,116213,67646,Pending
107126,103629,88608,Paid
106843,95757,41681,Partial
109796,140192,20513,Paid
101040,38146,10147,Paid
105537,89630,41964,Partial
108949,63612,68902,Paid
104227,53237,85197,Paid
100749,84774,94051,Partial
102169,108429,48690,Pending
100366,134283,23577,Paid
104657,81889,99434,Partial
108246,144952,84053,Partial
106507,72561,142650,Pending
103531,136000,73673,Partial
102527,91207,42828,Partial
100842,83441,68350,Paid
109908,98209,115623,Pending
104467,106092,91985,Paid
101169,30318,17696,Paid
108546,55047,120106,Paid
108513,110777,90107,Paid
107006,65479,78941,Pending
100306,109203,137483,Partial
100663,50622,94420,Partial
108988,140887,80022,Partial
104690,111377,57536,Pending
100631,128543,111938,Pending
103677,123377,134545,Partial
102107,105088,55348,Pending
106748,138727,52638,Partial
100581,124515,20773,Paid
109002,45958,67205,Paid
104820,140347,85443,Paid
100155,43007,148537,Partial
107078,64563,87247,Partial
102547,90943,88222,Paid
109792,81037,149058,Paid
102905,31880,96173,Partial
103971,85996,131928,Paid
103973,108023,68341,Pending
102399,34592,75221,Pending
107205,105907,106722,Partial
107348,76266,105107,Partial
100007,54205,142450,Partial
101410,84719,108675,Partial
100435,93179,54295,Paid
101324,87722,134107,Pending
101773,90441,131823,Partial
105437,48111,115562,Paid
105704,42964,113874,Partial
103319,46262,106451,Partial
109911,116542,108066,Pending
108729,64068,134612,Paid
105557,109422,42888,Partial
104088,82507,124676,Pending
100535,59971,121238,Partial
108578,119323,21223,Pending
100578,119795,77852,Paid
104325,53911,142141,Partial
101746,115444,94141,Pending
102800,117475,74887,Paid
109466,142571,41259,Paid
103716,123090,131636,Pending
106095,61558,129853,Paid
107938,49106,100415,Partial
100541,32250,127786,Partial
101273,130948,145446,Partial
105584,115390,47318,Paid
100581,131770,80699,Pending
106415,31426,55611,Partial
104337,142962,25049,Paid
101350,148813,89265,Pending
104920,60868,90650,Pending
101287,127918,41099,Partial
102556,121626,33241,Partial
105479,104577,111761,Pending
105677,36857,35296,Pending
105900,58624,36541,Pending
101267,109392,116565,Partial
108489,72789,67074,Pending
102236,145619,47308,Paid
106955,127132,33299,Partial
106928,118767,45451,Partial
106964,120443,18821,Paid
105307,107941,128749,Paid
102695,31398,71093,Pending
105250,67899,74433,Paid
107324,105760,55403,Paid
108639,123664,61234,Partial
109868,37038,149302,Partial
104937,144187,50457,Pending
107160,86140,113962,Paid
108086,37750,62679,Paid
108097,107929,145590,Paid
107825,100978,30812,Pending
103611,101409,91442,Partial
106048,92039,136308,Paid
109209,142370,63217,Pending
107651,70231,38079,Paid
106125,81289,39058,Paid
109344,111860,80584,Partial
104538,40983,132203,Pending
103272,43953,47885,Pending
104206,77005,40539,Paid
101193,108304,79227,Partial
107434,58558,147761,Partial
104621,93379,133913,Pending
103186,33362,93638,Pending
104511,72681,116586,Partial
106631,144610,147102,Pending
104189,42903,80566,Partial
109022,134759,112118,Paid
106872,105976,133667,Partial
106383,68581,124309,Paid
101419,79401,94666,Paid
103691,66104,57215,Pending
104054,87429,47870,Paid
107646,143339,61486,Paid
100561,137476,86241,Paid
106973,88554,11178,Partial
100432,141180,73590,Partial
107897,75253,24199,Partial
107995,87390,31413,Pending
109423,43709,79845,Paid
100091,108749,54696,Pending
107185,120826,29703,Paid
100532,115530,121811,Partial
104240,145862,124366,Paid
101321,117470,34133,Partial
101446,114006,144684,Pending
107372,56699,68437,Pending
101612,66082,54031,Partial
109346,44681,105986,Paid
105292,37910,116304,Pending
107673,104769,14579,Pending
101959,103823,64395,Partial
108341,48109,46041,Partial
104946,45772,108759,Paid
104217,70520,11643,Pending
100520,142199,43997,Paid
104266,61042,138062,Paid
106849,99280,14825,Pending
103733,122390,25353,Partial
103693,45810,28728,Paid
104260,68866,50859,Paid
105021,74432,83470,Paid
103895,106394,22761,Paid
105325,96935,121225,Pending
104493,50514,35104,Paid
109097,83118,28893,Pending
102691,149484,92301,Partial
101996,43982,25732,Partial
102406,95071,72678,Paid
107611,64453,111227,Pending
107486,135222,138826,Partial
101223,79559,91943,Partial
108567,91155,133702,Partial
104793,145589,47491,Pending
105608,45190,61757,Pending
109049,87736,125571,Paid
105841,65395,110485,Pending
105851,74777,30359,Paid
102265,46234,136224,Paid
108323,65463,87233,Paid
100951,32857,16603,Pending
101997,145036,45821,Paid
102186,84417,110767,Partial
100683,65829,69717,Partial
100337,101916,83151,Pending
104916,73370,24072,Pending
108985,97990,73665,Paid
106248,63942,117627,Pending
103622,137913,122274,Paid
103505,66804,66977,Pending
109575,131320,47646,Pending
101659,54901,94153,Paid
100922,95638,110229,Pending
101265,104666,68721,Paid
108592,40933,20171,Paid
104341,112286,54368,Paid
101556,71885,69762,Pending
102319,63360,106735,Partial
106830,123851,114728,Pending
103622,116031,61149,Paid
108080,42238,132770,Partial
104124,81060,121387,Paid
105877,32628,114441,Paid
100445,32897,116338,Pending
100846,142640,90828,Pending
108680,76983,45259,Partial
100125,103968,139574,Paid
103442,50311,98860,Paid
106947,96999,79822,Partial
109033,48908,29822,Paid
107859,34398,84577,Pending
106111,149369,147392,Pending
100479,78057,39680,Pending
103029,127961,140988,Pending
103573,142782,56624,Pending
100557,117914,144804,Partial
108068,60533,145416,Paid
101619,79726,82804,Pending
100868,53137,107736,Partial
105344,38067,121508,Paid
104676,138825,128146,Paid
107113,86851,80607,Paid
107998,42043,137314,Pending
104132,142044,84404,Paid
106823,38968,18432,Partial
100095,136877,47102,Paid
109842,35294,122212,Partial
109465,40147,106358,Paid
103247,72893,21209,Partial
109030,70494,69894,Pending
103240,51986,132840,Partial
108821,118411,32628,Paid
109692,79353,129691,Partial
103917,98071,75054,Pending
101090,51801,114834,Partial
100150,111349,128442,Paid
102936,61564,77589,Pending
107862,120438,97267,Paid
106580,106183,34334,Partial
103577,125943,144162,Partial
107897,31710,40874,Pending
109076,78820,119090,Partial
108877,110039,77976,Pending
107229,85881,122214,Paid
106961,31299,59908,Paid
109495,73513,95720,Paid
103947,124638,87671,Partial
107227,137130,82949,Pending
103541,129210,148047,Partial
100763,101508,28633,Partial
108995,55998,124001,Pending
100470,35739,127187,Partial
103412,143848,56774,Pending
108101,72472,87352,Partial
109611,127742,114071,Partial
104852,95039,81085,Partial
104914,78557,12319,Pending
109402,31491,96402,Partial
106358,47309,113705,Partial
103237,103158,56503,Paid
101159,76385,135356,Pending
109090,82044,128883,Paid
107700,99960,144150,Pending
106320,149367,77041,Paid
103991,109237,51141,Paid
103277,80738,23160,Pending
102138,72360,15710,Partial
102625,85435,110156,Partial
105553,110650,81653,Paid
107225,95736,134291,Paid
103407,128368,63836,Partial
107353,78610,110059,Pending
100797,63970,126593,Paid
107600,98257,47736,Partial
106746,81518,20956,Paid
103754,58917,41666,Pending
109685,90903,109346,Pending
105695,109301,76138,Pending
105724,139079,129023,Paid
108828,130956,36956,Partial
107695,111193,72023,Pending
102078,84191,61018,Pending
107362,134373,101392,Partial
103472,97472,124959,Paid
105880,95416,19428,Partial
102027,104141,55560,Partial
103834,69091,131288,Partial
109831,61961,29690,Partial
106298,43027,57981,Partial
103132,51720,27437,Pending
109883,53251,149976,Paid
100463,139338,83226,Pending
102975,52770,12968,Partial
102088,84167,129185,Paid
101466,58490,42850,Paid
105484,82786,58294,Paid
107371,69790,84351,Partial
105066,58143,45646,Pending
101208,44511,36331,Pending
103186,144033,72388,Paid
105173,132533,25986,Paid
105250,84866,143590,Paid
108387,74561,106766,Partial
108080,132080,114901,Pending
106121,145508,53889,Pending
107448,55106,49754,Pending
107823,80144,63536,Paid
109871,88548,116639,Partial
109401,141104,44769,Paid
105123,137956,34763,Partial
103495,95974,82078,Partial
103643,122670,85543,Partial
100114,50025,72053,Partial
106480,66079,103591,Pending
108249,30006,137628,Pending
103795,73095,99524,Pending
108036,36623,33378,Partial
104288,89568,81389,Partial
107254,40134,37933,Partial
101638,40770,38243,Partial
101879,39701,85629,Paid
104762,135192,23842,Pending
103840,69411,61418,Paid
108686,110463,118910,Pending
100325,70322,102205,Paid
105159,89359,24420,Pending
105070,88764,26541,Pending
100190,115737,74179,Pending
109126,89514,59978,Paid
109069,92367,123013,Partial
103734,103934,72754,Partial
106558,144927,61141,Partial
103599,141966,48724,Partial
104093,108733,24979,Paid
108636,66491,34509,Partial
101250,68849,25985,Pending
101476,56068,91504,Paid
109908,39774,63848,Pending
105593,116753,61452,Paid
100301,59216,127501,Partial
101761,66330,40530,Pending
102221,36256,104177,Pending
109233,132065,100143,Pending
106358,116086,112418,Pending
105134,30177,68892,Pending
103027,130557,119058,Paid
103950,67135,77749,Paid
107770,82104,65031,Pending
100062,36018,57045,Paid
107577,78533,42469,Pending
106937,54312,94917,Pending
104333,141293,113611,Pending
104809,81438,128673,Partial
103230,109852,99138,Partial
101167,133620,96321,Paid
102036,37247,51564,Paid
109406,67032,83166,Paid
104969,52140,50385,Paid
104783,134065,38213,Partial
106002,105926,115251,Paid
109590,36295,15091,Paid
107139,40892,15059,Partial
109732,58690,121828,Pending
105995,54998,81377,Paid
106399,33360,122019,Pending
104322,131225,133239,Pending
101290,59889,115907,Partial
108113,87225,37490,Pending
107731,121239,45137,Paid
101868,107211,112268,Partial
107360,57586,49453,Pending
104079,144426,76822,Partial
102996,91178,112856,Partial
104328,56260,61948,Paid
109076,44091,40506,Partial
108524,121988,38519,Paid
104323,148550,36031,Pending
100685,131033,73618,Pending
102042,64331,21418,Pending
108134,72334,117163,Partial
109363,64905,17167,Pending
103411,104047,36570,Pending
104014,110517,44322,Paid
109810,122248,58006,Paid
103445,59747,11177,Partial
105523,34436,75738,Pending
109521,127127,92106,Pending
101755,74652,129818,Partial
104581,79940,33414,Pending
100406,66535,96915,Pending
106758,120526,22390,Partial
105391,148790,143721,Partial
107938,120147,114933,Partial
106049,121147,93938,Pending
105953,133364,60295,Pending
108606,41286,103878,Pending
108274,136478,66501,Paid
103794,114277,94196,Paid
104471,124376,142234,Partial
109213,46905,24085,Partial
107312,138836,41142,Pending
103602,102388,50781,Pending
101190,104939,107413,Pending
106020,31177,66917,Paid
105219,117951,139028,Partial
101708,77923,71964,Partial
106172,62137,18175,Paid
102823,39914,59602,Partial
108425,69470,86248,Partial
102464,79010,127970,Paid
106445,45335,35307,Pending
100538,144157,12254,Partial
102351,79490,89738,Paid
100224,49739,11416,Partial
104338,38243,28037,Pending
107234,111657,20572,Partial
108059,90735,99828,Pending
107435,45371,67691,Pending
103022,103888,106334,Partial
102924,90376,47038,Paid
107393,76451,15530,Paid
104842,126382,84382,Partial
102315,132529,135789,Partial
101837,67032,104829,Paid
104794,49315,104264,Partial
109321,47012,108662,Paid
109592,78465,140352,Partial
102714,106212,30717,Paid
106722,108818,77926,Pending
103892,64834,41603,Pending
109641,138073,25474,Pending
102361,110660,148358,Paid
108851,90067,43775,Partial
103735,140852,64093,Paid
103105,137242,95861,Paid
109079,133591,14931,Paid
104974,101361,97006,Paid
104397,139119,91149,Pending
104611,124295,109481,Partial
103975,53079,81619,Pending
106156,34329,71748,Partial
106028,82850,38503,Paid
102454,100776,127675,Pending
104396,134653,109055,Paid
104645,141578,43394,Partial
103297,116020,57807,Paid
106029,67391,98645,Paid
100523,61015,107113,Partial
105457,111778,74990,Paid
100814,119963,33845,Partial
100623,91041,69604,Paid
102064,55255,18353,Partial
100052,61869,79000,Partial
103778,52183,90276,Pending
106982,58905,54917,Paid
107817,101757,59175,Pending
106286,144579,67950,Paid
107849,141565,114691,Paid
108504,65583,91356,Pending
101095,105521,47896,Partial
102505,50868,143848,Partial
108026,135918,140841,Pending
106910,124635,39749,Pending
101732,32429,27990,Paid
109214,121097,88892,Partial
104125,84633,138769,Partial
108074,103899,111359,Paid
103867,68570,11668,Paid
103674,32392,48716,Paid
100574,137263,103589,Paid
107174,82499,30820,Paid
108515,39662,77917,Pending
107694,54124,128203,Pending
109063,88520,143416,Paid
101854,134939,13053,Paid
102681,41019,134548,Partial
102945,75667,37748,Pending
101481,124822,94920,Partial
105231,135397,114743,Partial
106102,66035,90808,Pending
108777,121603,138172,Pending
101203,121530,77342,Paid
102187,44203,13900,Partial
104499,62858,30892,Partial
108332,102594,79495,Pending
102019,34269,147451,Pending
101882,127705,107052,Pending
106595,109009,86165,Pending
108918,85516,67371,Pending
105905,69908,92026,Partial
104558,104607,86688,Paid
106700,124060,146259,Paid
101891,51975,86803,Partial
108248,52195,45699,Paid
102125,38054,100941,Paid
106501,51830,83042,Paid
108125,142637,81213,Partial
107101,43211,45311,Paid
100198,140469,14066,Pending
105361,36867,75316,Paid
108274,66602,75271,Pending
104132,146457,129560,Paid
108742,35421,115165,Partial
106582,104118,19523,Partial
106136,133805,112057,Paid
104063,34381,58806,Partial
109048,60964,132630,Pending
107543,33965,43671,Partial
101728,34492,85080,Partial
103329,55402,79061,Paid
103469,70163,58772,Pending
109068,82095,116964,Paid
102090,34562,54611,Pending
108379,75877,145800,Paid
107128,128914,34726,Partial
105314,120305,140980,Pending
106464,141731,30873,Pending
109615,147022,14402,Pending
108295,44262,125485,Paid
104273,61605,86160,Paid
103733,96227,59469,Pending
109566,91711,70390,Pending
107383,86115,141456,Partial
106774,93563,48217,Paid
101117,139263,147955,Pending
108882,51264,28661,Paid
101972,85450,78814,Pending
107060,99141,94765,Partial
109482,52964,109541,Partial
102637,146676,42259,Pending
100018,145007,143119,Paid
108814,75802,88120,Partial
108154,89583,52834,Paid
100681,91727,10481,Pending
101673,61687,43186,Pending
102684,95188,101186,Partial
102232,137181,100570,Pending
102236,90884,108046,Partial
106710,40734,84167,Paid
100607,82194,39813,Pending
106541,33638,67205,Partial
106766,124624,108764,Pending
103631,127319,142917,Pending
101368,96891,145375,Partial
107819,69981,83386,Paid
104171,141734,123057,Paid
108380,58655,30695,Paid
102053,70579,143099,Pending
104027,120366,116726,Paid
103314,105918,143713,Pending
108593,137209,11923,Partial
106142,72263,61253,Paid
107137,124492,113052,Paid
109191,74192,73794,Paid
103807,115132,120937,Pending
106651,128369,115568,Paid
105289,115174,16177,Paid
109571,53193,126387,Paid
108096,64625,142523,Partial
107855,44740,116070,Paid
109809,121638,27017,Partial
107432,111034,43405,Partial
107428,145536,113775,Partial
102068,119967,25100,Pending
104703,140069,49349,Paid
107087,149658,121466,Pending
100363,132570,85365,Partial
104267,46231,71719,Paid
108402,51801,131111,Pending
109717,86409,61445,Partial
103667,64880,137951,Paid
107130,119569,45206,Pending
104745,61724,121011,Paid
105088,132716,148794,Paid
101691,47326,96523,Paid
108582,131741,20339,Pending
100444,41510,94700,Partial
100074,88239,131626,Pending
105579,124362,47090,Paid
102386,127317,39831,Paid
109141,104192,14650,Pending
105339,59162,11440,Paid
106786,44502,148504,Paid
102701,122874,58760,Paid
105418,104955,80234,Pending
108252,69786,142246,Paid
107308,72685,18213,Partial
106200,86601,145217,Paid
104507,88572,50620,Partial
103543,149973,95430,Partial
102670,74223,87257,Paid
109383,68046,65469,Pending
102874,132360,118663,Pending
101665,44301,148473,Pending
107267,111055,93919,Pending
106481,44469,46408,Pending
106626,65999,71824,Pending
102536,141469,116444,Paid
107062,35024,37803,Partial
104709,74221,33747,Pending
108933,64642,136218,Pending
103340,53927,28911,Pending
103927,141130,68777,Partial
102706,53876,16962,Pending
105432,61829,72105,Paid
109538,87795,59202,Pending
108760,138308,73995,Pending
102792,114519,81888,Pending
102030,50931,124199,Partial
109463,80331,55582,Pending
103091,31603,118397,Paid
108101,59284,49782,Partial
106112,72650,113091,Paid
109490,53855,101828,Partial
108234,85705,95580,Pending
104866,116830,112041,Paid
104866,102328,41581,Pending
107842,85022,11030,Pending
107997,78490,15194,Paid
107940,138077,13293,Partial
102953,90829,58073,Partial
101151,91723,62103,Pending
100496,51473,89636,Paid
106372,137608,73996,Partial
105601,58277,42278,Pending
102136,105453,25382,Partial
106983,84084,89516,Partial
107568,146269,65329,Paid
105938,141341,99412,Pending
104620,95302,105171,Pending
103752,44703,85499,Partial
107400,54969,107093,Paid
102436,110255,114380,Pending
104903,108796,140493,Paid
101780,62858,61958,Pending
103516,74714,65901,Partial
101983,59284,113325,Partial
104223,83013,137280,Paid
101721,63438,94796,Partial
108824,73980,16985,Partial
102758,79003,38972,Paid
101428,89290,72512,Paid
100525,141553,125948,Pending
103225,101232,117044,Pending
102152,91937,137289,Paid
107142,44615,132487,Pending
108068,132268,56705,Pending
104281,53150,69329,Partial
102695,98957,26232,Partial
103258,36098,18775,Partial
107699,125615,27030,Partial
103994,125766,36066,Partial
106153,86735,90346,Pending
101283,115063,143056,Paid
102100,101836,130013,Partial
102963,90323,31592,Paid
106368,97610,104316,Partial
109763,107973,60541,Pending
104116,65602,88609,Pending
101626,39960,43111,Partial
106247,125973,48625,Pending
106283,62106,103308,Pending
101849,31282,49035,Pending
109039,148757,71243,Pending
109442,139624,28908,Paid
106979,80328,36209,Paid
108481,44934,34993,Paid
103049,122058,129107,Pending
105139,90066,38349,Pending
100094,143092,100600,Partial
100398,122650,52863,Pending
108558,127182,138975,Paid
108427,138821,28301,Pending
101422,34106,99678,Partial
106399,48315,135792,Pending
107148,70041,126503,Partial
101463,94668,33529,Paid
103309,55702,113884,Partial
102228,137050,129130,Pending
100335,59115,24720,Paid
108853,138479,95848,Paid
109063,85632,20558,Pending
100332,140207,58180,Paid
104812,107359,67661,Paid
102877,52867,53337,Paid
106686,140024,36104,Paid
103210,132301,38921,Pending
102220,52195,46851,Pending
104211,118156,133016,Pending
103083,57038,40885,Partial
102202,116884,32847,Paid
102499,123775,51962,Partial
105656,131871,118908,Paid
104534,128399,143306,Paid
100526,85982,19442,Pending
107865,35066,34632,Paid
101814,44864,76787,Pending
106040,109983,85375,Pending
104918,138869,55949,Partial
105347,127476,103942,Partial
108632,131962,112779,Partial
102762,83667,36617,Pending
100751,48411,87398,Partial
107143,68763,62422,Paid
108715,41820,101623,Pending
100617,133933,136441,Pending
106920,44214,94959,Paid
103373,70016,55816,Partial
107575,148082,79407,Pending
109784,47879,45570,Paid
100731,92690,136686,Partial
100153,148077,36109,Paid
103511,43987,49750,Pending
108506,79005,24899,Paid
108317,106128,139605,Pending
107960,30495,69988,Partial
108455,57233,77460,Paid
108798,138646,83738,Pending
106857,65242,24681,Pending
107605,65741,92721,Partial
105073,143139,72302,Pending
108217,129400,130437,Paid
109977,89547,102818,Paid
100117,93383,61870,Paid
103477,99441,65598,Paid
104809,49298,60729,Pending
109656,121529,14153,Pending
103119,75200,48768,Paid
107829,63233,111620,Pending
105316,32879,112278,Paid
103132,32917,42100,Paid
101113,77222,28723,Partial
100010,80975,46809,Pending
109058,52976,66530,Partial
101915,120652,67002,Paid
107145,128406,129589,Pending
108368,124353,146199,Partial
104199,54873,25189,Partial
101622,128496,56278,Pending
107968,135439,32043,Pending
103722,37042,51636,Pending
105936,106751,14824,Paid
109127,68547,103351,Pending
105025,118745,139390,Paid
103862,124058,28954,Paid
108499,111796,113626,Partial
104132,117108,91627,Partial
103248,86474,137734,Partial
104983,104479,84031,Pending
109330,69045,11332,Pending
106035,125816,15597,Partial
100325,44663,18772,Pending
101356,101628,117108,Partial
107514,103574,83015,Pending
106104,140511,63650,Partial
109088,36062,139389,Partial
103417,64589,14908,Partial
100939,82840,136093,Partial
109093,100324,131029,Pending
106950,85893,138222,Paid
100684,74031,54010,Paid
104171,136974,85328,Paid
104673,122412,147193,Pending
100477,43746,113516,Partial
107132,37756,96279,Pending
107491,106560,85241,Pending
106976,45179,106486,Partial
101515,105075,62214,Partial
104757,46914,34312,Partial
104213,96917,54339,Pending
105944,109695,66806,Paid
106866,92998,82279,Partial
101418,110069,137926,Paid
105721,125446,37387,Pending
108211,110562,114381,Partial
104927,88164,114159,Pending
101228,107452,112204,Pending
104303,131665,120610,Paid
106718,114102,90025,Partial
107796,99667,78766,Paid
101889,59893,103217,Pending
102007,30641,39783,Partial
104326,57797,46715,Paid
108619,52886,93966,Partial
109120,116909,117369,Partial
109122,88311,12950,Partial
105578,147619,66518,Partial
109254,140309,83808,Pending
105780,142353,97311,Paid
102889,133611,115408,Paid
102703,98439,81377,Pending
106515,137623,132830,Partial
109326,130941,118657,Pending
105223,128272,68748,Partial
100154,109932,12576,Pending
100049,139876,130614,Pending
104317,116006,124141,Paid
101330,81780,149343,Paid
108192,32144,57401,Pending
108165,57234,31645,Paid
109761,99259,62562,Partial
102620,101261,129660,Paid
103816,32356,100282,Partial
100941,123943,101143,Paid
102183,87896,24064,Pending
105793,114019,131729,Pending
104980,51199,40165,Partial
102920,123472,131156,Paid
100306,93576,105054,Pending
109116,144372,36092,Paid
105505,48414,62647,Partial
100060,125454,54065,Pending
101986,65584,45612,Paid
102123,100449,13468,Partial
106368,94227,103828,Paid
103555,106296,131435,Paid
101266,96056,11140,Partial
109518,117970,118965,Partial
108967,146854,135876,Partial
103180,61255,120406,Paid
109752,74415,123425,Pending
108319,80369,114216,Paid
105305,107576,10991,Paid
100071,132597,95211,Partial
102835,51230,14264,Paid
102323,92060,55959,Pending
100265,52846,106688,Paid
101565,55007,143142,Pending
104549,100868,45309,Partial
106685,61202,119839,Partial
108441,105876,17904,Paid
100721,148401,81598,Paid
104906,128443,62169,Paid
104450,58930,81503,Paid
106609,54550,23942,Paid
107168,123067,59217,Pending
102571,57309,24466,Pending
100407,147645,141243,Partial
102119,75982,71731,Partial
101094,45029,95772,Paid
109790,83648,111079,Partial
108535,92882,141666,Pending
100701,63447,95203,Pending
105471,132162,124360,Paid
103707,68449,55482,Partial
104876,35931,135219,Pending
102688,117864,115534,Partial
108995,78810,128311,Pending
107408,81345,110858,Pending
107181,69920,110460,Pending
106182,130543,121832,Pending
103680,45975,90288,Partial
105183,89722,44100,Paid
101605,105076,120193,Paid
106024,34213,41373,Paid
108384,115395,15391,Paid
105518,71701,124490,Paid
109974,125689,124146,Pending
100047,68489,29323,Paid
107417,102423,116220,Paid
108838,144730,50378,Pending
104675,86120,24636,Pending
102218,97599,19022,Pending
107854,125861,11869,Partial
107932,88549,48980,Paid
102290,88108,46473,Partial
107711,122916,31241,Partial
107957,76136,19093,Paid
104039,141320,11828,Pending
100174,72787,33425,Pending
100069,85834,87719,Paid
107998,83016,115761,Partial
109352,80718,27397,Partial
102449,61376,19708,Partial
109242,142529,48843,Partial
107253,105664,124329,Partial
107274,53310,61877,Paid
100591,60390,135974,Partial
102591,34410,105031,Pending
102421,115584,25711,Partial
102946,95068,51354,Paid
103445,145147,121594,Pending
100601,102910,63186,Pending
107681,142411,45009,Paid
108599,99941,18966,Pending
103346,40220,25331,Pending
100786,113694,26512,Pending
102047,57705,55131,Partial
107732,124822,86643,Paid
109417,46710,63389,Partial
102931,63859,144713,Partial
103300,102686,78426,Partial
105682,118761,82151,Partial
108179,97026,135442,Pending
108678,106761,49936,Paid
108031,69535,95829,Pending
100291,66228,40606,Pending
107091,35936,16661,Pending
109359,37385,65962,Pending
109928,93896,94773,Pending
108246,92615,79742,Pending
105779,108768,53629,Partial
102649,90858,110204,Partial
106517,146860,78679,Pending
104160,119034,100131,Partial
100851,65126,135298,Paid
103837,118794,97307,Pending
106551,71655,102101,Paid
107766,57405,132346,Pending
104702,91015,43143,Paid
102789,72619,22394,Pending
103864,49025,21090,Paid
109427,101017,21060,Paid
105063,117172,60209,Partial
105876,144891,111062,Pending
102331,132645,95278,Paid
108811,133951,101717,Paid
103409,112014,97053,Pending
100956,37532,149859,Paid
102511,90016,84369,Pending
107777,143126,73694,Pending
109318,108642,23294,Paid
104627,44765,123379,Paid
103447,144424,85330,Pending
109590,73879,68182,Pending
109773,107582,51560,Paid
103458,68489,17507,Pending
108129,39247,39186,Partial
101322,92009,124005,Paid
107102,50174,129672,Pending
107748,51097,138699,Partial
103236,139012,140380,Pending
104427,50976,142450,Pending
103563,51806,135712,Paid
105519,142267,96472,Partial
106062,110916,82237,Pending
101680,116893,144608,Partial
105448,74349,124486,Partial
102743,32900,77883,Partial
104145,55762,24168,Paid
104386,64361,51213,Paid
106790,90165,70728,Pending
105470,64553,30845,Pending
105575,35053,94787,Partial
105625,99825,88204,Paid
100108,107950,104533,Partial
109495,120285,95260,Pending
102640,108433,19282,Pending
100171,31092,106303,Pending
105210,122196,44535,Partial
102171,94418,142343,Partial
108445,147304,120614,Partial
105994,45971,47080,Paid
104668,127580,128283,Pending
107589,69919,18711,Pending
103223,66634,117020,Pending
103910,90401,84242,Partial
103375,146296,108554,Paid
108714,51658,112741,Paid
101342,32609,75773,Pending
103101,129722,24851,Partial
101383,71224,126872,Partial
101853,75939,88047,Paid
103745,38488,105151,Partial
101887,40580,96410,Pending
104852,147815,10053,Pending
102265,148752,43116,Partial
104652,146143,120433,Pending
109464,116936,63342,Paid
104337,101570,84068,Paid
109005,109230,137006,Pending
105885,85242,22344,Pending
108439,95171,30592,Partial
109629,137995,130486,Paid
103160,124579,113767,Pending
105576,124624,55236,Pending
104101,145372,108891,Pending
108148,85294,138287,Pending
107656,146819,147796,Pending
101546,134556,62024,Partial
104550,101256,91099,Paid
106323,61651,68273,Paid
104858,84088,115930,Partial
101795,137405,81088,Partial
106004,103320,60360,Pending
101439,117605,127633,Paid
103702,91839,129548,Paid
100503,40179,41999,Partial
103843,70121,126320,Paid
109135,113163,135385,Partial
105410,102621,116500,Paid
106500,82287,34444,Paid
109198,83956,14803,Pending
101971,54487,106876,Partial
109212,48446,28240,Partial
105897,39659,132892,Paid
109402,124271,66706,Pending
105459,119948,19044,Pending
106032,95844,110873,Paid
101472,123860,28783,Pending
109089,137237,69202,Paid
103650,30464,50018,Paid
102202,131664,144498,Paid
103639,142393,55273,Pending
109043,58090,142821,Partial
104500,72396,135054,Pending
102050,109155,125368,Paid
108933,50839,36085,Pending
101023,38168,104080,Paid
109606,135809,77847,Paid
105504,108883,88330,Paid
102787,37505,88675,Pending
107004,100219,66557,Partial
108943,101121,47607,Partial
109326,63838,109261,Partial
105230,47198,90366,Partial
103199,62304,105508,Pending
108872,135717,53033,Partial
103511,103095,110230,Pending
100605,55537,16953,Partial
103139,105091,57999,Pending
100858,78645,84642,Partial
102312,58929,41245,Partial
103899,106520,141961,Pending
106044,40937,28958,Paid
101834,142064,26628,Partial
105437,50197,81725,Pending
105200,117995,44013,Partial
102182,101854,81456,Pending
106140,81307,110729,Partial
107917,89648,28959,Pending
106572,39733,120598,Partial
108328,50539,111016,Pending
106357,87144,76985,Pending
102500,37809,77224,Partial
105955,80820,72594,Pending
104975,116723,51057,Partial
109147,54487,31939,Pending
102581,139788,101758,Pending
102391,66669,21521,Pending
102995,33482,14647,Pending
102015,76348,121213,Partial
109299,54013,16213,Paid
109478,124015,60063,Partial
104764,142846,80833,Partial
101041,94146,51901,Partial
107638,84278,143822,Pending
101997,77316,60638,Pending
103759,80957,145609,Pending
101657,102253,88585,Paid
109701,120215,19899,Partial
103277,103165,95067,Partial
100564,112570,94568,Paid
100034,125890,86517,Partial
108082,105809,37130,Pending
106421,118838,94875,Partial
105610,112566,81407,Partial
100168,101899,22797,Paid
104200,59187,100613,Paid
106652,47522,55722,Partial
106910,80728,103279,Pending
103756,95615,136290,Pending
108190,133726,80891,Partial
109604,93580,75731,Paid
100399,43650,30787,Paid
101259,106511,85990,Paid
103900,33000,60131,Pending
106674,47827,14053,Paid
108283,126596,112570,Pending
102819,111078,18553,Pending
108794,130372,35754,Paid
103506,103507,112560,Partial
104784,129600,87776,Partial
107110,93192,54302,Partial
109365,95601,116351,Pending
102676,60884,29886,Partial
100162,76451,140617,Paid
105824,61560,12778,Pending
103684,79494,91191,Paid
106235,129672,20592,Paid
106767,92106,146658,Pending
105038,145266,86690,Partial
106469,125571,146023,Partial
104028,107439,118376,Partial
103749,110251,39109,Pending
105159,31734,146669,Pending
108594,135264,34039,Partial
103489,140630,95073,Partial
105290,52404,136966,Pending
105303,51769,59278,Paid
100662,145121,78537,Pending
108945,82286,17471,Partial
108442,67269,18117,Partial
101782,146967,97127,Paid
102627,52265,74160,Partial
105592,74822,80103,Paid
103223,74313,108359,Partial
104677,50006,27614,Paid
107795,144611,59319,Paid
102251,86873,93125,Partial
106615,147500,79990,Partial
106893,92329,119935,Partial
105349,134267,14178,Pending
102311,59422,111254,Pending
107197,56559,37757,Paid
103258,118591,145559,Pending
106638,65134,54034,Paid
101513,141618,86161,Partial
101669,47680,132757,Paid
102768,103513,102823,Paid
106600,51300,139733,Partial
105622,89218,13072,Pending
103915,144819,22627,Paid
108926,146268,45384,Paid
102063,112827,72715,Paid
100376,50388,28779,Pending
108286,126185,106776,Partial
103919,52789,137745,Pending
108984,100980,52036,Pending
100307,79362,46248,Pending
106069,95921,149693,Partial
103227,103680,11168,Paid
105315,79043,20260,Partial
102228,53482,138233,Pending
104478,106833,39133,Partial
104668,51932,20180,Paid
100265,59968,62946,Paid
108570,31233,89766,Pending
107523,116686,48274,Paid
103092,80496,87832,Partial
102591,54130,10075,Paid
102422,135373,68100,Pending
109546,130943,48527,Partial
107689,88979,104263,Paid
109492,110292,49428,Partial
103495,135258,148786,Paid
102486,132831,44412,Paid
105690,65746,46975,Paid
104212,40263,66968,Partial
103074,133260,126907,Pending
103597,137227,83787,Pending
100715,129267,57783,Pending
100427,48455,25984,Partial
100771,92943,149152,Paid
102844,106201,26570,Partial
106863,40039,36370,Pending
104190,100273,100119,Pending
101241,106804,28838,Paid
107116,127680,132950,Paid
107182,115035,24555,Pending
106582,30939,10769,Pending
104368,114590,23921,Partial
107141,65599,36843,Paid
108690,107942,87348,Paid
108984,36864,136886,Partial
104960,39462,23641,Paid
101096,48783,73160,Pending
107697,75228,140659,Pending
107216,146991,108017,Pending
107560,105489,86646,Pending
101052,35903,50811,Pending
105118,123425,48995,Pending
102811,33408,109000,Partial
104149,121979,41798,Pending
101946,58655,64648,Pending
100133,95687,90066,Partial
106429,139901,120471,Paid
100249,36385,95229,Pending
103235,143848,108653,Partial
107678,145140,102831,Pending
107858,114658,11655,Pending
100114,81965,94506,Partial
107703,98603,102071,Paid
101561,30365,47027,Partial
103971,137563,20670,Paid
107245,119436,55660,Pending
104362,140401,44904,Pending
108392,117854,17196,Paid
108965,52117,110316,Partial
108513,147577,122424,Paid
103622,69706,111528,Paid
108665,63792,100415,Partial
107849,115195,85439,Partial
106895,118537,19190,Pending
107943,59753,22370,Partial
101098,133441,56642,Partial
101717,123407,142956,Pending
107388,62107,141692,Pending
103770,79228,85199,Paid
105988,75194,29863,Paid
107291,94583,65837,Partial
108658,73211,48845,Paid
107622,87376,57982,Paid
103663,63591,21016,Partial
104756,121797,136348,Pending
102713,70123,142370,Pending
108163,143605,142942,Paid
100338,69705,29763,Partial
101790,64962,82519,Partial
102512,114435,110267,Pending
109151,118883,53873,Paid
109542,47869,74165,Paid
108489,97531,36768,Partial
109698,77214,97489,Partial
109579,34186,90358,Partial
106420,149302,96511,Paid
104798,38203,115219,Partial
109819,65604,61613,Paid
107864,149064,54772,Partial
102300,37767,120626,Pending
102008,144708,121542,Paid
107948,113578,114074,Partial
107984,131012,19336,Partial
108827,75153,88195,Pending
107651,118398,40952,Paid
103418,45207,111710,Partial
105306,142962,101487,Partial
104047,142326,46678,Pending
105763,30093,87964,Partial
105513,111368,68453,Partial
106104,62586,122532,Pending
102503,45094,75691,Partial
108755,84324,64059,Partial
101709,110560,21099,Pending
109876,111358,49899,Paid
104451,94873,38805,Partial
106407,95920,18453,Pending
105276,58970,103680,Paid
104239,100749,24013,Paid
107259,57918,25027,Pending
108696,89962,126719,Paid
106393,105222,60379,Paid
106742,86570,120225,Partial
101626,122198,42522,Pending
108584,114203,127458,Paid
108801,54481,124469,Paid
105277,92039,95569,Partial
100955,88594,81558,Partial
108491,105641,98792,Partial
106555,125026,116561,Pending
101440,137537,50242,Paid
104346,100531,13081,Pending
101650,85708,12848,Pending
103275,38886,75765,Pending
102439,136309,108350,Pending
104605,131728,145393,Partial
100302,114149,31487,Partial
103902,94889,64121,Paid
107895,41973,17618,Partial
104639,130546,93968,Partial
101177,43340,90590,Pending
104473,78100,71571,Paid
109492,110429,98627,Pending
108705,65601,135556,Pending
103835,125315,83610,Paid
108805,123288,16204,Pending
101074,96050,94076,Pending
103702,95930,102851,Paid
103835,75380,111634,Partial
109756,108709,89528,Partial
109080,98246,13911,Partial
100934,108243,131773,Partial
108032,57371,122457,Paid
108470,138160,26421,Paid
101145,65756,93168,Paid
109409,111966,27049,Paid
101053,147579,20785,Paid
101032,77608,146561,Partial
103525,96197,51715,Pending
102205,120160,126097,Paid
103412,148678,127112,Partial
104934,36754,45335,Paid
102163,115542,145086,Paid
109411,36684,17548,Partial
100353,32064,55587,Partial
100201,101618,49277,Paid
101383,37823,57596,Paid
107694,69846,74583,Partial
101546,31938,92075,Paid
109885,119524,56132,Pending
108924,101196,37486,Partial
107466,143036,68742,Partial
100514,86535,85656,Pending
109424,139839,99644,Pending
108505,101039,14094,Pending
101670,40379,75723,Paid
109216,147039,17557,Partial
101689,90879,35454,Paid
107437,127530,22218,Paid
103954,115763,61954,Partial
102322,74775,129801,Paid
103151,133358,63158,Paid
105166,30128,69752,Pending
104126,131992,127236,Pending
102519,145210,108357,Partial
106577,116263,62288,Paid
104851,104899,78188,Paid
100067,45398,135646,Paid
103246,108928,27460,Pending
106133,48605,30012,Pending
102728,101002,113420,Paid
107991,79837,105275,Pending
101396,129496,108882,Paid
109659,139376,128066,Paid
100298,144789,94950,Pending
102791,35016,100936,Pending
109661,50176,36007,Pending
107732,82104,93285,Paid
104900,118147,80027,Paid
107427,65169,35450,Partial
101899,91932,56359,Pending
101949,74472,30770,Partial
104306,92153,133532,Paid
109548,73334,58170,Pending
103181,90628,146614,Paid
100439,148966,121678,Partial
107966,38993,99890,Pending
103609,127183,28242,Paid
107797,58227,99796,Paid
101905,41014,28956,Partial
103690,76337,144785,Partial
108551,141005,62977,Pending
105717,99982,115091,Paid
103567,120703,132190,Paid
105597,88045,127189,Pending
104657,60373,97584,Partial
100503,70022,85460,Pending
103912,35331,148764,Paid
106095,61482,22447,Pending
102817,66554,45177,Pending
107552,114285,124379,Partial
109698,115385,28876,Partial
100647,75459,57735,Partial
108339,128010,77605,Paid
101914,128956,82184,Paid
101908,59484,19290,Paid
106347,59083,34395,Partial
103629,39887,97951,Pending
100158,51119,113424,Pending
105210,52049,30365,Paid
108615,130396,25439,Pending
106586,58815,116096,Pending
101477,76935,110030,Pending
101449,50764,94089,Paid
107212,30104,136614,Paid
103334,101785,109478,Partial
108012,111655,100006,Partial
101390,76003,93925,Pending
105824,107626,26780,Partial
107093,147693,41639,Partial
102582,147157,25728,Pending
107402,115964,71927,Partial
102607,58152,54189,Pending
105440,117375,118374,Partial
103615,112812,29534,Partial
107221,122533,43912,Paid
101847,49122,105098,Partial
109538,80894,105144,Partial
105863,57175,134110,Partial
102417,46666,48022,Partial
104463,77523,41209,Partial
106902,115676,144622,Pending
107733,139079,146366,Paid
104462,40757,149269,Partial
105975,119127,100523,Paid
109365,65968,89171,Paid
108375,95127,90133,Paid
102037,32490,133031,Paid
106095,106210,40410,Partial
106039,123828,97159,Pending
103981,130694,118001,Paid
104891,132871,124390,Partial
109986,41428,93185,Partial
100359,93835,132673,Partial
104952,46660,48859,Pending
104422,96613,98486,Paid
108636,55400,56990,Partial
108579,141913,20868,Paid
108450,121260,143712,Partial
106672,52870,84171,Partial
104007,90318,82214,Paid
108371,67370,142975,Partial
108852,71453,93503,Pending
106554,86578,67636,Pending
100993,106336,141253,Partial
109644,115043,20350,Partial
104320,149442,112211,Paid
102167,139657,111710,Pending
105743,58999,88937,Pending
106134,67693,87469,Paid
102654,93529,61484,Paid
101787,57442,12704,Paid
104009,49800,70100,Paid
106914,114907,111182,Partial
105237,145878,128906,Pending
103562,81602,94568,Paid
104952,83406,17103,Partial
100457,89962,11060,Partial
100762,73071,96290,Paid
108241,30280,32156,Paid
106140,39858,124805,Pending
103534,58502,20141,Partial
106079,81749,142830,Paid
106079,145789,142216,Partial
101704,53625,147919,Partial
108234,97949,149847,Paid
104365,57573,69901,Partial
105510,96760,15049,Partial
106743,148568,136785,Partial
105472,60145,121721,Partial
107202,120455,113147,Pending
108435,76542,50083,Paid
103255,71829,113397,Partial
102424,30965,12673,Partial
109907,45688,107091,Paid
105008,87753,144420,Paid
106599,45527,66479,Partial
102453,70103,16833,Partial
100161,52185,22485,Pending
104956,59306,112964,Paid
100654,76186,74415,Partial
109973,137124,123977,Partial
104590,130637,53091,Partial
108236,107242,74125,Paid
100693,79378,48831,Partial
100741,147549,74340,Paid
101502,63340,93291,Paid
109252,75228,93974,Paid
101066,112472,60105,Partial
107459,66355,123378,Paid
105514,57571,115032,Paid
107029,128718,115645,Pending
109614,87997,137918,Paid
109594,85736,146526,Partial
100480,127666,32528,Pending
108390,61200,125775,Partial
106967,86096,22903,Pending
104796,95942,10289,Pending
101166,116659,49191,Partial
101786,84754,70991,Partial
103069,81374,34056,Pending
105362,36792,122571,Paid
102861,34273,124152,Partial
109352,57809,13907,Pending
109302,81632,26145,Paid
101512,137201,46403,Pending
105565,46960,62422,Paid
100406,110389,48480,Pending
103209,130688,76918,Partial
104805,69658,122910,Paid
104139,87866,49630,Pending
100527,103841,125384,Partial
100429,134022,41419,Paid
104879,80483,14374,Paid
106072,83631,97567,Paid
100946,121882,113174,Paid
100132,35124,84019,Paid
106745,116703,116636,Paid
108628,126018,87299,Paid
100255,64887,118569,Partial
109211,87442,24147,Paid
100749,135465,54919,Paid
102610,142940,33245,Partial
106373,114294,85753,Paid
101704,71713,42745,Pending
107419,103879,55329,Partial
106699,51133,44988,Pending
106444,137035,37782,Partial
107581,82847,119448,Partial
107077,74856,11338,Pending
105289,100761,69765,Partial
102603,71855,97538,Paid
104734,47497,132997,Partial
101546,30781,100669,Partial
107577,124502,18444,Pending
102316,31749,53715,Pending
108210,118998,46332,Pending
106235,89020,142462,Partial
108952,79758,13237,Pending
101192,53857,74883,Paid
103703,48993,84546,Paid
106070,59758,67474,Partial
100628,145734,104968,Paid
105453,110821,23198,Partial
109117,93238,65437,Partial
104548,146246,117135,Paid
103271,133907,73813,Partial
108624,32830,86104,Pending
109561,37436,34224,Pending
100833,145990,137255,Paid
107388,109148,74330,Paid
101676,44529,116765,Pending
107220,35155,26475,Paid
101298,90715,96257,Partial
106807,32999,114888,Pending
108960,47729,117029,Pending
105850,108995,148651,Partial
101466,60738,69090,Partial
101773,92077,42120,Partial
106888,110162,98061,Pending
107346,85375,132856,Pending
102673,78153,21165,Partial
105302,40038,116872,Paid
101721,89454,90478,Pending
101362,34126,30754,Pending
101469,57209,71607,Paid
107346,119504,33705,Pending
108729,36393,106217,Pending
101852,144055,102990,Paid
104411,39846,79373,Paid
101262,52137,13974,Paid
103500,139176,135181,Partial
102388,56846,38895,Paid
106554,57988,32189,Pending
107036,73361,94596,Pending
106223,136905,51046,Paid
102756,40306,68887,Paid
102550,113534,86509,Paid
108716,88902,25763,Partial
106269,58093,75845,Paid
101225,128242,76304,Partial
101409,124342,60620,Paid
107179,59072,75075,Partial
102206,53421,24187,Paid
103417,147638,136650,Paid
101554,55517,46595,Pending
103825,133287,138429,Partial
104146,102063,26535,Partial
103006,33037,105667,Pending
109892,143898,37543,Partial
109243,68331,68554,Pending
105448,79985,62481,Paid
107805,120904,138922,Paid
109486,123042,66458,Paid
105203,88223,101863,Pending
106015,123248,30171,Pending
104732,77771,48973,Paid
104196,108063,83683,Pending
100336,126094,103610,Pending
100389,40601,93575,Partial
101443,130122,137746,Paid
108578,97189,64281,Paid
107345,105491,38051,Paid
105364,83615,97137,Paid
109338,131895,14664,Paid
104224,46009,107306,Partial
107572,114384,16944,Pending
108384,97502,45220,Partial
108113,108276,67719,Pending
107918,149798,16175,Pending
103193,120902,94400,Pending
105234,128553,15600,Paid
105327,110418,21121,Paid
104872,73204,135019,Paid
101512,45048,80294,Pending
106279,79004,128791,Paid
101347,73313,63907,Pending
108142,105591,77920,Paid
101594,89701,106218,Partial
107908,123191,39643,Partial
108874,70160,61830,Paid
101394,148111,44035,Partial
105915,41769,34189,Pending
109220,44917,32231,Paid
101586,106634,102116,Partial
105185,136740,78547,Partial
100907,120502,122968,Pending
101423,40237,59208,Partial
102073,141939,146324,Paid
102052,67451,99219,Paid
109464,96466,84581,Paid
104356,112805,68135,Partial
106828,91099,94720,Paid
100045,59208,40836,Paid
103131,122926,58234,Pending
108202,104212,98321,Paid
105680,104619,112992,Paid
106165,43315,132799,Paid
101623,89775,114648,Pending
106642,52502,47482,Pending
105725,77594,36249,Paid
101166,85739,116266,Pending
107073,77724,107877,Pending
104677,34462,136319,Pending
108037,116495,82872,Pending
104942,67113,31436,Partial
102933,143789,61165,Partial
107660,87105,48730,Partial
108647,146024,122085,Paid
100941,141131,112892,Pending
105856,48414,94093,Paid
102272,61179,147189,Pending
108765,31035,127583,Paid
105183,38764,93898,Pending
101633,38567,28417,Pending
104136,41316,71170,Partial
105955,66939,26498,Pending
107377,32785,37178,Partial
100200,105208,133762,Partial
107244,64349,77212,Paid
102206,31363,12133,Pending
104558,134357,42298,Partial
105281,34224,125445,Partial
108267,53940,43687,Partial
104956,92236,65973,Paid
105922,133667,77746,Pending
100580,132255,31296,Partial
108529,37500,55926,Partial
109938,54543,125923,Partial
100725,145157,114857,Pending
101271,38527,62536,Pending
102591,53295,11251,Pending
109513,42032,136160,Paid
102792,117609,42022,Paid
106662,110997,99525,Pending
100857,120338,53813,Pending
104711,102068,76825,Partial
102381,122534,126245,Paid
100145,86107,65329,Partial
105113,73425,78062,Paid
107415,81102,111585,Pending
100361,121672,64684,Paid
109939,36338,138602,Partial
107831,32473,54651,Pending
104841,138080,126672,Partial
104275,146981,23021,Partial
105070,58402,109365,Partial
105648,71158,47507,Paid
101612,43016,44434,Paid
106824,104340,141401,Paid
104098,55650,46548,Pending
104635,51720,21386,Partial
103552,139543,78239,Pending
104899,141610,33735,Pending
100511,41860,124700,Partial
109392,113570,133972,Pending
100282,110584,34185,Partial
103461,40512,65441,Paid
101071,46090,66428,Paid
104372,61092,61941,Pending
107781,135018,84275,Pending
102991,68121,137302,Partial
101439,90210,114389,Pending
106409,102071,141270,Partial
101568,90498,52806,Pending
105043,129726,111002,Paid
101948,64426,32832,Paid
106098,112856,38591,Pending
104044,31116,118800,Pending
108410,125684,148235,Paid
105934,81861,141344,Partial
100358,54116,111572,Partial
103389,78636,58824,Paid
100156,32202,36636,Partial
108405,53351,110212,Paid
102762,41907,48207,Paid
107653,32683,31261,Paid
106039,77536,76861,Partial
105380,101301,144687,Pending
105635,31696,114638,Pending
106967,89708,48199,Partial
106331,92931,76432,Pending
109413,54486,51262,Paid
102643,32334,78539,Pending
102607,120538,71663,Pending
102692,82241,83789,Paid
100858,143575,82396,Partial
102416,128034,129299,Paid
107514,132746,149706,Partial
100205,138331,148864,Partial
101649,142739,143358,Partial
108067,56859,126604,Pending
106201,75718,116698,Partial
109593,135914,136632,Partial
102185,89584,47583,Pending
102165,49463,38377,Paid
107306,96595,85643,Partial
106920,147185,78120,Pending
107638,48014,59667,Pending
106500,125843,22396,Pending
104841,146315,68059,Pending
101954,67890,17530,Partial
104682,38254,25820,Paid
106793,86749,23514,Paid
107015,67905,22739,Partial
105873,121660,19922,Paid
105181,57061,75203,Paid
103564,131212,23712,Partial
106697,122411,22491,Paid
108186,86916,139742,Paid
109305,57075,57167,Partial
106385,57033,108705,Paid
105632,118594,113968,Pending
103267,109278,84828,Partial
106421,100451,142944,Partial
107167,51186,118215,Partial
102740,98769,146011,Partial
103940,40678,108963,Pending
108794,102757,14624,Partial
107664,144225,43854,Partial
108399,114607,97027,Pending
101384,81670,147483,Partial
100425,89507,144251,Paid
106840,123271,86000,Partial
109126,147524,26669,Partial
103047,106750,100994,Partial
101947,31185,58065,Pending
103623,45171,106502,Pending
104810,30198,94861,Partial
106725,38777,113408,Pending
103631,127703,71923,Pending
105432,148480,138581,Partial
108817,98394,114137,Partial
102274,128829,116745,Paid
103420,33791,137676,Paid
104479,134535,107686,Pending
106681,93782,134528,Paid
108219,86227,73418,Paid
108735,45188,55721,Partial
107310,124841,98529,Paid
103830,136344,47551,Partial
101656,138244,122651,Paid
106245,81885,40853,Partial
109076,126188,99715,Paid
101994,111647,51931,Paid
108799,147817,49981,Pending
101718,45477,77780,Partial
106366,61463,86830,Paid
109121,100024,39240,Partial
104739,110148,12615,Paid
104477,143769,117683,Pending
109488,129308,49992,Partial
109786,104217,25679,Partial
109622,44120,14043,Paid
105936,81265,103643,Partial
107644,141545,123348,Partial
103927,121801,27252,Pending
106959,111146,123991,Paid
102269,51089,45367,Pending
108440,123854,103796,Paid
106685,74594,40473,Pending
109803,40795,21226,Pending
109020,132240,49550,Pending
109025,83127,13351,Partial
108128,127752,43528,Paid
101233,101869,58462,Partial
109624,129532,132608,Partial
107107,106660,93917,Partial
102992,149375,23205,Pending
101727,50379,148411,Partial
108517,79741,149994,Pending
103925,76411,36875,Paid
109833,101714,32874,Partial
107389,49363,27871,Paid
106735,99688,118262,Pending
101310,35033,130467,Paid
101879,48955,112828,Pending
109305,104131,51313,Paid
108350,31064,110066,Pending
108131,59686,78157,Partial
107417,101838,51995,Paid
106392,32210,110770,Pending
109148,115054,146512,Pending
106219,123407,71814,Partial
102271,39829,111201,Pending
103793,73359,36304,Pending
105546,103577,137692,Partial
107281,78695,39347,Paid
101767,55541,44139,Pending
101376,110576,23977,Pending
104890,128272,56784,Pending
104451,98484,116327,Paid
106406,80302,27042,Paid
107803,33667,109276,Pending
102152,46877,140142,Partial
102121,145043,64762,Pending
101486,132770,135090,Partial
105269,117846,42875,Paid
106535,39618,142611,Partial
109130,116805,14935,Pending
102137,148021,142304,Partial
105097,108966,129045,Paid
107229,44831,70082,Partial
102840,43464,26935,Paid
105347,71124,28450,Paid
100394,65346,21394,Paid
104987,130459,62352,Pending
103175,65181,112331,Paid
103294,53486,38800,Pending
100716,92498,34986,Paid
101442,42105,147600,Pending
106448,138937,63490,Paid
104277,100384,66498,Paid
104048,146476,100907,Pending
100436,47537,128678,Partial
104690,141640,59961,Paid
108244,94707,101852,Paid
101574,37797,80678,Pending
106202,55039,30825,Pending
103906,126714,102776,Partial
107550,47388,90342,Pending
105778,111946,86025,Partial
103094,109221,130403,Partial
107117,30129,18959,Pending
107321,63800,46352,Paid
103849,62190,42130,Paid
108752,132732,104981,Pending
104372,61321,121276,Partial
105010,30254,69836,Partial
104131,63907,102150,Pending
106641,114685,27877,Partial
103632,45349,18360,Partial
107566,91766,71038,Partial
106228,66351,20889,Paid
107829,82391,133862,Partial
104857,129149,43424,Paid
105531,92157,96738,Pending
104596,47021,138727,Paid
101903,111651,63678,Partial
100948,132712,98548,Partial
101790,97808,46907,Paid
109155,131015,99796,Pending
100053,115039,95282,Paid
108716,135898,78340,Paid
107120,97314,30968,Paid
106145,111549,14981,Paid
107705,140840,18054,Paid
103436,109962,48757,Paid
109772,131580,62185,Partial
105950,77517,123820,Pending
107489,51125,84801,Pending
104403,55010,111809,Paid
100690,55091,76119,Pending
100096,114697,88800,Pending
106133,34717,100141,Paid
103733,118736,138109,Partial
105067,109323,104980,Paid
100241,40396,98397,Partial
100913,111446,29579,Paid
102065,81290,32099,Paid
105132,51574,50691,Paid
101806,124356,113922,Partial
108011,132184,83293,Pending
104001,78791,128781,Paid
109230,138992,44787,Partial
102435,79455,89531,Partial
106699,56210,139368,Paid
107352,99648,128676,Paid
108836,121670,114441,Paid
100083,64621,85410,Pending
104055,140656,107876,Partial
107688,73461,56071,Paid
109962,58552,71145,Pending
109091,53454,75164,Paid
100157,78190,99517,Partial
108814,80263,73995,Pending
106871,58617,65036,Partial
109141,146562,15848,Paid
106960,54422,14691,Partial
100668,53512,149279,Paid
105339,32018,21218,Partial
105413,64441,107810,Paid
107417,52173,135276,Pending
108677,58304,139051,Partial
101656,31120,135433,Paid
105842,72779,68470,Partial
101096,138053,95237,Partial
101037,77267,86365,Pending
102079,125286,80234,Paid
101534,32048,70426,Pending
100037,58626,109899,Partial
103954,77181,139235,Partial
109910,144153,131919,Pending
107289,86522,91955,Pending
106053,128769,90865,Pending
102356,61463,130453,Pending
103086,69025,147066,Partial
103909,80553,134161,Partial
100010,55917,66887,Pending
109728,134017,53030,Partial
100056,44991,43920,Partial
104182,39281,25150,Paid
103111,142485,116138,Partial
100791,134647,18348,Paid
103806,120453,55648,Partial
104091,116363,64458,Partial
106142,91223,48660,Pending
107298,89713,24412,Pending
109077,59002,68854,Paid
109796,65056,121597,Pending
105073,147733,89345,Pending
105214,39150,46536,Partial
101773,88933,75347,Paid
108463,131519,18151,Partial
109915,93961,77593,Paid
109157,71164,120557,Pending
104075,128064,97322,Pending
109939,128161,72032,Partial
101719,65772,145576,Paid
109315,127939,14938,Pending
102422,124366,96281,Pending
107358,51025,35734,Paid
106914,140106,102178,Partial
106719,73050,29990,Paid
105780,134809,81709,Partial
108853,144319,113870,Pending
103247,90020,115836,Paid
106652,89595,27338,Partial
107543,30719,142189,Pending
105103,41398,120996,Paid
109263,69920,44782,Partial
107680,147315,55285,Paid
100987,47428,30167,Pending
104002,48391,95703,Partial
107625,33233,132194,Paid
103708,101852,65474,Paid
108280,89030,47860,Paid
109382,79407,95911,Pending
107246,125353,148324,Paid
108955,35152,10073,Paid
109971,132884,112732,Pending
107517,106564,129713,Paid
105775,136835,47415,Partial
109041,82746,85157,Paid
102944,40208,126842,Pending
101655,142052,136348,Partial
106950,36295,90991,Pending
105803,116861,133997,Paid
106665,139376,69521,Pending
108684,96051,131220,Partial
101870,83667,38594,Pending
101429,100136,134179,Partial
106233,132976,105861,Pending
107629,131601,45383,Pending
108114,138143,126488,Partial
108194,94238,81063,Paid
100594,149430,55952,Partial
101011,103603,42482,Paid
100524,35209,130226,Paid
106737,121534,135519,Partial
109594,83060,107936,Paid
106047,40906,141099,Partial
102598,32214,27055,Partial
109818,127786,89781,Paid
101642,49597,11015,Partial
108919,46466,17053,Paid
105892,81611,33913,Pending
105690,83789,24829,Paid
101507,66304,28820,Partial
106025,54642,64658,Pending
108781,36531,12555,Paid
108510,137390,137667,Paid
102109,79426,19334,Paid
101968,61878,114289,Paid
104783,148974,51552,Paid
105170,87623,113132,Pending
105664,68700,107213,Paid
109382,34289,27836,Partial
100684,77033,84972,Paid
105080,123370,144192,Paid
106486,106307,11975,Partial
100611,74001,61945,Paid
105095,64246,137195,Paid
108518,148992,104493,Paid
109575,72548,68839,Partial
106151,123993,42829,Partial
100706,100491,92036,Pending
104805,69343,140683,Partial
104043,118353,103332,Paid
100643,124244,63463,Pending
109550,99975,53949,Paid
100626,31594,149101,Partial
102083,139933,145013,Partial
100195,146403,105395,Paid
102208,103840,93810,Pending
100312,90415,107369,Pending
103455,120213,66648,Pending
107985,122866,109479,Partial
105068,125449,147898,Pending
107638,82225,21522,Pending
104930,67767,103333,Paid
106048,104892,143500,Paid
100270,35736,58539,Paid
104531,91720,121808,Partial
108869,84571,142230,Paid
103646,136967,36834,Paid
107144,80362,132176,Pending
100846,114814,35679,Pending
101420,143586,111603,Partial
100326,148187,98235,Pending
106897,88145,124752,Partial
103168,44223,42792,Partial
102764,65794,141151,Paid
100084,117926,122760,Pending
100113,92351,33276,Pending
100612,114047,69720,Paid
103721,93272,124060,Partial
102085,81497,53584,Pending
105100,119224,129433,Paid
104045,104473,48827,Partial
103597,138302,109351,Partial
104740,78071,83012,Partial
107319,44782,61473,Pending
100218,125472,46067,Partial
105090,70372,73061,Pending
105905,106009,33810,Partial
107125,138127,113512,Partial
108928,110813,47235,Partial
106923,79374,77718,Partial
105647,80797,86693,Partial
108656,98284,97949,Pending
109339,68034,96254,Paid
104228,139547,143440,Partial
109460,43563,114521,Pending
101871,49410,41896,Paid
109132,65247,138189,Pending
108045,34885,70810,Paid
104135,112308,43863,Partial
104616,117655,43643,Paid
102825,133112,22538,Partial
109537,70152,130181,Paid
105282,101931,53560,Pending
103316,131159,27889,Pending
107931,86963,27659,Pending
104047,70568,23271,Partial
106215,138737,108006,Pending
107536,53996,149692,Pending
106075,72960,101473,Partial
109750,48428,58765,Paid
107960,115301,37902,Pending
108907,47511,100281,Pending
109900,112919,105251,Pending
103280,59755,140156,Pending
104330,81600,85797,Paid
105524,110344,75368,Pending
104837,61770,51049,Partial
105362,33689,122751,Paid
102036,57621,146983,Pending
103667,101995,113374,Pending
105365,47633,56945,Paid
109766,74035,91295,Paid
109501,94665,63865,Pending
102451,70194,10995,Partial
105432,121876,136825,Partial
108004,94488,90199,Partial
105888,47251,133380,Pending
109654,31091,149851,Partial
103961,50298,107573,Pending
104281,104493,147523,Paid
100511,37508,66729,Pending
100780,144888,139184,Pending
107464,128676,35349,Partial
108839,124049,122237,Pending
104024,117835,91526,Pending
109009,99152,124523,Paid
109224,134416,134794,Paid
105558,40323,132969,Pending
108601,81624,24387,Partial
102024,142363,131869,Paid
106624,124512,101053,Paid
107004,101236,141550,Partial
101069,77075,104722,Partial
106606,126899,62270,Paid
101406,137015,33852,Partial
100986,74700,93320,Pending
104937,53285,130020,Pending
108716,54289,94411,Paid
108710,38380,91199,Pending
104789,49448,23409,Partial
101112,136113,100416,Pending
101984,112756,71021,Paid
103469,88890,24892,Partial
104472,39413,22872,Pending
109079,58099,124945,Partial
105109,73863,136335,Pending
101997,142150,24390,Pending
109411,123265,24832,Paid
100662,137842,129471,Paid
107579,108358,107188,Paid
108936,101790,112219,Partial
101519,49052,113922,Pending
102256,87512,97082,Pending
102618,135146,134005,Pending
108360,147370,119092,Partial
100260,49990,113419,Paid
108298,95764,49740,Pending
105536,80565,137286,Partial
108590,147437,16460,Partial
107888,134437,119739,Paid
109899,30481,67543,Pending
100278,115202,97050,Pending
103388,128725,93378,Partial
104671,65650,111784,Paid
108914,45304,67039,Partial
101168,85818,24917,Pending
109517,46462,43306,Paid
109996,112006,74456,Pending
107379,107415,71065,Pending
101962,139745,136623,Paid
101619,113527,122452,Partial
107853,88796,76338,Partial
108414,101813,39854,Paid
109096,143074,37434,Paid
100456,64090,30394,Paid
103009,41037,11850,Paid
107024,41654,85413,Partial
101610,46884,84625,Partial
102293,89741,138544,Paid
102775,30165,125319,Pending
100169,51257,91473,Paid
109413,76168,118316,Pending
102524,65173,116970,Paid
107094,53121,62721,Partial
109180,144832,144329,Paid
107070,148612,99642,Paid
107027,38840,16058,Paid
102656,74842,119887,Pending
108826,75860,131881,Pending
104781,88438,109702,Pending
103506,104861,136258,Paid
106661,44124,75287,Pending
107549,84969,75656,Pending
109899,106612,102351,Pending
106446,34548,102218,Pending
109507,67048,100788,Paid
106022,35946,81173,Partial
108368,62328,98334,Paid
105597,108047,65923,Paid
107656,78698,96248,Pending
104602,39217,129171,Partial
107127,86067,30582,Paid
101252,55320,112111,Paid
107337,89074,10095,Pending
104802,141336,122560,Paid
106618,135371,78476,Paid
103718,39793,100261,Paid
105341,43626,144499,Pending
104439,30662,13261,Pending
108353,97036,80085,Pending
104627,57949,46917,Partial
106754,125621,144889,Paid
102942,87188,139536,Pending
104976,61958,99995,Paid
100313,48468,11619,Paid
100534,133608,136533,Pending
102040,106794,145142,Paid
103839,34345,119420,Paid
108494,106770,85804,Partial
104694,136063,49369,Paid
106671,35971,49833,Partial
104976,80340,129928,Pending
101917,127640,19000,Pending
102062,124918,105224,Pending
101114,72323,64208,Pending
106799,117000,21685,Partial
105494,82263,121666,Pending
107035,102239,51651,Pending
105510,62558,99880,Pending
105581,67290,16478,Paid
109533,120941,76521,Partial
109233,32308,38444,Paid
109652,55554,48436,Pending
103189,146488,64938,Partial
102797,131651,14535,Pending
103842,53621,35087,Partial
104590,84950,80342,Pending
100488,61999,81854,Partial
103588,40677,93352,Pending
107438,30149,64668,Partial
100438,46653,50254,Partial
109536,57144,57657,Pending
104182,74922,143106,Pending
107255,145962,141137,Paid
107667,90379,121474,Paid
108770,63627,97009,Pending
100320,41847,31082,Partial
108325,73400,95319,Paid
102453,128172,55312,Partial
103404,101809,96738,Pending
105147,126465,134589,Pending
109055,78551,85197,Pending
103382,139402,49166,Partial
109774,119270,28740,Paid
101632,126300,61895,Partial
103158,120909,25498,Partial
103164,52221,60930,Paid
102561,112508,107672,Pending
104970,112900,25003,Partial
101762,77655,141202,Paid
108039,44252,130786,Partial
105698,137285,62274,Pending
106780,68567,130562,Pending
109497,36121,47271,Partial
102253,89092,58452,Paid
109636,85493,148074,Pending
109620,127624,41635,Partial
108099,38768,145161,Partial
107600,84059,35697,Paid
109369,85798,70640,Paid
103691,39798,12617,Paid
102694,36602,72052,Pending
107338,120044,84158,Partial
108592,49304,12272,Partial
101863,85622,27690,Partial
104914,145863,25864,Paid
108809,42892,51986,Paid
104192,65516,75163,Pending
101668,73273,118591,Paid
103175,42495,113204,Paid
103884,38566,10330,Partial
101454,130413,91712,Pending
108883,104579,80312,Partial
107400,136159,140047,Pending
109261,132773,14516,Pending
107689,145158,90202,Partial
106558,102976,133774,Paid
107708,112352,86094,Pending
106045,146984,107499,Pending
107208,79105,22264,Paid
109898,38156,91627,Partial
102646,98376,79405,Partial
101525,105769,67810,Pending
109195,33057,65868,Paid
100458,144805,133272,Partial
106584,82267,91233,Pending
101251,135838,95108,Pending
104218,62925,46627,Pending
105664,135163,133416,Pending
108382,142182,86496,Partial
105677,119531,53333,Partial
108228,136449,118686,Partial
101506,116302,15240,Paid
103556,130088,85654,Pending
109368,36534,45908,Paid
101438,63151,67969,Partial
108257,66294,35703,Partial
109053,137700,80388,Partial
107411,55907,105335,Paid
107907,148409,101231,Pending
105227,105411,27608,Partial
100368,95497,43961,Pending
101934,52338,52473,Paid
105113,107411,50184,Partial
107941,57000,72733,Paid
108711,47321,110288,Paid
103502,136101,117109,Paid
101885,125266,79011,Paid
108757,77565,97856,Pending
100622,78133,101032,Partial
101839,91912,39596,Partial
108581,124255,88662,Pending
103753,60440,94779,Paid
109924,31076,45392,Pending
101543,75548,16746,Partial
103555,52363,129389,Pending
102819,49293,131811,Pending
105714,97985,144232,Partial
102008,70324,105397,Pending
104764,66223,17185,Partial
100952,41673,17277,Partial
105621,40224,119681,Paid
103624,66168,90589,Paid
101314,128341,99897,Paid
101035,31307,70001,Partial
100473,72893,45358,Paid
108093,140269,79985,Pending
109905,121183,51594,Pending
107107,122017,134623,Paid
102871,83217,128835,Paid
107814,31472,81262,Partial
105100,45852,137593,Partial
104954,83579,147878,Pending
103891,58170,80002,Pending
103219,135613,26535,Partial
104741,31900,55093,Pending
109469,141567,135320,Partial
108184,137051,17388,Paid
101314,58489,103198,Paid
105385,116983,93194,Pending
108192,74623,10285,Partial
104645,44179,48540,Partial
106973,72390,92738,Partial
104923,76150,78682,Pending
104269,48467,50031,Pending
106430,43909,54601,Paid
106338,75007,43996,Pending
108982,120730,112591,Pending
105293,79166,128642,Paid
101067,46548,74398,Partial
101806,57516,126802,Partial
108388,33492,11870,Partial
109044,143337,19866,Paid
102278,51319,117282,Paid
106834,141189,28863,Paid
108537,129409,56032,Pending
108454,111664,123111,Paid
101393,146367,72477,Partial
109789,143430,137619,Pending
107656,144755,48035,Pending
107916,62621,43745,Pending
105479,137999,76661,Partial
105281,129810,67534,Partial
107824,114868,113977,Pending
109533,45357,44953,Paid
102647,129710,68240,Paid
106185,98946,88623,Paid
102995,70526,47885,Paid
103866,59466,135450,Partial
104980,105977,94954,Pending
103189,143415,14753,Paid
100788,122291,145722,Pending
105065,100082,145070,Pending
103053,107893,107070,Pending
103247,133326,114104,Paid
101007,103027,134089,Paid
103281,45870,108011,Pending
109120,133927,21917,Pending
101809,101972,133850,Partial
106519,54744,10652,Partial
106647,39761,91646,Partial
102595,37364,76658,Paid
108463,83378,23312,Paid
103832,87239,63576,Paid
108546,139846,82801,Paid
103465,70909,11157,Pending
108815,141692,124780,Partial
103146,46920,48729,Pending
105365,76831,12546,Pending
105864,33344,68996,Partial
107422,72481,53854,Paid
103005,80587,75422,Paid
101924,70301,136315,Pending
102993,66202,31741,Pending
107157,149512,50215,Partial
100590,82572,53498,Paid
108382,117396,144974,Partial
105244,30814,47333,Pending
106678,126489,111102,Partial
109590,114198,38945,Pending
103779,130873,27605,Paid
101611,99173,89551,Paid
102182,90501,135384,Paid
106464,51810,125622,Paid
107425,39585,80522,Pending
103726,141868,135753,Paid
107223,49672,128686,Pending
105045,59017,142501,Pending
105590,93988,34092,Paid
101952,123678,109656,Partial
106557,77070,20942,Partial
102053,46357,26936,Partial
101259,60218,34087,Paid
102036,36288,115925,Paid
102369,37151,117568,Paid
101047,70743,137461,Pending
105532,59258,49879,Paid
103296,77206,82691,Partial
104447,97137,63899,Pending
101688,87055,130328,Pending
109399,72149,136028,Partial
100760,139834,34696,Pending
100824,122882,100650,Pending
102660,148021,54059,Partial
109689,142522,83785,Paid
106875,149622,116480,Pending
107465,58151,72136,Paid
100582,91763,31953,Pending
108228,123335,136914,Partial
107847,47444,28925,Paid
100641,84158,88716,Partial
101421,99587,42832,Pending
106219,64619,18218,Pending
103924,30706,56698,Pending
100670,147521,25041,Partial
105832,50979,143967,Partial
105575,123192,32198,Pending
100104,127344,11749,Pending
106332,107999,38990,Paid
107398,91165,54823,Paid
101996,101495,86740,Pending
100158,126059,38870,Pending
109379,44406,32368,Paid
106751,94199,67559,Partial
105287,55698,84886,Pending
106865,144661,52849,Paid
105355,86216,119487,Paid
105668,63944,119896,Paid
101825,98320,138919,Paid
109129,136198,67589,Partial
105295,59014,34337,Paid
104334,110060,81191,Paid
102197,86662,147981,Pending
100256,131535,25758,Paid
103906,117933,59776,Paid
105219,139177,107790,Partial
109734,139773,62701,Partial
103255,53227,126694,Pending
108090,39590,57380,Paid
109250,100201,62872,Partial
103016,55184,58834,Pending
101008,91695,98070,Pending
100448,81676,133538,Partial
103638,76340,28565,Partial
107577,45260,112074,Partial
101219,51353,128191,Pending
102513,78145,123451,Pending
108885,105406,85159,Partial
100666,37065,37865,Pending
107772,50920,104185,Paid
105953,30899,31780,Pending
106502,74341,133999,Partial
107268,66217,39284,Partial
102470,35288,116979,Pending
106018,117044,71112,Paid
109420,69204,19002,Partial
100384,90329,119787,Partial
103827,85273,101927,Pending
107949,57997,79424,Partial
101996,77399,43788,Partial
105793,121845,135980,Paid
103222,62156,28997,Partial
100980,93001,112015,Partial
102222,73131,136347,Pending
109295,130825,125195,Paid
102383,88727,119814,Partial
106327,101142,134376,Pending
108284,46766,95913,Partial
101405,77704,135803,Paid
107722,121696,31806,Pending
101174,115411,75702,Paid
107566,143955,108887,Pending
106013,85503,131474,Paid
106188,119977,64901,Paid
104239,46378,133172,Paid
104875,136943,84923,Partial
109974,149538,65841,Pending
107991,102251,116032,Pending
108426,125669,107462,Paid
109027,57512,70949,Partial
108300,146866,50592,Pending
106157,46890,139385,Paid
100419,126656,90291,Partial
101046,80220,10088,Partial
103549,108649,111487,Pending
103395,95499,91925,Partial
108309,89780,45478,Partial
106627,34633,131246,Partial
106397,138936,88562,Paid
105012,37577,67701,Paid
108739,86462,55234,Paid
108825,59515,44853,Paid
102507,122459,136202,Pending
107999,37802,35495,Pending
101326,128429,69456,Pending
106447,43342,19305,Pending
104234,74754,90803,Paid
104349,40621,16692,Paid
100304,77873,130609,Pending
106609,142793,117518,Pending
106416,57512,28768,Paid
105828,43655,50379,Pending
101073,132742,78830,Partial
103849,138144,95708,Paid
107936,138152,41569,Pending
102615,94567,49382,Pending
108344,97580,147712,Partial
109092,102000,45987,Partial
102790,44998,73160,Pending
102000,80622,12247,Partial
108247,142060,20159,Partial
105891,79855,116923,Paid
100208,71818,104220,Pending
100510,111377,93794,Paid
105258,83382,101636,Pending
102579,139494,18555,Paid
109997,91834,121870,Partial
100059,135825,131286,Paid
106998,121871,88668,Paid
102230,47902,26015,Partial
109179,94268,83511,Pending
108663,89191,106860,Partial
100881,114704,11898,Partial
105164,56019,138267,Pending
105980,59143,90128,Partial
109605,58315,117403,Paid
106367,104012,66649,Pending
106261,87695,95238,Partial
103949,128578,64904,Partial
107862,104293,41434,Paid
108453,127112,19939,Pending
109313,65589,15961,Pending
101888,85787,126955,Partial
104608,35057,146599,Partial
104424,70648,80569,Paid
106594,76636,46845,Paid
107336,135117,79727,Pending
101379,91240,90195,Partial
102257,131887,33118,Pending
105335,56025,59946,Pending
103849,145631,84607,Partial
101658,47049,59720,Pending
101505,47392,147106,Partial
109643,97884,103420,Paid
102783,132949,39892,Pending
109734,37339,129446,Partial
100215,64674,130422,Pending
106110,84187,101844,Pending
100885,48970,78161,Partial
100320,142354,34777,Partial
102976,118061,89671,Partial
101782,53124,54866,Partial
104784,100183,84101,Paid
102175,67440,108933,Paid
107839,84586,117799,Partial
107574,139139,64051,Pending
101566,51665,48506,Paid
104649,65071,60973,Paid
105715,67965,10307,Paid
105616,95881,82890,Paid
103229,74462,91687,Partial
102130,84933,145786,Paid
104658,49031,97361,Paid
108179,142292,42277,Pending
106402,111739,23177,Partial
105113,110530,35725,Pending
102684,32994,131370,Partial
105988,136836,75324,Paid
100514,42557,101270,Pending
103603,89485,134694,Partial
101539,121914,50705,Paid
106484,136373,127908,Partial
100085,86899,121211,Pending
102972,82023,112326,Paid
107161,105486,75979,Partial
104717,80409,25566,Paid
106341,37941,101403,Pending
106998,38216,67980,Paid
104881,110530,24516,Pending
105994,77138,19911,Paid
107607,67242,121315,Partial
104809,137804,22791,Paid
107694,66339,128158,Pending
107268,56275,91682,Paid
102092,58859,149015,Paid
107622,83671,94084,Paid
109714,48548,131041,Paid
103606,132260,108999,Paid
100417,48859,103927,Pending
108924,63456,63872,Pending
100564,108999,108120,Pending
105484,68598,118784,Partial
102634,107088,113610,Partial
102304,122441,122584,Partial
106225,48386,14417,Paid
109451,118887,12462,Pending
101274,97626,64448,Pending
104493,144075,138147,Pending
105069,146597,148292,Paid
100348,30297,130849,Paid
103410,65292,21680,Paid
103506,123198,74434,Partial
108929,48940,95286,Paid
109998,65904,80431,Partial
103090,47154,147526,Paid
106845,83860,119945,Partial
104522,136362,10917,Paid
102484,100595,36451,Paid
104910,98660,70302,Paid
104287,51840,102310,Pending
106638,146234,107680,Paid
106049,66676,72367,Partial
108633,75716,27721,Pending
102188,42739,147359,Partial
105143,143343,10985,Pending
100588,85779,124762,Paid
107314,74887,131403,Partial
104367,148392,40632,Pending
108832,135929,137445,Paid
106166,101622,102736,Paid
100674,88714,81475,Paid
106351,83305,38735,Pending
108443,121921,44288,Partial
108441,103304,114626,Pending
100113,77004,121102,Pending
108473,68815,78317,Paid
106986,134514,102903,Partial
104498,84277,94275,Partial
106971,133905,70319,Pending
109061,65601,133305,Pending
108649,72839,68994,Pending
105700,72315,128978,Pending
106920,46261,39522,Paid
104816,148764,149924,Partial
106284,103150,94514,Paid
100804,120874,80762,Pending
103832,113156,19784,Pending
101901,116308,69735,Partial
100076,38747,79741,Pending
101417,133849,82636,Partial
103120,55085,144249,Paid
103414,67524,27159,Partial
108365,122726,78317,Partial
109606,138817,132278,Paid
108571,36220,63339,Partial
102559,133085,47156,Pending
102127,98400,99042,Pending
102949,35646,24247,Partial
108801,109482,149699,Pending
106973,132163,58218,Paid
106101,38673,131965,Partial
101294,91089,128352,Pending
102530,138710,101337,Pending
100539,100865,124350,Pending
103679,106575,19715,Pending
109164,103363,119729,Pending
102141,138551,84129,Partial
105627,88703,146200,Partial
108738,117021,128868,Paid
107862,108631,58447,Partial
105068,142697,90732,Pending
107974,74796,26486,Partial
105009,83558,112956,Paid
103782,78325,127615,Pending
108258,119836,98084,Pending
106367,80531,52747,Partial
108891,108207,32261,Pending
109027,31312,78445,Partial
108757,86294,49842,Pending
102026,147250,33663,Pending
100051,100299,145708,Paid
107474,113754,112671,Paid
105700,43984,55458,Pending
105472,124452,130963,Partial
108460,145743,78999,Pending
108069,87057,59943,Partial
104730,130220,28033,Pending
106658,52747,77690,Paid
108692,40617,50710,Pending
109867,64775,130516,Paid
103306,37445,87028,Pending
100575,104739,84805,Paid
101518,102692,68299,Paid
101511,66820,17981,Paid
108431,89986,147934,Paid
105772,47779,110439,Pending
100045,112689,45442,Partial
104801,145168,76569,Paid
109986,55645,16129,Paid
104891,76212,101655,Partial
104448,136803,106810,Pending
108089,133792,19648,Partial
105251,75000,54142,Partial
105076,79762,132308,Pending
106505,57757,74594,Partial
105980,124673,100651,Paid
107727,82305,146704,Partial
109996,79289,93696,Paid
106036,72654,83909,Partial
102654,135530,130568,Paid
105580,102912,123329,Paid
109331,137734,109143,Partial
108256,88236,41753,Paid
100590,43297,68689,Paid
104023,40334,84498,Pending
109190,80503,135565,Pending
109062,89407,29894,Pending
106387,100321,35435,Paid
109483,138287,108599,Partial
106052,129152,68035,Partial
106507,72892,117222,Partial
105502,126052,140609,Partial
102449,95163,25582,Partial
106313,123259,13765,Paid
106380,113380,103932,Pending
103167,149644,61543,Pending
107138,120738,117404,Partial
101138,67414,120804,Paid
107570,127505,55425,Pending
109648,39001,126320,Pending
100150,81611,21652,Paid
100156,32986,130716,Partial
106765,141661,29655,Pending
108475,149200,126781,Pending
108581,68959,41718,Pending
100421,79429,91720,Partial
107132,75400,131961,Partial
102420,139523,122222,Partial
108147,81072,35378,Paid
106109,35634,48580,Paid
108123,50965,124075,Paid
106193,79398,135217,Partial
103587,77997,28385,Paid
100670,36047,49552,Partial
104014,100460,132225,Paid
108729,108727,34011,Pending
102447,117109,12913,Pending
106073,142159,85500,Partial
103935,110511,22962,Partial
101558,50274,132594,Paid
101087,130944,38864,Paid
105851,133738,128821,Pending
106351,84731,43788,Partial
109533,81210,118870,Paid
108376,146441,104002,Partial
109238,77028,144758,Pending
108160,39634,121368,Paid
106627,44564,67478,Partial
107175,67031,111203,Paid
100371,101198,89004,Paid
105652,86398,48632,Partial
105076,76334,44669,Pending
102044,78364,88957,Pending
103912,110590,81420,Partial
108102,96492,13487,Partial
101592,118937,106225,Partial
106327,76898,137935,Paid
104463,84482,26631,Paid
101684,59728,83939,Paid
108928,149389,114844,Paid
107095,126159,122859,Partial
103682,33309,34039,Partial
109284,81451,56205,Paid
109541,73747,81027,Paid
102545,133042,48459,Pending
109626,76775,53950,Partial
109668,113952,33765,Paid
108109,137928,68083,Paid
100528,74778,87079,Paid
106022,92506,123249,Paid
104079,90067,76267,Pending
104776,137114,130227,Pending
108105,48923,14556,Pending
100045,83108,14321,Partial
109556,49590,132911,Partial
109549,135775,139692,Partial
100380,33506,118477,Partial
100709,89728,101918,Partial
106021,64804,18225,Partial
105774,46050,94841,Partial
101312,31877,117043,Pending
109403,139574,51263,Partial
100395,94883,75664,Partial
108191,143081,118291,Pending
102284,61457,96587,Paid
102595,147417,55847,Partial
101302,58717,59189,Pending
109931,120835,133633,Pending
102890,92748,50068,Pending
101585,122981,40050,Partial
106998,127077,53874,Partial
104532,57710,52872,Partial
104797,139870,110426,Paid
104072,121076,49644,Paid
104390,58470,133063,Pending
108630,102414,32117,Pending
100143,146882,28849,Pending
100355,65134,58689,Partial
103564,37538,20076,Paid
107089,47110,46646,Pending
100797,43312,128628,Paid
109163,147595,72881,Pending
107493,101097,105979,Partial
101886,139269,110322,Partial
106987,63998,143501,Partial
101318,33245,43350,Paid
108201,144551,98199,Pending
102549,46786,22010,Paid
105800,47238,138880,Paid
106150,127781,122531,Pending
109956,130985,81561,Partial
107058,99588,132781,Partial
102242,59755,73477,Paid
105211,105904,140014,Pending
104320,148291,58033,Partial
101881,61664,140294,Partial
101773,54294,104215,Paid
108733,47640,102144,Partial
106091,96760,80421,Partial
104124,149046,120471,Pending
107090,51798,148901,Partial
101685,82507,102039,Paid
109961,140586,58383,Pending
106116,31857,78807,Partial
105745,127116,79087,Paid
104833,64700,85727,Pending
106118,148385,57059,Pending
104014,81180,131692,Paid
101459,133765,112777,Partial
103206,66253,13683,Paid
105813,85806,66894,Paid
109873,99992,100412,Pending
101130,43853,95345,Pending
106183,145113,12315,Partial
105197,111352,114114,Pending
108242,80397,23829,Paid
104107,63327,31400,Pending
102287,114599,119000,Paid
102707,125975,109121,Pending
107566,146793,128339,Pending
109054,74042,124771,Paid
107272,72939,54871,Pending
100274,71830,60292,Partial
104454,146626,78545,Partial
107505,105446,60602,Partial
106556,139502,42617,Paid
108597,95360,104923,Partial
103882,49873,61952,Pending
101820,107007,28713,Partial
105322,109395,80823,Pending
108647,34291,31483,Partial
109373,110286,102555,Paid
105745,70605,132281,Pending
104860,36902,14089,Pending
102523,39556,130448,Pending
105918,37345,48761,Paid
100389,118520,96881,Pending
105026,73267,13637,Partial
105377,136289,32855,Partial
103033,110380,117645,Pending
102869,121720,68598,Partial
108192,44942,47857,Partial
102426,108383,102824,Partial
100585,89279,36936,Paid
102859,127080,97425,Paid
107431,78157,121535,Paid
107260,139229,22126,Pending
102921,67562,86346,Partial
100681,102733,58632,Paid
108281,127018,99334,Pending
108698,43628,72299,Partial
102682,103773,76803,Pending
102260,107198,66080,Pending
105896,120373,100286,Partial
100245,103967,12183,Pending
102047,137716,134047,Pending
109827,44428,103802,Pending
106535,97982,121694,Paid
105377,118022,136140,Paid
105133,75314,68394,Pending
107350,84348,63511,Paid
107538,60683,102304,Partial
100718,96964,81412,Partial
104928,52032,38330,Partial
103350,53781,31330,Paid
107891,67109,137325,Pending
108394,136805,14171,Paid
104862,129963,137134,Partial
101355,136979,141332,Paid
102243,129539,67527,Paid
102495,73179,34409,Partial
105942,42587,91369,Partial
106441,111737,58265,Partial
108220,107416,110719,Paid
103862,36554,94288,Paid
102647,62335,144006,Partial
109947,58913,137695,Partial
106183,53358,148682,Pending
109088,30172,16524,Pending
102251,61182,147050,Partial
106708,50121,119493,Partial
106078,106612,64628,Partial
102603,105107,136326,Pending
105951,74358,17507,Partial
100517,54711,78348,Partial
102307,140237,49772,Partial
105842,105243,10139,Paid
104041,59090,132356,Paid
104486,141473,77246,Paid
106548,79503,133046,Pending
105970,137066,94515,Partial
104749,32098,85580,Pending
105776,111238,99375,Partial
107606,53211,136155,Paid
107005,104054,102784,Paid
104962,117403,130407,Partial
107111,143081,104494,Pending
107720,80378,85903,Pending
108654,148496,130141,Partial
107628,105829,145101,Paid
108180,141632,49391,Partial
104888,93663,41555,Partial
100748,88954,114832,Pending
109918,120777,12157,Paid
106837,133439,112871,Partial
106349,115623,57137,Partial
109722,68423,124006,Partial
109329,105338,41334,Partial
103851,119691,44486,Pending
105388,81300,25810,Paid
106226,143203,104964,Pending
100201,61483,46718,Paid
100255,123838,82981,Pending
101609,100069,102636,Paid
101991,87242,13636,Paid
109622,63762,104279,Partial
108957,141697,111553,Paid
102376,81473,102354,Pending
108627,48042,16861,Pending
109747,59674,87596,Partial
104884,77215,84073,Pending
101467,138605,133832,Pending
105059,57415,36014,Paid
109082,89882,126054,Paid
104359,69115,16902,Pending
108861,52882,61734,Partial
104935,122637,79610,Paid
102950,111538,147156,Pending
102060,143570,10500,Partial
108896,66200,69604,Paid
108797,117571,80704,Partial
100808,93731,59699,Paid
100592,148806,118299,Pending
101866,110248,77216,Pending
108546,78957,142459,Paid
104841,149675,33283,Paid
105528,124339,39129,Paid
108447,128754,67816,Partial
109257,115735,108656,Pending
100586,58084,101513,Partial
108304,136651,69349,Pending
103511,58315,61412,Partial
100772,59689,91629,Pending
109706,36541,111838,Partial
107700,115294,57437,Paid
100353,56035,89792,Paid
102759,120452,38697,Paid
108516,145578,128934,Pending
108355,98726,89778,Pending
104841,132260,47589,Partial
107360,60796,17850,Partial
109940,60017,37367,Pending
109618,45171,22973,Pending
105522,42625,129946,Pending
107973,143149,100517,Pending
106220,108910,49204,Pending
104755,74580,37717,Partial
108274,48191,79896,Pending
106337,55007,20030,Pending
102544,112780,25438,Paid
107522,77158,115219,Paid
108732,61252,74094,Paid
105126,31840,41931,Pending
106992,80304,131666,Pending
100905,110377,65328,Paid
102292,53539,117433,Partial
102134,97142,60724,Pending
102521,56445,120749,Pending
106781,52068,67758,Pending
107511,35486,22324,Paid
108607,56648,39662,Partial
105647,56624,17215,Partial
103383,102147,68602,Paid
106327,112173,30119,Pending
103249,108295,59702,Pending
107785,51293,24692,Pending
106142,122836,33849,Pending
107250,128306,75117,Partial
100231,81506,34467,Paid
109451,51125,119108,Pending
108822,143837,113775,Pending
102120,61697,12899,Paid
108805,83793,76960,Partial
104344,109720,118916,Partial
100526,130812,66526,Partial
104290,65276,59302,Paid
100590,141470,11688,Partial
106335,143029,59087,Partial
101066,92915,111687,Pending
109165,112806,125644,Partial
109332,38588,111809,Partial
102279,61790,94863,Paid
103134,100972,134126,Pending
105493,100145,59391,Pending
107709,149944,35623,Partial
102159,91408,112621,Pending
108355,142406,94627,Pending
104485,111358,89557,Paid
101079,121304,27614,Partial
104774,93421,57580,Partial
107578,128601,47276,Pending
101599,62349,102516,Partial
100884,88752,43364,Pending
104739,112398,116234,Paid
102545,148893,13883,Pending
109253,55830,29706,Partial
100342,35256,143011,Pending
101328,44631,56903,Paid
107993,66319,90576,Paid
109094,112839,11455,Partial
100581,68069,29628,Pending
103603,57301,115943,Paid
101296,77278,109487,Paid
101973,131361,93476,Pending
102922,106521,17855,Partial
109396,92799,99456,Pending
103603,74878,111730,Partial
109437,84491,104363,Partial
106733,144108,88051,Partial
102104,33975,53597,Paid
105360,88639,95666,Partial
101036,37254,47214,Paid
103564,116256,139247,Partial
104032,68131,82857,Partial
103932,94005,23872,Partial
100668,125425,91602,Pending
101218,120003,124013,Pending
100464,31664,141192,Partial
109402,60348,34596,Pending
106436,124524,69316,Paid
102759,94224,144269,Paid
105507,100623,108626,Paid
101953,73579,77035,Paid
101045,130225,34096,Pending
107977,119511,111400,Pending
109396,146272,101341,Pending
104495,53752,64543,Partial
105974,30774,72908,Pending
107826,83033,95626,Pending
100867,121212,34978,Partial
108525,44203,74651,Paid
108078,86241,69337,Paid
108521,72045,103892,Partial
108718,115577,32862,Pending
105062,136375,80965,Paid
105305,137071,113459,Pending
105185,48957,42485,Partial
106020,137564,92315,Paid
107688,128780,27354,Paid
108901,47375,17211,Paid
102734,61645,18539,Paid
108341,51559,122325,Pending
104426,142486,40900,Paid
108151,114965,101674,Paid
104443,73520,123674,Pending
102679,140004,48308,Partial
102772,41105,121143,Paid
107248,36757,132536,Partial
105729,51337,116426,Paid
102636,34619,59050,Partial
100555,31212,140385,Paid
102388,103597,66310,Partial
104017,82913,96916,Pending
106397,35829,38806,Pending
107845,41840,41180,Partial
105419,48067,109419,Partial
106200,117288,38527,Pending
107522,31739,92848,Pending
106748,132551,132566,Paid
103047,112929,57531,Paid
104883,104447,13481,Partial
109212,41363,142984,Paid
104459,99273,105305,Paid
100773,61152,73506,Partial
106426,79604,121718,Pending
109177,62467,26939,Partial
105175,81419,72239,Pending
103198,79919,49584,Partial
100990,30941,116660,Partial
108774,50754,50485,Paid
102225,42372,104613,Partial
102329,106207,140666,Pending
107581,69539,112447,Partial
108606,47928,60509,Pending
100865,60025,61749,Partial
104067,121537,58249,Partial
104747,66465,81202,Paid
108939,103967,94708,Pending
100349,141314,145206,Partial
109006,37337,72426,Paid
109934,128756,112491,Paid
108435,111311,64993,Paid
104236,74114,42340,Partial
106044,82867,144631,Partial
103978,69184,38801,Paid
106119,68851,138209,Partial
101465,109213,54755,Partial
105447,105848,66582,Paid
104591,72144,145776,Paid
100102,130658,96159,Paid
104464,116580,41099,Paid
105491,70396,83369,Paid
109912,38155,40098,Paid
107148,86879,84892,Paid
100909,146495,38312,Paid
103145,148571,116934,Pending
103431,123421,107383,Paid
109799,67734,77397,Pending
104248,122006,87069,Partial
108973,130873,104938,Partial
109374,73106,89803,Paid
107875,79609,106207,Paid
102210,129073,88755,Paid
108987,129676,115030,Pending
108819,86436,65851,Partial
107468,88374,73894,Pending
101012,124493,148132,Pending
100461,47404,128325,Pending
106938,75596,104175,Paid
109588,67611,31065,Pending
104616,109476,148225,Partial
103562,64714,85486,Partial
100223,97988,52928,Pending
102529,126403,68344,Partial
106401,82643,79898,Partial
108744,100238,55623,Pending
101246,112067,112005,Pending
101862,60270,142856,Paid
104837,81231,55104,Paid
103593,76662,25653,Pending
106632,149481,139450,Paid
109985,83926,123434,Paid
104399,41393,114720,Pending
108098,82331,125438,Partial
104971,117306,36244,Partial
103432,51834,15868,Partial
104776,42990,51321,Pending
106399,64742,54635,Paid
103574,40604,64433,Paid
107192,109460,13960,Pending
105360,62025,133940,Partial
105808,132922,10779,Partial
107412,84858,96396,Paid
106054,99262,110029,Paid
108207,30358,88641,Partial
106643,52616,113530,Partial
106404,35204,148558,Pending
106817,65485,55693,Paid
103068,143727,88649,Partial
101110,82934,38785,Pending
105303,62674,94261,Pending
106737,77115,104287,Paid
101095,95292,11417,Paid
105904,46618,82705,Paid
103739,61388,88778,Paid
106977,85700,96345,Pending
103475,83188,139293,Partial
102965,47509,74028,Pending
101193,43179,93392,Pending
109089,92399,85312,Partial
104477,78614,139635,Pending
102765,107961,107450,Partial
100003,58047,52247,Paid
100188,129618,59187,Pending
106078,48114,103553,Paid
108536,56954,94075,Paid
106038,134079,148559,Pending
106857,69989,44651,Paid
105459,114090,105148,Pending
104493,102728,33695,Pending
102462,74344,13866,Paid
101330,147095,76614,Paid
103097,111528,42290,Pending
101207,41335,35061,Paid
100498,95148,16211,Partial
103068,142855,29063,Pending
106768,97555,131219,Partial
107882,68334,62287,Paid
105691,73225,87459,Pending
107498,90008,18498,Paid
109506,52335,114915,Paid
101997,121639,54748,Paid
106856,138872,31191,Pending
103873,38308,12812,Pending
100476,84009,139914,Partial
105871,149393,87812,Partial
107810,75553,69232,Paid
101234,67674,83099,Partial
100995,117018,135029,Paid
101828,98491,40386,Pending
105418,85628,80683,Pending
104307,51852,43950,Paid
109203,81924,106557,Paid
104982,55190,86418,Paid
107111,128007,144221,Paid
108038,145526,54119,Paid
106225,147618,38080,Paid
103218,139019,121863,Partial
107556,92371,71739,Paid
104066,145667,99049,Paid
106108,32635,120723,Paid
108390,118020,96297,Paid
106960,122412,122182,Paid
105747,32633,133133,Paid
102345,126330,38903,Paid
103332,115595,123635,Pending
109178,94409,127194,Pending
101395,85578,135732,Partial
106600,30197,134829,Paid
100360,118686,116072,Paid
103920,88577,122936,Pending
103122,87463,30061,Paid
103998,46617,121694,Paid
104834,34888,10677,Pending
103248,115502,61485,Paid
105463,145645,100565,Partial
102366,63120,39747,Paid
108929,129814,82857,Paid
100015,77376,143654,Paid
105308,129630,27370,Paid
106409,31133,56909,Partial
103268,105212,39498,Pending
106854,122817,128070,Partial
104145,69147,120360,Pending
102064,43240,49923,Partial
102636,148136,84965,Partial
104200,96492,25003,Paid
107355,101765,117895,Partial
107000,61391,20147,Partial
108015,55944,64135,Pending
106133,108939,90373,Paid
104643,135877,46048,Pending
103406,30312,132451,Paid
109300,142431,130750,Partial
106537,72711,99867,Partial
109070,113312,58907,Partial
103167,119532,110273,Paid
100098,110402,145289,Pending
109545,72363,53989,Paid
104832,90655,109709,Paid
103005,100938,36808,Paid
108992,143992,107733,Partial
101910,44944,82671,Paid
100249,100637,85975,Partial
107773,120438,122008,Paid
100700,96782,70225,Paid
104604,101973,50066,Pending
107696,98773,52942,Pending
107109,125765,110755,Partial
102267,126427,73471,Paid
107422,148706,10738,Paid
105294,61810,34243,Paid
106998,136622,49922,Pending
103508,71222,139702,Partial
107685,130741,21804,Partial
103032,104710,112646,Partial
105124,90906,41072,Partial
105834,147621,77065,Partial
103207,37783,16210,Partial
107291,113860,124745,Paid
108809,83332,26216,Paid
101775,90611,42341,Pending
107261,83517,65343,Paid
101199,113964,94572,Pending
109773,78958,37601,Paid
105502,30826,79391,Pending
103335,115703,24478,Paid
101905,139530,23549,Paid
109531,149572,49168,Paid
109443,62121,80345,Partial
104163,124393,27649,Pending
105438,89226,37180,Pending
105734,79335,54032,Paid
109799,141638,15691,Pending
104243,145225,19583,Pending
101740,53681,10430,Paid
103583,106392,74611,Partial
107325,137537,136669,Paid
102787,76474,78183,Paid
100345,130973,28316,Partial
109347,86164,61250,Paid
104847,148849,99281,Pending
102096,34296,24517,Partial
106499,61228,72581,Paid
101552,100067,48757,Pending
104065,69487,125317,Partial
105222,107852,139662,Paid
106390,41276,79559,Paid
100760,31886,64956,Partial
109636,85401,10053,Pending
100628,115310,59093,Partial
106868,128715,74958,Pending
101202,35063,140674,Paid
105846,112632,25784,Partial
108404,48018,17443,Partial
104296,94052,124324,Paid
100419,136380,30461,Pending
106596,115906,37977,Paid
106620,42016,110689,Pending
107001,62597,101490,Pending
105051,76587,82469,Partial
104478,86488,22586,Partial
106610,45563,18156,Pending
103784,61116,102188,Partial
107309,103267,30272,Paid
109959,43956,123979,Pending
100648,134469,33703,Pending
101165,60147,12958,Paid
102737,63097,125488,Partial
106352,79044,103645,Pending
108887,32129,26450,Paid
103503,108075,92613,Partial
105224,124693,37557,Pending
101594,95674,13821,Partial
102617,114099,16685,Paid
107403,149770,120878,Paid
108877,65386,73785,Paid
106858,32913,94322,Partial
107208,111658,60846,Partial
101140,142955,74172,Paid
104434,106720,74528,Partial
104823,119031,39654,Pending
109275,94647,51463,Paid
102063,132588,47153,Paid
106129,140513,18205,Pending
100788,47640,139375,Partial
100445,67489,84062,Partial
100105,76921,25805,Partial
107317,124338,140858,Partial
108263,122708,17792,Paid
103038,93776,99084,Paid
100960,92811,68617,Paid
105845,98489,95276,Paid
100500,141449,144521,Partial
104727,82792,92015,Partial
105521,33552,118531,Partial
108169,55017,73363,Partial
100781,50980,133163,Partial
106017,98812,147001,Partial
104663,84644,104067,Partial
101169,89394,55603,Paid
106288,70429,62333,Pending
102774,142558,110507,Paid
106061,113880,82293,Partial
103423,112459,124840,Paid
107123,85713,148299,Paid
108303,112766,129612,Paid
108269,68418,20915,Partial
102329,70952,128663,Partial
108945,94950,113018,Partial
101088,63198,122008,Pending
108948,67295,93129,Partial
109715,55446,88164,Partial
106452,148445,132560,Pending
104949,127293,20256,Paid
108956,72376,26655,Pending
105467,124213,134385,Paid
103481,47078,35016,Partial
107589,117984,111610,Pending
102106,71994,29020,Paid
106213,142181,54006,Pending
101388,62463,64749,Paid
100111,75172,142890,Partial
103690,148425,71404,Pending
104434,82629,90159,Paid
109557,92193,18991,Paid
103714,100304,123969,Paid
108696,142801,76163,Partial
105855,140462,136914,Partial
107398,43182,99496,Pending
104087,120632,53588,Pending
107007,115883,27133,Paid
108184,114026,52411,Paid
105128,41252,15190,Pending
109883,98866,38658,Pending
107214,93133,72229,Partial
105499,40410,130772,Paid
108112,121135,97265,Partial
105178,107501,18487,Paid
104813,65513,79800,Partial
104383,146623,146179,Pending
108257,135679,132829,Paid
102959,33834,45246,Paid
106543,108483,93051,Paid
101575,41813,116034,Pending
102734,124479,94011,Pending
107209,88668,11580,Pending
101103,132535,120033,Partial
100484,128974,134849,Partial
109298,68314,62538,Partial
103028,68701,105959,Paid
104928,73010,90949,Paid
104245,84241,102493,Paid
103867,119793,14305,Partial
105430,144806,53270,Partial
100569,113400,141613,Partial
105787,51883,46764,Partial
104150,31319,21724,Paid
101504,149250,82151,Pending
102041,121096,21946,Pending
108516,31527,104391,Pending
109098,120096,69574,Pending
103210,86131,68776,Paid
107152,48101,82796,Pending
104783,33856,93103,Partial
101369,30983,30873,Partial
106103,37563,92829,Paid
100278,76378,27017,Paid
108351,35883,40086,Paid
106800,143595,27305,Partial
100699,123254,63355,Partial
103259,98109,95999,Partial
105002,78923,29571,Paid
100525,137250,70180,Paid
107411,74215,129933,Paid
101778,101541,136444,Paid
105506,78919,41164,Partial
103609,103755,93610,Paid
107105,88204,129351,Pending
108847,66743,134496,Pending
107995,79952,13747,Partial
101557,85127,134881,Pending
107463,46124,143150,Pending
105507,84912,69505,Partial
107110,98668,61526,Pending
107594,75670,84315,Pending
101154,127772,45327,Partial
103859,46758,62480,Partial
102162,130167,61552,Pending
107024,137791,115833,Paid
107933,79879,44295,Paid
108795,33183,31313,Pending
103803,144368,96637,Partial
108376,104386,146580,Pending
104655,38184,77620,Pending
106403,69814,31590,Partial
104909,68408,121729,Partial
106481,112858,77610,Paid
104643,146702,68317,Paid
108584,113902,43665,Partial
100550,31628,42725,Paid
100374,105613,147844,Paid
103193,128691,116683,Partial
104434,76537,123527,Pending
109189,144473,61554,Pending
107275,90107,123397,Paid
106579,93056,95098,Partial
107082,93655,84378,Partial
102071,132778,56558,Paid
102892,78218,140732,Partial
101057,149931,35228,Paid
105079,102720,32613,Paid
102110,61779,59131,Pending
107081,45798,136465,Pending
108656,107271,135736,Pending
101084,140076,36335,Partial
106300,48383,30380,Paid
109539,46859,24975,Pending
104247,87873,62155,Partial
106896,109503,27255,Partial
106660,33950,119160,Pending
100966,61062,19923,Partial
103458,66101,57881,Pending
105212,131801,133814,Paid
101105,80438,104107,Paid
102241,137807,58671,Pending
105135,76612,10312,Partial
105323,90936,131085,Paid
108528,99454,50549,Pending
109063,93239,110155,Partial
102703,35003,101187,Partial
107930,118966,70966,Pending
100322,60082,119648,Paid
108273,110470,57419,Pending
100741,128579,87089,Pending
100916,103402,41035,Paid
102063,134282,62098,Paid
105338,114579,107235,Pending
106067,123951,52429,Paid
106065,86954,123073,Partial
102513,140694,27318,Pending
104088,97819,24307,Pending
109723,110498,141794,Pending
101024,99689,136149,Paid
101654,119994,52862,Paid
104821,83692,30143,Paid
104881,91090,117583,Pending
106275,77711,50485,Pending
108643,48101,42238,Partial
107762,103271,94005,Partial
101762,75793,34035,Pending
101618,79995,123615,Pending
102412,121033,18497,Partial
101133,36041,51867,Partial
109408,114744,44800,Partial
104618,65030,14117,Paid
104297,37832,39303,Paid
107025,147271,10273,Pending
105509,58919,94462,Pending
109685,41637,120150,Pending
103077,142981,43589,Partial
108952,62016,88035,Pending
100286,36218,30276,Pending
100592,53979,39872,Paid
102550,134164,36260,Paid
105111,48579,26925,Partial
102031,41701,61716,Paid
100738,133808,53063,Paid
105040,41397,89526,Pending
106633,41493,65278,Partial
107013,78184,117542,Partial
106914,136041,14673,Paid
106884,97385,52246,Paid
107851,62467,23895,Paid
107748,104577,32597,Pending
108947,83137,27298,Paid
101738,135918,110367,Pending
104043,92156,62315,Paid
104964,114492,127768,Pending
105257,55837,68279,Partial
106880,110647,34915,Paid
102381,40207,57936,Partial
108880,89241,133814,Pending
108832,145098,65520,Paid
100232,90453,138145,Pending
103166,47515,75025,Pending
104049,64851,67310,Partial
103252,96165,64952,Partial
102044,99842,32516,Paid
104428,128940,15780,Pending
109034,126319,149147,Partial
103272,138003,136292,Paid
100956,101458,77771,Partial
105376,67512,22082,Pending
109678,58447,103849,Pending
103940,128435,51755,Pending
103622,116583,74592,Paid
106999,72700,72099,Pending
102367,92528,65374,Paid
107386,130225,50747,Partial
101968,83898,102407,Paid
106033,56343,72540,Pending
105998,111400,149115,Pending
105418,49128,128703,Partial
100338,146547,71301,Paid
109918,56803,109566,Pending
105848,59033,115781,Partial
103537,95228,50122,Paid
104726,101583,134103,Partial
108950,91215,71966,Partial
104278,130074,15470,Partial
105332,30319,63365,Paid
107508,46135,83693,Pending
107232,56884,96876,Pending
101578,44532,48913,Paid
104730,123796,141893,Pending
108693,98942,98511,Partial
105580,68833,45908,Pending
103781,35744,31502,Paid
101525,72739,48761,Partial
108901,145480,64450,Partial
101619,71365,13324,Pending
100858,57827,16051,Partial
105374,99591,105663,Paid
104069,122476,13352,Pending
100750,124394,64321,Partial
107537,124514,131436,Paid
100896,115799,141560,Partial
105970,143524,92543,Partial
105709,134408,116652,Pending
100125,64698,79077,Pending
106288,62197,48335,Paid
109723,131060,11383,Partial
106489,149359,100098,Pending
101474,68586,11805,Paid
105325,115760,119402,Partial
101349,126004,65636,Pending
103240,111232,74064,Partial
109084,93010,138462,Paid
100655,63009,44284,Pending
109096,108597,42976,Partial
108889,140105,146071,Partial
103824,61564,91739,Pending
107026,31491,51713,Pending
109607,106456,138584,Partial
102581,37948,29688,Paid
104051,80402,25096,Paid
107011,126128,60773,Pending
106448,35469,83331,Paid
103975,78799,148373,Paid
100386,140217,52438,Paid
105670,85248,104629,Paid
100307,47962,84108,Pending
102671,132189,144120,Partial
101268,53011,142454,Paid
108644,61429,119162,Paid
103802,95816,51612,Paid
106471,138996,87479,Paid
105684,102466,32728,Pending
104972,121347,137211,Partial
104698,125428,106597,Pending
107980,115662,30683,Pending
107434,63295,72530,Partial
100307,69546,140011,Paid
108557,102199,144774,Pending
102712,51871,134521,Pending
105721,45029,26826,Paid
101781,30735,77832,Partial
101366,79412,90298,Partial
101750,144970,147099,Paid
104480,61219,126413,Paid
105391,81099,113307,Partial
105016,134144,94589,Partial
109153,96514,80654,Pending
101084,143664,103807,Pending
107530,121445,80772,Partial
103056,99387,130544,Partial
105991,141687,82267,Paid
104770,107942,101231,Pending
108636,36416,137404,Paid
106110,125413,108127,Paid
104401,88547,25010,Paid
101384,31592,103976,Paid
105359,110359,114833,Partial
102805,112136,148239,Partial
105298,45180,134706,Pending
107208,92987,82797,Pending
100101,90644,56921,Partial
100173,40112,15406,Pending
102812,124223,43431,Paid
108150,31058,41116,Pending
103420,96152,114963,Paid
105243,120092,48123,Partial
100506,35509,115877,Partial
106155,44491,36178,Paid
102684,92549,22179,Paid
107760,75199,119362,Pending
103365,41397,31717,Partial
104088,86696,12284,Partial
102699,75275,123317,Pending
103878,74635,17186,Partial
106101,30556,37615,Paid
104013,66696,121326,Pending
106668,61302,84588,Pending
109550,72319,69218,Paid
108339,108642,69561,Paid
106031,99084,92180,Paid
108912,44281,30772,Pending
102391,134952,40881,Partial
102860,125173,90176,Pending
102159,49876,142703,Paid
106770,58032,93257,Pending
101964,61991,57499,Pending
107302,82261,27402,Pending
109967,40825,126045,Paid
107935,71468,95483,Paid
108547,92414,60688,Pending
109832,101374,124464,Paid
102718,36599,44799,Paid
106927,49405,47901,Partial
108649,96917,75315,Paid
106714,49687,78825,Pending
100704,140094,88908,Partial
106318,85243,87283,Paid
105177,108520,50440,Pending
104898,102764,91202,Partial
104004,71383,117952,Paid
106571,77635,20390,Paid
103783,60177,14937,Partial
101540,100889,126586,Paid
102444,43102,87611,Pending
104481,79323,88370,Pending
105258,144200,110155,Partial
100886,34608,31003,Pending
101304,55978,37727,Paid
105041,59564,28318,Partial
105892,122908,69514,Partial
103516,33390,111236,Pending
105474,132312,31791,Partial
108199,81953,31224,Partial
105958,140250,101464,Pending
102647,53072,61186,Paid
103820,95191,129770,Pending
107561,73892,76366,Paid
105883,49701,132064,Paid
101660,139099,109966,Pending
107703,52451,35152,Paid
108305,114107,15910,Partial
105775,102210,65669,Paid
106949,67452,19048,Paid
104976,106755,104234,Paid
102862,97494,110848,Paid
101699,95799,130776,Partial
109291,94554,44693,Paid
103175,34252,119919,Paid
108021,77436,52662,Paid
101271,116183,145044,Partial
101355,45657,143964,Pending
100443,124442,98755,Pending
101630,51092,21070,Partial
106866,103584,107235,Pending
107767,122227,102562,Paid
108324,103809,131237,Pending
108593,91433,35706,Paid
109689,93688,73793,Pending
106628,54576,99999,Partial
103598,119209,52705,Pending
108090,144997,44890,Pending
104163,84590,64343,Paid
105736,61260,36454,Paid
102547,66939,121011,Paid
103076,76279,92010,Pending
109788,88360,63827,Partial
101369,40603,64371,Partial
102414,97505,135971,Paid
104451,39249,119333,Pending
107562,144041,25092,Partial
105343,128702,87692,Paid
106775,107251,14149,Partial
109755,141564,30753,Pending
101773,145099,144396,Pending
100727,57247,109990,Pending
103712,93032,133492,Pending
100873,84828,50154,Paid
106865,123792,59534,Paid
103444,126924,83772,Partial
101471,141792,48586,Pending
100650,116812,86274,Partial
107274,84328,134730,Pending
104136,65830,17404,Pending
105920,79294,18367,Paid
108430,114068,138687,Paid
108157,121547,94495,Paid
101580,107038,59426,Pending
101143,57624,109004,Partial
106205,98644,107082,Partial
109442,104615,91198,Partial
103807,31267,28374,Partial
104512,127456,53890,Partial
108472,126522,86705,Pending
108241,106259,99769,Paid
104196,55772,28453,Paid
107039,71985,119725,Partial
103998,101662,48412,Pending
101663,47816,95739,Partial
102250,121660,108914,Pending
102793,107462,58636,Pending
108985,88509,114357,Partial
101556,62520,36848,Paid
105868,63368,118098,Partial
109026,117502,102192,Pending
102051,50568,106802,Partial
108266,99201,136612,Paid
106703,142487,131597,Partial
108162,119605,40042,Pending
101604,105312,139859,Partial
102958,32195,121745,Partial
101611,44540,108014,Paid
103664,69121,17375,Pending
109300,89751,128231,Pending
109478,33948,74652,Partial
106183,37100,121105,Paid
108928,101689,33085,Partial
102610,46965,10092,Partial
102032,35723,86992,Paid
103521,87647,102579,Pending
100677,130393,49415,Paid
106313,48638,86433,Pending
100829,82201,95651,Pending
106276,58552,82909,Pending
107308,101578,69067,Paid
100311,34522,17211,Pending
109893,54829,41954,Partial
108341,127655,113602,Paid
107380,69043,15369,Paid
108361,51895,31614,Paid
104202,111730,129134,Paid
103432,72995,124683,Partial
105957,127410,64688,Paid
101189,123471,98428,Pending
103957,141695,129155,Partial
102905,93739,90376,Paid
101832,68867,144869,Paid
107327,113452,63328,Partial
106988,57408,58995,Partial
101387,86193,63779,Paid
100494,47212,116200,Partial
106380,128689,70298,Paid
107800,142285,10092,Pending
103320,37439,34200,Partial
105083,64838,15647,Paid
108633,145388,62055,Partial
103154,117877,26185,Partial
102709,132297,10441,Pending
105991,98161,23149,Paid
107477,95651,49883,Paid
101712,30136,12062,Pending
104784,99953,107563,Partial
107703,41153,17816,Paid
106159,145368,39694,Pending
